{"type": "FeatureCollection", "features": [{"type": "Feature", "properties": {"osm_id": 111984769, "building": "yes"}, "geometry": {"type": "Polygon", "coordinates": [[[76.7737475, 30.7312578], [76.7736592, 30.7313633], [76.7744221, 30.731835], [76.7745104, 30.7317294], [76.7737475, 30.7312578]]]}}, {"type": "Feature", "properties": {"osm_id": 111984770, "building": "yes"}, "geometry": {"type": "Polygon", "coordinates": [[[76.7731828, 30.7301915], [76.7734767, 30.7303768], [76.7737089, 30.7301047], [76.773415, 30.7299194], [76.7731828, 30.7301915]]]}}, {"type": "Feature", "properties": {"osm_id": 111984771, "building": "yes"}, "geometry": {"type": "Polygon", "coordinates": [[[76.7738276, 30.7305134], [76.7739457, 30.730584], [76.774025, 30.7304862], [76.773907, 30.7304155], [76.7738276, 30.7305134]]]}}, {"type": "Feature", "properties": {"osm_id": 111984772, "building": "yes"}, "geometry": {"type": "Polygon", "coordinates": [[[76.7749515, 30.7333352], [76.7750558, 30.7333992], [76.775317, 30.7330848], [76.7752127, 30.7330208], [76.7749515, 30.7333352]]]}}, {"type": "Feature", "properties": {"osm_id": 111984773, "building": "yes"}, "geometry": {"type": "Polygon", "coordinates": [[[76.7729627, 30.7325239], [76.7729154, 30.7325821], [76.7730496, 30.7326627], [76.7730969, 30.7326045], [76.7729627, 30.7325239]]]}}, {"type": "Feature", "properties": {"osm_id": 111984775, "building": "yes"}, "geometry": {"type": "Polygon", "coordinates": [[[76.7743034, 30.7341128], [76.7744077, 30.7341768], [76.774669, 30.7338624], [76.7745647, 30.7337984], [76.7743034, 30.7341128]]]}}, {"type": "Feature", "properties": {"osm_id": 111984776, "building": "yes"}, "geometry": {"type": "Polygon", "coordinates": [[[76.7735369, 30.7316254], [76.7742371, 30.7320521], [76.7743193, 30.7319524], [76.7736191, 30.7315257], [76.7735369, 30.7316254]]]}}, {"type": "Feature", "properties": {"osm_id": 111984777, "building": "yes"}, "geometry": {"type": "Polygon", "coordinates": [[[76.7759397, 30.7351444], [76.7766844, 30.7342629], [76.7765449, 30.7341759], [76.7758002, 30.7350573], [76.7759397, 30.7351444]]]}}, {"type": "Feature", "properties": {"osm_id": 111984778, "building": "yes"}, "geometry": {"type": "Polygon", "coordinates": [[[76.7687285, 30.7270394], [76.768582, 30.7272133], [76.7724929, 30.7296486], [76.7726394, 30.7294748], [76.7687285, 30.7270394]]]}}, {"type": "Feature", "properties": {"osm_id": 111984779, "building": "yes"}, "geometry": {"type": "Polygon", "coordinates": [[[76.7728163, 30.733167], [76.7729627, 30.7332523], [76.7731915, 30.7329625], [76.7730452, 30.7328771], [76.7728163, 30.733167]]]}}, {"type": "Feature", "properties": {"osm_id": 111984781, "building": "yes"}, "geometry": {"type": "Polygon", "coordinates": [[[76.7739994, 30.7306608], [76.7744676, 30.7309519], [76.7746412, 30.7307455], [76.774173, 30.7304544], [76.7739994, 30.7306608]]]}}, {"type": "Feature", "properties": {"osm_id": 111984782, "building": "yes"}, "geometry": {"type": "Polygon", "coordinates": [[[76.7760888, 30.7357325], [76.7764285, 30.7359458], [76.7765126, 30.7358468], [76.7761729, 30.7356335], [76.7760888, 30.7357325]]]}}, {"type": "Feature", "properties": {"osm_id": 111984783, "building": "yes"}, "geometry": {"type": "Polygon", "coordinates": [[[76.7763046, 30.7324718], [76.7763475, 30.732498], [76.7764287, 30.7323997], [76.7763858, 30.7323736], [76.7763046, 30.7324718]]]}}, {"type": "Feature", "properties": {"osm_id": 111984784, "building": "yes"}, "geometry": {"type": "Polygon", "coordinates": [[[76.7729142, 30.7299222], [76.7730971, 30.7300457], [76.7732247, 30.7299061], [76.7730418, 30.7297826], [76.7729142, 30.7299222]]]}}, {"type": "Feature", "properties": {"osm_id": 111984786, "building": "yes"}, "geometry": {"type": "Polygon", "coordinates": [[[76.7727967, 30.732353], [76.7728589, 30.7323899], [76.7729279, 30.732304], [76.7728658, 30.7322671], [76.7727967, 30.732353]]]}}, {"type": "Feature", "properties": {"osm_id": 111984787, "building": "yes"}, "geometry": {"type": "Polygon", "coordinates": [[[76.7751925, 30.7311091], [76.7748233, 30.7308768], [76.7746624, 30.7310658], [76.7750316, 30.7312981], [76.7751925, 30.7311091]]]}}, {"type": "Feature", "properties": {"osm_id": 111984788, "building": "yes"}, "geometry": {"type": "Polygon", "coordinates": [[[76.7655626, 30.7304126], [76.7657759, 30.7305407], [76.7661923, 30.7300284], [76.765979, 30.7299003], [76.7655626, 30.7304126]]]}}, {"type": "Feature", "properties": {"osm_id": 111984790, "building": "yes"}, "geometry": {"type": "Polygon", "coordinates": [[[76.7751157, 30.7334198], [76.7758577, 30.7338869], [76.7759528, 30.7337753], [76.7752108, 30.7333082], [76.7751157, 30.7334198]]]}}, {"type": "Feature", "properties": {"osm_id": 111984791, "building": "yes"}, "geometry": {"type": "Polygon", "coordinates": [[[76.7729796, 30.7321752], [76.77403, 30.732813], [76.7741246, 30.7326979], [76.7730743, 30.7320601], [76.7729796, 30.7321752]]]}}, {"type": "Feature", "properties": {"osm_id": 111984792, "building": "yes"}, "geometry": {"type": "Polygon", "coordinates": [[[76.7763779, 30.7342026], [76.7764667, 30.7340993], [76.7762986, 30.7339925], [76.7762098, 30.7340959], [76.7763779, 30.7342026]]]}}, {"type": "Feature", "properties": {"osm_id": 111984793, "building": "yes"}, "geometry": {"type": "Polygon", "coordinates": [[[76.7731756, 30.7327289], [76.7732194, 30.7327555], [76.7733118, 30.7326431], [76.773268, 30.7326165], [76.7731756, 30.7327289]]]}}, {"type": "Feature", "properties": {"osm_id": 111984794, "building": "yes"}, "geometry": {"type": "Polygon", "coordinates": [[[76.7680417, 30.7275036], [76.7682459, 30.7276277], [76.7685708, 30.7272328], [76.7683667, 30.7271087], [76.7680417, 30.7275036]]]}}, {"type": "Feature", "properties": {"osm_id": 111984795, "building": "yes", "name": "Indian Oil"}, "geometry": {"type": "Polygon", "coordinates": [[[76.7760984, 30.7369298], [76.776162, 30.7368528], [76.7760116, 30.736761], [76.775948, 30.7368379], [76.7760984, 30.7369298]]]}}, {"type": "Feature", "properties": {"osm_id": 111984796, "building": "yes"}, "geometry": {"type": "Polygon", "coordinates": [[[76.7701689, 30.7345246], [76.7700622, 30.7344258], [76.7696607, 30.7347463], [76.7694906, 30.734882], [76.7695974, 30.7349808], [76.7697607, 30.7348505], [76.7701689, 30.7345246]]]}}, {"type": "Feature", "properties": {"osm_id": 111984797, "building": "yes"}, "geometry": {"type": "Polygon", "coordinates": [[[76.7757195, 30.7343913], [76.7759808, 30.7340814], [76.7758635, 30.7340083], [76.7756023, 30.7343183], [76.7757195, 30.7343913]]]}}, {"type": "Feature", "properties": {"osm_id": 111984798, "building": "yes"}, "geometry": {"type": "Polygon", "coordinates": [[[76.7754683, 30.7312785], [76.7752945, 30.7314856], [76.777533, 30.7328576], [76.7777085, 30.7326441], [76.7754683, 30.7312785]]]}}, {"type": "Feature", "properties": {"osm_id": 111984799, "building": "yes"}, "geometry": {"type": "Polygon", "coordinates": [[[76.7775112, 30.7343241], [76.7775593, 30.734268], [76.7774232, 30.7341818], [76.7773751, 30.734238], [76.7775112, 30.7343241]]]}}, {"type": "Feature", "properties": {"osm_id": 111984800, "building": "yes"}, "geometry": {"type": "Polygon", "coordinates": [[[76.7739045, 30.7310837], [76.7738162, 30.7311893], [76.7745791, 30.7316609], [76.7746675, 30.7315553], [76.7739045, 30.7310837]]]}}, {"type": "Feature", "properties": {"osm_id": 111984801, "building": "yes"}, "geometry": {"type": "Polygon", "coordinates": [[[76.7683664, 30.7361605], [76.7685294, 30.736263], [76.7685724, 30.7362124], [76.7684094, 30.7361099], [76.7683664, 30.7361605]]]}}, {"type": "Feature", "properties": {"osm_id": 111984802, "building": "yes"}, "geometry": {"type": "Polygon", "coordinates": [[[76.7727571, 30.7323918], [76.7727097, 30.7324501], [76.7728439, 30.7325307], [76.7728913, 30.7324724], [76.7727571, 30.7323918]]]}}, {"type": "Feature", "properties": {"osm_id": 111984803, "building": "yes"}, "geometry": {"type": "Polygon", "coordinates": [[[76.767307, 30.7284064], [76.7674718, 30.7285007], [76.7676119, 30.7283197], [76.7674471, 30.7282254], [76.767307, 30.7284064]]]}}, {"type": "Feature", "properties": {"osm_id": 111984804, "building": "yes"}, "geometry": {"type": "Polygon", "coordinates": [[[76.7700628, 30.7340053], [76.7704465, 30.7343702], [76.7705397, 30.7342978], [76.770156, 30.7339328], [76.7700628, 30.7340053]]]}}, {"type": "Feature", "properties": {"osm_id": 111984805, "building": "yes"}, "geometry": {"type": "Polygon", "coordinates": [[[76.774961, 30.7336194], [76.775703, 30.7340865], [76.7757981, 30.7339749], [76.7750561, 30.7335077], [76.774961, 30.7336194]]]}}, {"type": "Feature", "properties": {"osm_id": 111984806, "building": "yes"}, "geometry": {"type": "Polygon", "coordinates": [[[76.7746275, 30.7337215], [76.7747318, 30.7337855], [76.7749931, 30.7334711], [76.7748888, 30.7334071], [76.7746275, 30.7337215]]]}}, {"type": "Feature", "properties": {"osm_id": 111984807, "building": "yes"}, "geometry": {"type": "Polygon", "coordinates": [[[76.7761476, 30.7352833], [76.7768922, 30.7344019], [76.7767527, 30.7343148], [76.7760081, 30.7351962], [76.7761476, 30.7352833]]]}}, {"type": "Feature", "properties": {"osm_id": 111984809, "building": "yes"}, "geometry": {"type": "Polygon", "coordinates": [[[76.7755636, 30.7322655], [76.7756062, 30.7322922], [76.7756985, 30.7321832], [76.7756559, 30.7321565], [76.7755636, 30.7322655]]]}}, {"type": "Feature", "properties": {"osm_id": 111984810, "building": "yes"}, "geometry": {"type": "Polygon", "coordinates": [[[76.7687715, 30.7357474], [76.768621, 30.7359307], [76.7687469, 30.736007], [76.7688974, 30.7358238], [76.7687715, 30.7357474]]]}}, {"type": "Feature", "properties": {"osm_id": 111984812, "building": "yes", "name": "Kiran Cinema"}, "geometry": {"type": "Polygon", "coordinates": [[[76.7712399, 30.7337893], [76.7714841, 30.7335634], [76.7713354, 30.7334346], [76.7710879, 30.7336432], [76.7712399, 30.7337893]]]}}, {"type": "Feature", "properties": {"osm_id": 111984813, "building": "yes"}, "geometry": {"type": "Polygon", "coordinates": [[[76.7787751, 30.7333208], [76.7780811, 30.7328857], [76.7779127, 30.7330841], [76.7786067, 30.7335192], [76.7787751, 30.7333208]]]}}, {"type": "Feature", "properties": {"osm_id": 111984814, "building": "yes"}, "geometry": {"type": "Polygon", "coordinates": [[[76.7731355, 30.7331085], [76.7741597, 30.7337481], [76.7742613, 30.7336279], [76.7732371, 30.7329883], [76.7731355, 30.7331085]]]}}, {"type": "Feature", "properties": {"osm_id": 111984815, "building": "yes"}, "geometry": {"type": "Polygon", "coordinates": [[[76.7727968, 30.7320674], [76.7729272, 30.7321467], [76.7738364, 30.7310417], [76.773706, 30.7309624], [76.7733506, 30.7313943], [76.7727968, 30.7320674]]]}}, {"type": "Feature", "properties": {"osm_id": 111984816, "building": "yes"}, "geometry": {"type": "Polygon", "coordinates": [[[76.7759976, 30.7339719], [76.7762588, 30.733662], [76.7761416, 30.733589], [76.7758803, 30.7338989], [76.7759976, 30.7339719]]]}}, {"type": "Feature", "properties": {"osm_id": 111984817, "building": "yes"}, "geometry": {"type": "Polygon", "coordinates": [[[76.7711487, 30.733514], [76.7712891, 30.7334056], [76.7708564, 30.7329915], [76.7707159, 30.7330999], [76.7711487, 30.733514]]]}}, {"type": "Feature", "properties": {"osm_id": 111984818, "building": "yes"}, "geometry": {"type": "Polygon", "coordinates": [[[76.7740537, 30.7339249], [76.7741741, 30.7340007], [76.7744153, 30.733718], [76.774295, 30.7336421], [76.7740537, 30.7339249]]]}}, {"type": "Feature", "properties": {"osm_id": 111984819, "building": "yes"}, "geometry": {"type": "Polygon", "coordinates": [[[76.7767502, 30.7361841], [76.7778933, 30.7348507], [76.7776869, 30.73472], [76.7765438, 30.7360534], [76.7767502, 30.7361841]]]}}, {"type": "Feature", "properties": {"osm_id": 111984820, "building": "yes"}, "geometry": {"type": "Polygon", "coordinates": [[[76.7638757, 30.7329085], [76.764039, 30.7328467], [76.7638896, 30.7325549], [76.7637263, 30.7326167], [76.7638757, 30.7329085]]]}}, {"type": "Feature", "properties": {"osm_id": 111984821, "building": "yes"}, "geometry": {"type": "Polygon", "coordinates": [[[76.7731309, 30.7319812], [76.7741812, 30.732619], [76.7742758, 30.7325039], [76.7732255, 30.7318661], [76.7731309, 30.7319812]]]}}, {"type": "Feature", "properties": {"osm_id": 111984822, "building": "yes"}, "geometry": {"type": "Polygon", "coordinates": [[[76.7751042, 30.731254], [76.775345, 30.731408], [76.7754602, 30.731275], [76.7752194, 30.7311209], [76.7751042, 30.731254]]]}}, {"type": "Feature", "properties": {"osm_id": 111984823, "building": "yes"}, "geometry": {"type": "Polygon", "coordinates": [[[76.7752893, 30.7328579], [76.775608, 30.7324716], [76.7754748, 30.7323904], [76.7751561, 30.7327767], [76.7752893, 30.7328579]]]}}, {"type": "Feature", "properties": {"osm_id": 111984824, "building": "yes"}, "geometry": {"type": "Polygon", "coordinates": [[[76.7753967, 30.7347849], [76.7756579, 30.734475], [76.7755407, 30.7344019], [76.7752794, 30.7347118], [76.7753967, 30.7347849]]]}}, {"type": "Feature", "properties": {"osm_id": 111984825, "building": "yes"}, "geometry": {"type": "Polygon", "coordinates": [[[76.7766024, 30.7357221], [76.7766493, 30.7356671], [76.7765344, 30.7355946], [76.7764874, 30.7356496], [76.7766024, 30.7357221]]]}}, {"type": "Feature", "properties": {"osm_id": 111984827, "building": "yes"}, "geometry": {"type": "Polygon", "coordinates": [[[76.7711811, 30.732251], [76.7717552, 30.732597], [76.7718506, 30.73248], [76.7715943, 30.7323255], [76.7717005, 30.7321953], [76.7715786, 30.7321218], [76.7714355, 30.7322972], [76.7713982, 30.7322747], [76.7714147, 30.7322545], [76.7713863, 30.7322374], [76.7714017, 30.7322185], [76.771345, 30.7321843], [76.7713728, 30.7321503], [76.7714329, 30.7321866], [76.7715184, 30.7320817], [76.7713849, 30.7320012], [76.7711811, 30.732251]]]}}, {"type": "Feature", "properties": {"osm_id": 111984828, "building": "yes"}, "geometry": {"type": "Polygon", "coordinates": [[[76.7779912, 30.7347314], [76.7788404, 30.7337419], [76.7786355, 30.733612], [76.7777863, 30.7346015], [76.7779912, 30.7347314]]]}}, {"type": "Feature", "properties": {"osm_id": 111984829, "building": "yes"}, "geometry": {"type": "Polygon", "coordinates": [[[76.7746373, 30.7340159], [76.7753793, 30.734483], [76.7754744, 30.7343714], [76.7747324, 30.7339043], [76.7746373, 30.7340159]]]}}, {"type": "Feature", "properties": {"osm_id": 111984831, "building": "yes"}, "geometry": {"type": "Polygon", "coordinates": [[[76.7674623, 30.7282075], [76.7676666, 30.7283327], [76.7681841, 30.7277083], [76.7679797, 30.7275832], [76.7674623, 30.7282075]]]}}, {"type": "Feature", "properties": {"osm_id": 111984832, "building": "yes"}, "geometry": {"type": "Polygon", "coordinates": [[[76.7758837, 30.7328031], [76.7759263, 30.7328301], [76.7760169, 30.7327248], [76.7759743, 30.7326978], [76.7758837, 30.7328031]]]}}, {"type": "Feature", "properties": {"osm_id": 111984834, "building": "yes"}, "geometry": {"type": "Polygon", "coordinates": [[[76.7724565, 30.7311472], [76.7726836, 30.7312818], [76.7733532, 30.7304466], [76.773126, 30.7303121], [76.7724565, 30.7311472]]]}}, {"type": "Feature", "properties": {"osm_id": 111984835, "building": "yes"}, "geometry": {"type": "Polygon", "coordinates": [[[76.7754537, 30.7364157], [76.7758299, 30.7366493], [76.7759163, 30.7365465], [76.77554, 30.7363129], [76.7754537, 30.7364157]]]}}, {"type": "Feature", "properties": {"osm_id": 111984836, "building": "yes"}, "geometry": {"type": "Polygon", "coordinates": [[[76.7687088, 30.7357079], [76.7685998, 30.7356437], [76.7682445, 30.7360892], [76.7683535, 30.7361534], [76.7687088, 30.7357079]]]}}, {"type": "Feature", "properties": {"osm_id": 111984837, "building": "yes"}, "geometry": {"type": "Polygon", "coordinates": [[[76.7666594, 30.7291674], [76.7668733, 30.7292971], [76.7674819, 30.7285555], [76.767268, 30.7284257], [76.7666594, 30.7291674]]]}}, {"type": "Feature", "properties": {"osm_id": 111984839, "building": "yes"}, "geometry": {"type": "Polygon", "coordinates": [[[76.775096, 30.7349072], [76.776017, 30.735491], [76.7761116, 30.7353808], [76.7751906, 30.7347969], [76.775096, 30.7349072]]]}}, {"type": "Feature", "properties": {"osm_id": 111984840, "building": "yes"}, "geometry": {"type": "Polygon", "coordinates": [[[76.7730045, 30.7332712], [76.7740286, 30.7339108], [76.7741302, 30.7337906], [76.773106, 30.7331511], [76.7730045, 30.7332712]]]}}, {"type": "Feature", "properties": {"osm_id": 111984841, "building": "yes"}, "geometry": {"type": "Polygon", "coordinates": [[[76.7687678, 30.7357106], [76.7694236, 30.7348898], [76.7692788, 30.7348043], [76.768623, 30.7356251], [76.7687678, 30.7357106]]]}}, {"type": "Feature", "properties": {"osm_id": 111984842, "building": "yes"}, "geometry": {"type": "Polygon", "coordinates": [[[76.7752772, 30.7332196], [76.7760192, 30.7336867], [76.7761143, 30.7335751], [76.7753723, 30.733108], [76.7752772, 30.7332196]]]}}, {"type": "Feature", "properties": {"osm_id": 111984844, "building": "yes"}, "geometry": {"type": "Polygon", "coordinates": [[[76.7734029, 30.7318114], [76.7741031, 30.7322381], [76.7741853, 30.7321384], [76.7734851, 30.7317117], [76.7734029, 30.7318114]]]}}, {"type": "Feature", "properties": {"osm_id": 111984845, "building": "yes"}, "geometry": {"type": "Polygon", "coordinates": [[[76.7747996, 30.7338196], [76.7755416, 30.7342867], [76.7756367, 30.7341751], [76.7748947, 30.7337079], [76.7747996, 30.7338196]]]}}, {"type": "Feature", "properties": {"osm_id": 111984846, "building": "yes"}, "geometry": {"type": "Polygon", "coordinates": [[[76.7663791, 30.7294792], [76.7665587, 30.7295845], [76.7666468, 30.7294734], [76.7664672, 30.7293681], [76.7663791, 30.7294792]]]}}, {"type": "Feature", "properties": {"osm_id": 111984847, "building": "yes"}, "geometry": {"type": "Polygon", "coordinates": [[[76.7638104, 30.7330938], [76.7643133, 30.7329029], [76.7642586, 30.7327965], [76.7637557, 30.7329874], [76.7638104, 30.7330938]]]}}, {"type": "Feature", "properties": {"osm_id": 111984848, "building": "yes"}, "geometry": {"type": "Polygon", "coordinates": [[[76.7744758, 30.7342161], [76.7752178, 30.7346832], [76.775313, 30.7345716], [76.774571, 30.7341045], [76.7744758, 30.7342161]]]}}, {"type": "Feature", "properties": {"osm_id": 111984849, "building": "yes"}, "geometry": {"type": "Polygon", "coordinates": [[[76.7750803, 30.7327636], [76.7752893, 30.7324941], [76.7751578, 30.7324188], [76.7749488, 30.7326883], [76.7750803, 30.7327636]]]}}, {"type": "Feature", "properties": {"osm_id": 111984850, "building": "yes"}, "geometry": {"type": "Polygon", "coordinates": [[[76.7698423, 30.7341597], [76.7697552, 30.7342515], [76.7699757, 30.7344059], [76.7700628, 30.7343141], [76.7698423, 30.7341597]]]}}, {"type": "Feature", "properties": {"osm_id": 111984851, "building": "yes"}, "geometry": {"type": "Polygon", "coordinates": [[[76.7640603, 30.7322865], [76.7642707, 30.7324113], [76.7657077, 30.7306217], [76.7654973, 30.7304969], [76.7640603, 30.7322865]]]}}, {"type": "Feature", "properties": {"osm_id": 111984853, "building": "yes"}, "geometry": {"type": "Polygon", "coordinates": [[[76.77719, 30.7333499], [76.777233, 30.7333763], [76.7773191, 30.7332724], [76.7772761, 30.7332461], [76.77719, 30.7333499]]]}}, {"type": "Feature", "properties": {"osm_id": 111984854, "building": "yes"}, "geometry": {"type": "Polygon", "coordinates": [[[76.7722573, 30.7314308], [76.7725186, 30.7315835], [76.7727043, 30.7313487], [76.772443, 30.731196], [76.7722573, 30.7314308]]]}}, {"type": "Feature", "properties": {"osm_id": 111984855, "building": "yes"}, "geometry": {"type": "Polygon", "coordinates": [[[76.7735717, 30.7306837], [76.7736376, 30.7307245], [76.77373, 30.7306139], [76.7736641, 30.7305732], [76.7735717, 30.7306837]]]}}, {"type": "Feature", "properties": {"osm_id": 111984856, "building": "yes"}, "geometry": {"type": "Polygon", "coordinates": [[[76.7765482, 30.7340157], [76.776637, 30.7339124], [76.7764689, 30.7338056], [76.7763801, 30.7339089], [76.7765482, 30.7340157]]]}}, {"type": "Feature", "properties": {"osm_id": 111984857, "building": "yes"}, "geometry": {"type": "Polygon", "coordinates": [[[76.7741815, 30.7323279], [76.7743236, 30.7324157], [76.7749245, 30.731697], [76.7747824, 30.7316092], [76.7741815, 30.7323279]]]}}, {"type": "Feature", "properties": {"osm_id": 111984858, "building": "yes"}, "geometry": {"type": "Polygon", "coordinates": [[[76.7762894, 30.7327933], [76.7763317, 30.7328203], [76.7764191, 30.732719], [76.7763768, 30.732692], [76.7762894, 30.7327933]]]}}, {"type": "Feature", "properties": {"osm_id": 111984859, "building": "yes"}, "geometry": {"type": "Polygon", "coordinates": [[[76.7700709, 30.733914], [76.7706669, 30.7332193], [76.7705458, 30.7331425], [76.7699498, 30.7338373], [76.7700709, 30.733914]]]}}, {"type": "Feature", "properties": {"osm_id": 111984860, "building": "yes"}, "geometry": {"type": "Polygon", "coordinates": [[[76.7765974, 30.7341128], [76.7769422, 30.7343374], [76.7770249, 30.7342436], [76.77668, 30.7340191], [76.7765974, 30.7341128]]]}}, {"type": "Feature", "properties": {"osm_id": 129774464, "building": "yes"}, "geometry": {"type": "Polygon", "coordinates": [[[76.7796319, 30.7397129], [76.7791814, 30.7402485], [76.7793483, 30.7403522], [76.7797988, 30.7398165], [76.7796319, 30.7397129]]]}}, {"type": "Feature", "properties": {"osm_id": 129774473, "building": "yes"}, "geometry": {"type": "Polygon", "coordinates": [[[76.7797033, 30.7380561], [76.7799965, 30.7382378], [76.7800566, 30.7381662], [76.7797635, 30.7379844], [76.7797033, 30.7380561]]]}}, {"type": "Feature", "properties": {"osm_id": 129774489, "building": "yes"}, "geometry": {"type": "Polygon", "coordinates": [[[76.7789862, 30.7397258], [76.7789085, 30.7398234], [76.7792164, 30.7400041], [76.779294, 30.7399065], [76.7789862, 30.7397258]]]}}, {"type": "Feature", "properties": {"osm_id": 129774493, "building": "yes"}, "geometry": {"type": "Polygon", "coordinates": [[[76.7791836, 30.738861], [76.779514, 30.7390675], [76.7796225, 30.7389393], [76.7792921, 30.7387328], [76.7791836, 30.738861]]]}}, {"type": "Feature", "properties": {"osm_id": 129774499, "building": "yes"}, "geometry": {"type": "Polygon", "coordinates": [[[76.7786933, 30.7399258], [76.7791739, 30.7393579], [76.7790207, 30.7392622], [76.7785402, 30.7398301], [76.7786933, 30.7399258]]]}}, {"type": "Feature", "properties": {"osm_id": 129774510, "building": "yes"}, "geometry": {"type": "Polygon", "coordinates": [[[76.7765685, 30.7392934], [76.7767562, 30.739416], [76.7770016, 30.7391385], [76.7768139, 30.7390159], [76.7765685, 30.7392934]]]}}, {"type": "Feature", "properties": {"osm_id": 129774525, "building": "yes"}, "geometry": {"type": "Polygon", "coordinates": [[[76.7771316, 30.7395386], [76.7777248, 30.7388094], [76.7775705, 30.7387167], [76.7769773, 30.7394459], [76.7771316, 30.7395386]]]}}, {"type": "Feature", "properties": {"osm_id": 129774529, "building": "yes"}, "geometry": {"type": "Polygon", "coordinates": [[[76.7792264, 30.7394095], [76.7796484, 30.7396579], [76.7797345, 30.7395498], [76.7793125, 30.7393015], [76.7792264, 30.7394095]]]}}, {"type": "Feature", "properties": {"osm_id": 390018010, "building": "yes"}, "geometry": {"type": "Polygon", "coordinates": [[[76.7772051, 30.7330216], [76.777248, 30.7330477], [76.7773292, 30.7329495], [76.7772863, 30.7329233], [76.7772051, 30.7330216]]]}}, {"type": "Feature", "properties": {"osm_id": 390018015, "building": "yes"}, "geometry": {"type": "Polygon", "coordinates": [[[76.772726, 30.7328151], [76.7726786, 30.7328734], [76.7728128, 30.732954], [76.7728602, 30.7328957], [76.772726, 30.7328151]]]}}, {"type": "Feature", "properties": {"osm_id": 390018018, "building": "yes"}, "geometry": {"type": "Polygon", "coordinates": [[[76.776544, 30.7354286], [76.776591, 30.7353736], [76.776476, 30.7353011], [76.7764291, 30.735356], [76.776544, 30.7354286]]]}}, {"type": "Feature", "properties": {"osm_id": 390018019, "building": "yes"}, "geometry": {"type": "Polygon", "coordinates": [[[76.7775336, 30.7335605], [76.7775766, 30.7335868], [76.7776627, 30.733483], [76.7776198, 30.7334567], [76.7775336, 30.7335605]]]}}, {"type": "Feature", "properties": {"osm_id": 390018021, "building": "yes"}, "geometry": {"type": "Polygon", "coordinates": [[[76.77665, 30.7332898], [76.7766926, 30.7333168], [76.7767832, 30.7332115], [76.7767406, 30.7331844], [76.77665, 30.7332898]]]}}, {"type": "Feature", "properties": {"osm_id": 390018022, "building": "yes"}, "geometry": {"type": "Polygon", "coordinates": [[[76.7767125, 30.733063], [76.7767548, 30.73309], [76.7768422, 30.7329887], [76.7767999, 30.7329617], [76.7767125, 30.733063]]]}}, {"type": "Feature", "properties": {"osm_id": 390018024, "building": "yes"}, "geometry": {"type": "Polygon", "coordinates": [[[76.7729831, 30.7324636], [76.7730452, 30.7325005], [76.7731142, 30.7324146], [76.7730521, 30.7323777], [76.7729831, 30.7324636]]]}}, {"type": "Feature", "properties": {"osm_id": 390018025, "building": "yes"}, "geometry": {"type": "Polygon", "coordinates": [[[76.7737012, 30.7330481], [76.773745, 30.7330747], [76.7738374, 30.7329623], [76.7737936, 30.7329357], [76.7737012, 30.7330481]]]}}, {"type": "Feature", "properties": {"osm_id": 390018028, "building": "yes"}, "geometry": {"type": "Polygon", "coordinates": [[[76.7776555, 30.7341557], [76.7777036, 30.7340995], [76.7775675, 30.7340134], [76.7775194, 30.7340695], [76.7776555, 30.7341557]]]}}, {"type": "Feature", "properties": {"osm_id": 390018029, "building": "yes"}, "geometry": {"type": "Polygon", "coordinates": [[[76.7743625, 30.7311725], [76.7744284, 30.7312132], [76.7745208, 30.7311027], [76.7744549, 30.731062], [76.7743625, 30.7311725]]]}}, {"type": "Feature", "properties": {"osm_id": 390018030, "building": "yes"}, "geometry": {"type": "Polygon", "coordinates": [[[76.7766963, 30.7356122], [76.7767432, 30.7355572], [76.7766282, 30.7354847], [76.7765813, 30.7355396], [76.7766963, 30.7356122]]]}}, {"type": "Feature", "properties": {"osm_id": 390018031, "building": "yes"}, "geometry": {"type": "Polygon", "coordinates": [[[76.7768818, 30.7331709], [76.7769241, 30.7331979], [76.7770115, 30.7330966], [76.7769692, 30.7330696], [76.7768818, 30.7331709]]]}}, {"type": "Feature", "properties": {"osm_id": 390018033, "building": "yes"}, "geometry": {"type": "Polygon", "coordinates": [[[76.7725203, 30.7326831], [76.7724729, 30.7327413], [76.7726071, 30.7328219], [76.7726545, 30.7327637], [76.7725203, 30.7326831]]]}}, {"type": "Feature", "properties": {"osm_id": 390018034, "building": "yes"}, "geometry": {"type": "Polygon", "coordinates": [[[76.7773743, 30.7337607], [76.7774173, 30.733787], [76.7775034, 30.7336831], [76.7774604, 30.7336568], [76.7773743, 30.7337607]]]}}, {"type": "Feature", "properties": {"osm_id": 390018035, "building": "yes"}, "geometry": {"type": "Polygon", "coordinates": [[[76.7746261, 30.7313354], [76.774692, 30.7313761], [76.7747844, 30.7312656], [76.7747185, 30.7312249], [76.7746261, 30.7313354]]]}}, {"type": "Feature", "properties": {"osm_id": 390018040, "building": "yes"}, "geometry": {"type": "Polygon", "coordinates": [[[76.7759466, 30.7325052], [76.7759891, 30.7325318], [76.7760814, 30.7324228], [76.7760389, 30.7323962], [76.7759466, 30.7325052]]]}}, {"type": "Feature", "properties": {"osm_id": 390018042, "building": "yes"}, "geometry": {"type": "Polygon", "coordinates": [[[76.7765619, 30.7326289], [76.7766048, 30.732655], [76.776686, 30.7325568], [76.7766431, 30.7325306], [76.7765619, 30.7326289]]]}}, {"type": "Feature", "properties": {"osm_id": 390018052, "building": "yes"}, "geometry": {"type": "Polygon", "coordinates": [[[76.7779881, 30.7340978], [76.7780362, 30.7340417], [76.7779001, 30.7339556], [76.777852, 30.7340117], [76.7779881, 30.7340978]]]}}, {"type": "Feature", "properties": {"osm_id": 390018054, "building": "yes"}, "geometry": {"type": "Polygon", "coordinates": [[[76.7761818, 30.7329924], [76.7762243, 30.7330194], [76.7763149, 30.7329141], [76.7762723, 30.732887], [76.7761818, 30.7329924]]]}}, {"type": "Feature", "properties": {"osm_id": 390018055, "building": "yes"}, "geometry": {"type": "Polygon", "coordinates": [[[76.7732194, 30.7327555], [76.7732632, 30.7327821], [76.7733556, 30.7326697], [76.7733118, 30.7326431], [76.7732194, 30.7327555]]]}}, {"type": "Feature", "properties": {"osm_id": 390018058, "building": "yes"}, "geometry": {"type": "Polygon", "coordinates": [[[76.7736376, 30.7307245], [76.7737035, 30.7307652], [76.7737959, 30.7306547], [76.77373, 30.7306139], [76.7736376, 30.7307245]]]}}, {"type": "Feature", "properties": {"osm_id": 390018061, "building": "yes"}, "geometry": {"type": "Polygon", "coordinates": [[[76.7766477, 30.7326812], [76.7766906, 30.7327074], [76.7767717, 30.7326092], [76.7767288, 30.732583], [76.7766477, 30.7326812]]]}}, {"type": "Feature", "properties": {"osm_id": 390018065, "building": "yes"}, "geometry": {"type": "Polygon", "coordinates": [[[76.7774473, 30.7347328], [76.7774942, 30.7346778], [76.7773792, 30.7346053], [76.7773323, 30.7346603], [76.7774473, 30.7347328]]]}}, {"type": "Feature", "properties": {"osm_id": 390018067, "building": "yes"}, "geometry": {"type": "Polygon", "coordinates": [[[76.7749556, 30.731539], [76.7750215, 30.7315798], [76.775114, 30.7314693], [76.7750481, 30.7314285], [76.7749556, 30.731539]]]}}, {"type": "Feature", "properties": {"osm_id": 390018069, "building": "yes"}, "geometry": {"type": "Polygon", "coordinates": [[[76.7775489, 30.733228], [76.7775919, 30.7332543], [76.777678, 30.7331505], [76.7776351, 30.7331241], [76.7775489, 30.733228]]]}}, {"type": "Feature", "properties": {"osm_id": 390018071, "building": "yes"}, "geometry": {"type": "Polygon", "coordinates": [[[76.7768726, 30.7350439], [76.7769195, 30.7349889], [76.7768046, 30.7349164], [76.7767576, 30.7349713], [76.7768726, 30.7350439]]]}}, {"type": "Feature", "properties": {"osm_id": 390018074, "building": "yes"}, "geometry": {"type": "Polygon", "coordinates": [[[76.7740078, 30.7332343], [76.7740516, 30.7332609], [76.774144, 30.7331485], [76.7741002, 30.7331219], [76.7740078, 30.7332343]]]}}, {"type": "Feature", "properties": {"osm_id": 390018075, "building": "yes"}, "geometry": {"type": "Polygon", "coordinates": [[[76.7770604, 30.734824], [76.7771073, 30.7347691], [76.7769923, 30.7346965], [76.7769454, 30.7347515], [76.7770604, 30.734824]]]}}, {"type": "Feature", "properties": {"osm_id": 390018079, "building": "yes"}, "geometry": {"type": "Polygon", "coordinates": [[[76.7770248, 30.7352275], [76.7770718, 30.7351725], [76.7769568, 30.7350999], [76.7769099, 30.7351549], [76.7770248, 30.7352275]]]}}, {"type": "Feature", "properties": {"osm_id": 390018081, "building": "yes"}, "geometry": {"type": "Polygon", "coordinates": [[[76.7750874, 30.7316205], [76.7751533, 30.7316612], [76.7752458, 30.7315507], [76.7751799, 30.73151], [76.7750874, 30.7316205]]]}}, {"type": "Feature", "properties": {"osm_id": 390018084, "building": "yes"}, "geometry": {"type": "Polygon", "coordinates": [[[76.7763946, 30.7331276], [76.7764372, 30.7331546], [76.7765277, 30.7330492], [76.7764852, 30.7330222], [76.7763946, 30.7331276]]]}}, {"type": "Feature", "properties": {"osm_id": 390018085, "building": "yes"}, "geometry": {"type": "Polygon", "coordinates": [[[76.7734384, 30.7328885], [76.7734822, 30.7329151], [76.7735746, 30.7328027], [76.7735308, 30.7327761], [76.7734384, 30.7328885]]]}}, {"type": "Feature", "properties": {"osm_id": 390018087, "building": "yes"}, "geometry": {"type": "Polygon", "coordinates": [[[76.7768629, 30.733425], [76.7769055, 30.733452], [76.776996, 30.7333467], [76.7769535, 30.7333196], [76.7768629, 30.733425]]]}}, {"type": "Feature", "properties": {"osm_id": 390018088, "building": "yes"}, "geometry": {"type": "Polygon", "coordinates": [[[76.7739671, 30.7309281], [76.774033, 30.7309688], [76.7741254, 30.7308583], [76.7740595, 30.7308176], [76.7739671, 30.7309281]]]}}, {"type": "Feature", "properties": {"osm_id": 390018091, "building": "yes"}, "geometry": {"type": "Polygon", "coordinates": [[[76.7768621, 30.7328121], [76.776905, 30.7328383], [76.7769861, 30.7327401], [76.7769432, 30.7327139], [76.7768621, 30.7328121]]]}}, {"type": "Feature", "properties": {"osm_id": 390018092, "building": "yes"}, "geometry": {"type": "Polygon", "coordinates": [[[76.7778959, 30.7338749], [76.777944, 30.7338187], [76.7778079, 30.7337326], [76.7777598, 30.7337888], [76.7778959, 30.7338749]]]}}, {"type": "Feature", "properties": {"osm_id": 390018097, "building": "yes"}, "geometry": {"type": "Polygon", "coordinates": [[[76.7770336, 30.7329168], [76.7770765, 30.732943], [76.7771577, 30.7328448], [76.7771148, 30.7328186], [76.7770336, 30.7329168]]]}}, {"type": "Feature", "properties": {"osm_id": 390018098, "building": "yes"}, "geometry": {"type": "Polygon", "coordinates": [[[76.7776996, 30.7344347], [76.7777477, 30.7343786], [76.7776116, 30.7342925], [76.7775635, 30.7343486], [76.7776996, 30.7344347]]]}}, {"type": "Feature", "properties": {"osm_id": 390018104, "building": "yes"}, "geometry": {"type": "Polygon", "coordinates": [[[76.7729154, 30.7325821], [76.772868, 30.7326404], [76.7730022, 30.732721], [76.7730496, 30.7326627], [76.7729154, 30.7325821]]]}}, {"type": "Feature", "properties": {"osm_id": 390018106, "building": "yes"}, "geometry": {"type": "Polygon", "coordinates": [[[76.7756913, 30.7323454], [76.7757338, 30.732372], [76.7758261, 30.732263], [76.7757836, 30.7322364], [76.7756913, 30.7323454]]]}}, {"type": "Feature", "properties": {"osm_id": 390018108, "building": "yes"}, "geometry": {"type": "Polygon", "coordinates": [[[76.7777637, 30.7333596], [76.7778067, 30.7333859], [76.7778928, 30.7332821], [76.7778499, 30.7332557], [76.7777637, 30.7333596]]]}}, {"type": "Feature", "properties": {"osm_id": 390018110, "building": "yes"}, "geometry": {"type": "Polygon", "coordinates": [[[76.7783247, 30.7337048], [76.7783728, 30.7336486], [76.7782367, 30.7335625], [76.7781886, 30.7336187], [76.7783247, 30.7337048]]]}}, {"type": "Feature", "properties": {"osm_id": 390018111, "building": "yes"}, "geometry": {"type": "Polygon", "coordinates": [[[76.7773618, 30.7334552], [76.7774048, 30.7334816], [76.7774909, 30.7333777], [76.777448, 30.7333514], [76.7773618, 30.7334552]]]}}, {"type": "Feature", "properties": {"osm_id": 390018113, "building": "yes"}, "geometry": {"type": "Polygon", "coordinates": [[[76.7764798, 30.7331816], [76.7765223, 30.7332087], [76.7766129, 30.7331033], [76.7765703, 30.7330763], [76.7764798, 30.7331816]]]}}, {"type": "Feature", "properties": {"osm_id": 390018115, "building": "yes"}, "geometry": {"type": "Polygon", "coordinates": [[[76.7765433, 30.7329551], [76.7765856, 30.7329821], [76.776673, 30.7328808], [76.7766307, 30.7328538], [76.7765433, 30.7329551]]]}}, {"type": "Feature", "properties": {"osm_id": 390018116, "building": "yes"}, "geometry": {"type": "Polygon", "coordinates": [[[76.773526, 30.7329417], [76.7735698, 30.7329683], [76.7736622, 30.7328559], [76.7736184, 30.7328293], [76.773526, 30.7329417]]]}}, {"type": "Feature", "properties": {"osm_id": 390018118, "building": "yes"}, "geometry": {"type": "Polygon", "coordinates": [[[76.7772951, 30.7345492], [76.777342, 30.7344942], [76.777227, 30.7344217], [76.7771801, 30.7344767], [76.7772951, 30.7345492]]]}}, {"type": "Feature", "properties": {"osm_id": 390018119, "building": "yes"}, "geometry": {"type": "Polygon", "coordinates": [[[76.7740989, 30.7310096], [76.7741648, 30.7310503], [76.7742572, 30.7309398], [76.7741913, 30.730899], [76.7740989, 30.7310096]]]}}, {"type": "Feature", "properties": {"osm_id": 390018120, "building": "yes"}, "geometry": {"type": "Polygon", "coordinates": [[[76.774402, 30.7334738], [76.7744458, 30.7335004], [76.7745382, 30.733388], [76.7744944, 30.7333614], [76.774402, 30.7334738]]]}}, {"type": "Feature", "properties": {"osm_id": 390018123, "building": "yes"}, "geometry": {"type": "Polygon", "coordinates": [[[76.7772025, 30.7336554], [76.7772454, 30.7336817], [76.7773316, 30.7335778], [76.7772886, 30.7335515], [76.7772025, 30.7336554]]]}}, {"type": "Feature", "properties": {"osm_id": 390018124, "building": "yes"}, "geometry": {"type": "Polygon", "coordinates": [[[76.7754169, 30.7318241], [76.7754828, 30.7318649], [76.7755753, 30.7317544], [76.7755094, 30.7317136], [76.7754169, 30.7318241]]]}}, {"type": "Feature", "properties": {"osm_id": 390018127, "building": "yes"}, "geometry": {"type": "Polygon", "coordinates": [[[76.7759263, 30.7328301], [76.7759689, 30.7328572], [76.7760594, 30.7327518], [76.7760169, 30.7327248], [76.7759263, 30.7328301]]]}}, {"type": "Feature", "properties": {"osm_id": 390018129, "building": "yes"}, "geometry": {"type": "Polygon", "coordinates": [[[76.7763904, 30.7325241], [76.7764333, 30.7325503], [76.7765144, 30.7324521], [76.7764715, 30.7324259], [76.7763904, 30.7325241]]]}}, {"type": "Feature", "properties": {"osm_id": 390018130, "building": "yes"}, "geometry": {"type": "Polygon", "coordinates": [[[76.7781364, 30.7335941], [76.7781845, 30.733538], [76.7780484, 30.7334519], [76.7780003, 30.733508], [76.7781364, 30.7335941]]]}}, {"type": "Feature", "properties": {"osm_id": 390018132, "building": "yes"}, "geometry": {"type": "Polygon", "coordinates": [[[76.777248, 30.7330477], [76.7772909, 30.7330739], [76.7773721, 30.7329757], [76.7773292, 30.7329495], [76.777248, 30.7330477]]]}}, {"type": "Feature", "properties": {"osm_id": 390018137, "building": "yes"}, "geometry": {"type": "Polygon", "coordinates": [[[76.776591, 30.7353736], [76.7766379, 30.7353187], [76.776523, 30.7352461], [76.776476, 30.7353011], [76.776591, 30.7353736]]]}}, {"type": "Feature", "properties": {"osm_id": 390018138, "building": "yes"}, "geometry": {"type": "Polygon", "coordinates": [[[76.7777958, 30.7343224], [76.7778439, 30.7342663], [76.7777077, 30.7341802], [76.7776596, 30.7342363], [76.7777958, 30.7343224]]]}}, {"type": "Feature", "properties": {"osm_id": 390018139, "building": "yes"}, "geometry": {"type": "Polygon", "coordinates": [[[76.7775766, 30.7335868], [76.7776196, 30.7336132], [76.7777057, 30.7335093], [76.7776627, 30.733483], [76.7775766, 30.7335868]]]}}, {"type": "Feature", "properties": {"osm_id": 390018141, "building": "yes"}, "geometry": {"type": "Polygon", "coordinates": [[[76.7766926, 30.7333168], [76.7767352, 30.7333439], [76.7768257, 30.7332385], [76.7767832, 30.7332115], [76.7766926, 30.7333168]]]}}, {"type": "Feature", "properties": {"osm_id": 390018143, "building": "yes"}, "geometry": {"type": "Polygon", "coordinates": [[[76.7730452, 30.7325005], [76.7731073, 30.7325374], [76.7731764, 30.7324515], [76.7731142, 30.7324146], [76.7730452, 30.7325005]]]}}, {"type": "Feature", "properties": {"osm_id": 390018144, "building": "yes"}, "geometry": {"type": "Polygon", "coordinates": [[[76.773745, 30.7330747], [76.7737888, 30.7331013], [76.7738812, 30.7329889], [76.7738374, 30.7329623], [76.773745, 30.7330747]]]}}, {"type": "Feature", "properties": {"osm_id": 390018146, "building": "yes"}, "geometry": {"type": "Polygon", "coordinates": [[[76.7777036, 30.7340995], [76.7777517, 30.7340434], [76.7776156, 30.7339572], [76.7775675, 30.7340134], [76.7777036, 30.7340995]]]}}, {"type": "Feature", "properties": {"osm_id": 390018147, "building": "yes"}, "geometry": {"type": "Polygon", "coordinates": [[[76.7744284, 30.7312132], [76.7744943, 30.7312539], [76.7745867, 30.7311434], [76.7745208, 30.7311027], [76.7744284, 30.7312132]]]}}, {"type": "Feature", "properties": {"osm_id": 390018149, "building": "yes"}, "geometry": {"type": "Polygon", "coordinates": [[[76.7767432, 30.7355572], [76.7767902, 30.7355023], [76.7766752, 30.7354297], [76.7766282, 30.7354847], [76.7767432, 30.7355572]]]}}, {"type": "Feature", "properties": {"osm_id": 390018150, "building": "yes"}, "geometry": {"type": "Polygon", "coordinates": [[[76.7769241, 30.7331979], [76.7769664, 30.7332248], [76.7770538, 30.7331235], [76.7770115, 30.7330966], [76.7769241, 30.7331979]]]}}, {"type": "Feature", "properties": {"osm_id": 390018151, "building": "yes"}, "geometry": {"type": "Polygon", "coordinates": [[[76.7772595, 30.7349526], [76.7773065, 30.7348977], [76.7771915, 30.7348251], [76.7771446, 30.7348801], [76.7772595, 30.7349526]]]}}, {"type": "Feature", "properties": {"osm_id": 390018152, "building": "yes"}, "geometry": {"type": "Polygon", "coordinates": [[[76.7724729, 30.7327413], [76.7724256, 30.7327996], [76.7725598, 30.7328802], [76.7726071, 30.7328219], [76.7724729, 30.7327413]]]}}, {"type": "Feature", "properties": {"osm_id": 390018153, "building": "yes"}, "geometry": {"type": "Polygon", "coordinates": [[[76.7774173, 30.733787], [76.7774602, 30.7338133], [76.7775463, 30.7337095], [76.7775034, 30.7336831], [76.7774173, 30.733787]]]}}, {"type": "Feature", "properties": {"osm_id": 390018154, "building": "yes"}, "geometry": {"type": "Polygon", "coordinates": [[[76.774692, 30.7313761], [76.7747579, 30.7314168], [76.7748503, 30.7313063], [76.7747844, 30.7312656], [76.774692, 30.7313761]]]}}, {"type": "Feature", "properties": {"osm_id": 390018159, "building": "yes"}, "geometry": {"type": "Polygon", "coordinates": [[[76.7759891, 30.7325318], [76.7760317, 30.7325584], [76.776124, 30.7324494], [76.7760814, 30.7324228], [76.7759891, 30.7325318]]]}}, {"type": "Feature", "properties": {"osm_id": 390018161, "building": "yes"}, "geometry": {"type": "Polygon", "coordinates": [[[76.7766849, 30.7352637], [76.7767318, 30.7352087], [76.7766168, 30.7351362], [76.7765699, 30.7351912], [76.7766849, 30.7352637]]]}}, {"type": "Feature", "properties": {"osm_id": 390018162, "building": "yes"}, "geometry": {"type": "Polygon", "coordinates": [[[76.7766048, 30.732655], [76.7766477, 30.7326812], [76.7767288, 30.732583], [76.776686, 30.7325568], [76.7766048, 30.732655]]]}}, {"type": "Feature", "properties": {"osm_id": 390018173, "building": "yes"}, "geometry": {"type": "Polygon", "coordinates": [[[76.7780362, 30.7340417], [76.7780843, 30.7339855], [76.7779482, 30.7338994], [76.7779001, 30.7339556], [76.7780362, 30.7340417]]]}}, {"type": "Feature", "properties": {"osm_id": 390018174, "building": "yes"}, "geometry": {"type": "Polygon", "coordinates": [[[76.7762243, 30.7330194], [76.7762669, 30.7330464], [76.7763575, 30.7329411], [76.7763149, 30.7329141], [76.7762243, 30.7330194]]]}}, {"type": "Feature", "properties": {"osm_id": 390018175, "building": "yes"}, "geometry": {"type": "Polygon", "coordinates": [[[76.7732632, 30.7327821], [76.773307, 30.7328087], [76.7733994, 30.7326963], [76.7733556, 30.7326697], [76.7732632, 30.7327821]]]}}, {"type": "Feature", "properties": {"osm_id": 390018177, "building": "yes"}, "geometry": {"type": "Polygon", "coordinates": [[[76.7737035, 30.7307652], [76.7737694, 30.7308059], [76.7738618, 30.7306954], [76.7737959, 30.7306547], [76.7737035, 30.7307652]]]}}, {"type": "Feature", "properties": {"osm_id": 390018181, "building": "yes"}, "geometry": {"type": "Polygon", "coordinates": [[[76.7766906, 30.7327074], [76.7767334, 30.7327336], [76.7768146, 30.7326354], [76.7767717, 30.7326092], [76.7766906, 30.7327074]]]}}, {"type": "Feature", "properties": {"osm_id": 390018184, "building": "yes"}, "geometry": {"type": "Polygon", "coordinates": [[[76.7774942, 30.7346778], [76.7775412, 30.7346229], [76.7774262, 30.7345503], [76.7773792, 30.7346053], [76.7774942, 30.7346778]]]}}, {"type": "Feature", "properties": {"osm_id": 390018186, "building": "yes"}, "geometry": {"type": "Polygon", "coordinates": [[[76.7750215, 30.7315798], [76.7750874, 30.7316205], [76.7751799, 30.73151], [76.775114, 30.7314693], [76.7750215, 30.7315798]]]}}, {"type": "Feature", "properties": {"osm_id": 390018189, "building": "yes"}, "geometry": {"type": "Polygon", "coordinates": [[[76.7775919, 30.7332543], [76.7776349, 30.7332806], [76.777721, 30.7331768], [76.777678, 30.7331505], [76.7775919, 30.7332543]]]}}, {"type": "Feature", "properties": {"osm_id": 390018191, "building": "yes"}, "geometry": {"type": "Polygon", "coordinates": [[[76.7769195, 30.7349889], [76.7769665, 30.7349339], [76.7768515, 30.7348614], [76.7768046, 30.7349164], [76.7769195, 30.7349889]]]}}, {"type": "Feature", "properties": {"osm_id": 390018194, "building": "yes"}, "geometry": {"type": "Polygon", "coordinates": [[[76.7740516, 30.7332609], [76.7740954, 30.7332875], [76.7741878, 30.7331751], [76.774144, 30.7331485], [76.7740516, 30.7332609]]]}}, {"type": "Feature", "properties": {"osm_id": 390018195, "building": "yes"}, "geometry": {"type": "Polygon", "coordinates": [[[76.7771073, 30.7347691], [76.7771542, 30.7347141], [76.7770393, 30.7346415], [76.7769923, 30.7346965], [76.7771073, 30.7347691]]]}}, {"type": "Feature", "properties": {"osm_id": 390018199, "building": "yes"}, "geometry": {"type": "Polygon", "coordinates": [[[76.7770718, 30.7351725], [76.7771187, 30.7351175], [76.7770037, 30.735045], [76.7769568, 30.7350999], [76.7770718, 30.7351725]]]}}, {"type": "Feature", "properties": {"osm_id": 390018200, "building": "yes"}, "geometry": {"type": "Polygon", "coordinates": [[[76.7742268, 30.7333674], [76.7742706, 30.733394], [76.774363, 30.7332815], [76.7743192, 30.7332549], [76.7742268, 30.7333674]]]}}, {"type": "Feature", "properties": {"osm_id": 390018202, "building": "yes"}, "geometry": {"type": "Polygon", "coordinates": [[[76.7751533, 30.7316612], [76.7752192, 30.7317019], [76.7753117, 30.7315914], [76.7752458, 30.7315507], [76.7751533, 30.7316612]]]}}, {"type": "Feature", "properties": {"osm_id": 390018205, "building": "yes"}, "geometry": {"type": "Polygon", "coordinates": [[[76.7734822, 30.7329151], [76.773526, 30.7329417], [76.7736184, 30.7328293], [76.7735746, 30.7328027], [76.7734822, 30.7329151]]]}}, {"type": "Feature", "properties": {"osm_id": 390018209, "building": "yes"}, "geometry": {"type": "Polygon", "coordinates": [[[76.7769055, 30.733452], [76.776948, 30.733479], [76.7770386, 30.7333737], [76.776996, 30.7333467], [76.7769055, 30.733452]]]}}, {"type": "Feature", "properties": {"osm_id": 390018212, "building": "yes"}, "geometry": {"type": "Polygon", "coordinates": [[[76.776905, 30.7328383], [76.7769479, 30.7328645], [76.777029, 30.7327663], [76.7769861, 30.7327401], [76.776905, 30.7328383]]]}}, {"type": "Feature", "properties": {"osm_id": 390018213, "building": "yes"}, "geometry": {"type": "Polygon", "coordinates": [[[76.777944, 30.7338187], [76.7779921, 30.7337626], [76.777856, 30.7336765], [76.7778079, 30.7337326], [76.777944, 30.7338187]]]}}, {"type": "Feature", "properties": {"osm_id": 390018215, "building": "yes"}, "geometry": {"type": "Polygon", "coordinates": [[[76.7770765, 30.732943], [76.7771194, 30.7329692], [76.7772005, 30.732871], [76.7771577, 30.7328448], [76.7770765, 30.732943]]]}}, {"type": "Feature", "properties": {"osm_id": 390018221, "building": "yes"}, "geometry": {"type": "Polygon", "coordinates": [[[76.772868, 30.7326404], [76.7728207, 30.7326986], [76.7729549, 30.7327792], [76.7730022, 30.732721], [76.772868, 30.7326404]]]}}, {"type": "Feature", "properties": {"osm_id": 390018222, "building": "yes"}, "geometry": {"type": "Polygon", "coordinates": [[[76.777233, 30.7333763], [76.7772759, 30.7334026], [76.7773621, 30.7332987], [76.7773191, 30.7332724], [76.777233, 30.7333763]]]}}, {"type": "Feature", "properties": {"osm_id": 390018224, "building": "yes"}, "geometry": {"type": "Polygon", "coordinates": [[[76.7757338, 30.732372], [76.7757764, 30.7323987], [76.7758687, 30.7322897], [76.7758261, 30.732263], [76.7757338, 30.732372]]]}}, {"type": "Feature", "properties": {"osm_id": 390018227, "building": "yes"}, "geometry": {"type": "Polygon", "coordinates": [[[76.7764032, 30.7355935], [76.7764502, 30.7355385], [76.7763352, 30.735466], [76.7762883, 30.7355209], [76.7764032, 30.7355935]]]}}, {"type": "Feature", "properties": {"osm_id": 390018228, "building": "yes"}, "geometry": {"type": "Polygon", "coordinates": [[[76.7774048, 30.7334816], [76.7774477, 30.7335079], [76.7775339, 30.733404], [76.7774909, 30.7333777], [76.7774048, 30.7334816]]]}}, {"type": "Feature", "properties": {"osm_id": 390018230, "building": "yes"}, "geometry": {"type": "Polygon", "coordinates": [[[76.7765223, 30.7332087], [76.7765649, 30.7332357], [76.7766555, 30.7331304], [76.7766129, 30.7331033], [76.7765223, 30.7332087]]]}}, {"type": "Feature", "properties": {"osm_id": 390018231, "building": "yes"}, "geometry": {"type": "Polygon", "coordinates": [[[76.7765856, 30.7329821], [76.7766279, 30.7330091], [76.7767153, 30.7329078], [76.776673, 30.7328808], [76.7765856, 30.7329821]]]}}, {"type": "Feature", "properties": {"osm_id": 390018232, "building": "yes"}, "geometry": {"type": "Polygon", "coordinates": [[[76.7735698, 30.7329683], [76.7736136, 30.7329949], [76.773706, 30.7328825], [76.7736622, 30.7328559], [76.7735698, 30.7329683]]]}}, {"type": "Feature", "properties": {"osm_id": 390018234, "building": "yes"}, "geometry": {"type": "Polygon", "coordinates": [[[76.777342, 30.7344942], [76.7773889, 30.7344393], [76.777274, 30.7343667], [76.777227, 30.7344217], [76.777342, 30.7344942]]]}}, {"type": "Feature", "properties": {"osm_id": 390018235, "building": "yes"}, "geometry": {"type": "Polygon", "coordinates": [[[76.7741648, 30.7310503], [76.7742307, 30.731091], [76.7743231, 30.7309805], [76.7742572, 30.7309398], [76.7741648, 30.7310503]]]}}, {"type": "Feature", "properties": {"osm_id": 390018236, "building": "yes"}, "geometry": {"type": "Polygon", "coordinates": [[[76.7767548, 30.73309], [76.7767972, 30.733117], [76.7768846, 30.7330156], [76.7768422, 30.7329887], [76.7767548, 30.73309]]]}}, {"type": "Feature", "properties": {"osm_id": 390018237, "building": "yes"}, "geometry": {"type": "Polygon", "coordinates": [[[76.7744458, 30.7335004], [76.7744896, 30.733527], [76.774582, 30.7334146], [76.7745382, 30.733388], [76.7744458, 30.7335004]]]}}, {"type": "Feature", "properties": {"osm_id": 390018243, "building": "yes"}, "geometry": {"type": "Polygon", "coordinates": [[[76.7726624, 30.7325083], [76.772615, 30.7325666], [76.7727492, 30.7326472], [76.7727966, 30.7325889], [76.7726624, 30.7325083]]]}}, {"type": "Feature", "properties": {"osm_id": 390018244, "building": "yes"}, "geometry": {"type": "Polygon", "coordinates": [[[76.7772454, 30.7336817], [76.7772884, 30.733708], [76.7773745, 30.7336042], [76.7773316, 30.7335778], [76.7772454, 30.7336817]]]}}, {"type": "Feature", "properties": {"osm_id": 390018245, "building": "yes"}, "geometry": {"type": "Polygon", "coordinates": [[[76.7754828, 30.7318649], [76.7755487, 30.7319056], [76.7756412, 30.7317951], [76.7755753, 30.7317544], [76.7754828, 30.7318649]]]}}, {"type": "Feature", "properties": {"osm_id": 390018246, "building": "yes"}, "geometry": {"type": "Polygon", "coordinates": [[[76.7777477, 30.7343786], [76.7777958, 30.7343224], [76.7776596, 30.7342363], [76.7776116, 30.7342925], [76.7777477, 30.7343786]]]}}, {"type": "Feature", "properties": {"osm_id": 390018249, "building": "yes"}, "geometry": {"type": "Polygon", "coordinates": [[[76.7759689, 30.7328572], [76.7760115, 30.7328842], [76.776102, 30.7327789], [76.7760594, 30.7327518], [76.7759689, 30.7328572]]]}}, {"type": "Feature", "properties": {"osm_id": 390018252, "building": "yes"}, "geometry": {"type": "Polygon", "coordinates": [[[76.7758189, 30.7324253], [76.7758615, 30.7324519], [76.7759538, 30.7323429], [76.7759112, 30.7323163], [76.7758189, 30.7324253]]]}}, {"type": "Feature", "properties": {"osm_id": 390018254, "building": "yes"}, "geometry": {"type": "Polygon", "coordinates": [[[76.7764333, 30.7325503], [76.7764762, 30.7325765], [76.7765573, 30.7324783], [76.7765144, 30.7324521], [76.7764333, 30.7325503]]]}}, {"type": "Feature", "properties": {"osm_id": 390018258, "building": "yes"}, "geometry": {"type": "Polygon", "coordinates": [[[76.7772909, 30.7330739], [76.7773338, 30.7331001], [76.7774149, 30.7330019], [76.7773721, 30.7329757], [76.7772909, 30.7330739]]]}}, {"type": "Feature", "properties": {"osm_id": 390018261, "building": "yes"}, "geometry": {"type": "Polygon", "coordinates": [[[76.7756146, 30.7319463], [76.7756805, 30.731987], [76.775773, 30.7318765], [76.7757071, 30.7318358], [76.7756146, 30.7319463]]]}}, {"type": "Feature", "properties": {"osm_id": 390018262, "building": "yes"}, "geometry": {"type": "Polygon", "coordinates": [[[76.7766379, 30.7353187], [76.7766849, 30.7352637], [76.7765699, 30.7351912], [76.776523, 30.7352461], [76.7766379, 30.7353187]]]}}, {"type": "Feature", "properties": {"osm_id": 390018264, "building": "yes"}, "geometry": {"type": "Polygon", "coordinates": [[[76.7778439, 30.7342663], [76.7778919, 30.7342101], [76.7777558, 30.734124], [76.7777077, 30.7341802], [76.7778439, 30.7342663]]]}}, {"type": "Feature", "properties": {"osm_id": 390018267, "building": "yes"}, "geometry": {"type": "Polygon", "coordinates": [[[76.7767352, 30.7333439], [76.7767778, 30.7333709], [76.7768683, 30.7332655], [76.7768257, 30.7332385], [76.7767352, 30.7333439]]]}}, {"type": "Feature", "properties": {"osm_id": 390018270, "building": "yes"}, "geometry": {"type": "Polygon", "coordinates": [[[76.7737888, 30.7331013], [76.7738326, 30.7331279], [76.773925, 30.7330155], [76.7738812, 30.7329889], [76.7737888, 30.7331013]]]}}, {"type": "Feature", "properties": {"osm_id": 390018273, "building": "yes"}, "geometry": {"type": "Polygon", "coordinates": [[[76.7777517, 30.7340434], [76.7777998, 30.7339872], [76.7776636, 30.7339011], [76.7776156, 30.7339572], [76.7777517, 30.7340434]]]}}, {"type": "Feature", "properties": {"osm_id": 390018274, "building": "yes"}, "geometry": {"type": "Polygon", "coordinates": [[[76.7744943, 30.7312539], [76.7745602, 30.7312947], [76.7746526, 30.7311842], [76.7745867, 30.7311434], [76.7744943, 30.7312539]]]}}, {"type": "Feature", "properties": {"osm_id": 390018276, "building": "yes"}, "geometry": {"type": "Polygon", "coordinates": [[[76.7767902, 30.7355023], [76.7768371, 30.7354473], [76.7767221, 30.7353748], [76.7766752, 30.7354297], [76.7767902, 30.7355023]]]}}, {"type": "Feature", "properties": {"osm_id": 390018277, "building": "yes"}, "geometry": {"type": "Polygon", "coordinates": [[[76.7769664, 30.7332248], [76.7770087, 30.7332518], [76.7770961, 30.7331505], [76.7770538, 30.7331235], [76.7769664, 30.7332248]]]}}, {"type": "Feature", "properties": {"osm_id": 390018278, "building": "yes"}, "geometry": {"type": "Polygon", "coordinates": [[[76.7773065, 30.7348977], [76.7773534, 30.7348427], [76.7772384, 30.7347702], [76.7771915, 30.7348251], [76.7773065, 30.7348977]]]}}, {"type": "Feature", "properties": {"osm_id": 390018279, "building": "yes"}, "geometry": {"type": "Polygon", "coordinates": [[[76.7724256, 30.7327996], [76.7723782, 30.7328578], [76.7725124, 30.7329384], [76.7725598, 30.7328802], [76.7724256, 30.7327996]]]}}, {"type": "Feature", "properties": {"osm_id": 390018280, "building": "yes"}, "geometry": {"type": "Polygon", "coordinates": [[[76.7747579, 30.7314168], [76.7748238, 30.7314576], [76.7749162, 30.7313471], [76.7748503, 30.7313063], [76.7747579, 30.7314168]]]}}, {"type": "Feature", "properties": {"osm_id": 390018285, "building": "yes"}, "geometry": {"type": "Polygon", "coordinates": [[[76.7760317, 30.7325584], [76.7760742, 30.7325851], [76.7761665, 30.7324761], [76.776124, 30.7324494], [76.7760317, 30.7325584]]]}}, {"type": "Feature", "properties": {"osm_id": 390018287, "building": "yes"}, "geometry": {"type": "Polygon", "coordinates": [[[76.7767318, 30.7352087], [76.7767787, 30.7351538], [76.7766638, 30.7350812], [76.7766168, 30.7351362], [76.7767318, 30.7352087]]]}}, {"type": "Feature", "properties": {"osm_id": 390018290, "building": "yes"}, "geometry": {"type": "Polygon", "coordinates": [[[76.7726786, 30.7328734], [76.7726313, 30.7329316], [76.7727655, 30.7330122], [76.7728128, 30.732954], [76.7726786, 30.7328734]]]}}, {"type": "Feature", "properties": {"osm_id": 390018292, "building": "yes"}, "geometry": {"type": "Polygon", "coordinates": [[[76.7738764, 30.7331545], [76.7739202, 30.7331811], [76.7740126, 30.7330687], [76.7739688, 30.7330421], [76.7738764, 30.7331545]]]}}, {"type": "Feature", "properties": {"osm_id": 390018297, "building": "yes"}, "geometry": {"type": "Polygon", "coordinates": [[[76.776884, 30.7353923], [76.776931, 30.7353374], [76.776816, 30.7352648], [76.7767691, 30.7353198], [76.776884, 30.7353923]]]}}, {"type": "Feature", "properties": {"osm_id": 390018300, "building": "yes"}, "geometry": {"type": "Polygon", "coordinates": [[[76.7780843, 30.7339855], [76.7781324, 30.7339294], [76.7779963, 30.7338433], [76.7779482, 30.7338994], [76.7780843, 30.7339855]]]}}, {"type": "Feature", "properties": {"osm_id": 390018302, "building": "yes"}, "geometry": {"type": "Polygon", "coordinates": [[[76.7762669, 30.7330464], [76.7763095, 30.7330735], [76.7764, 30.7329681], [76.7763575, 30.7329411], [76.7762669, 30.7330464]]]}}, {"type": "Feature", "properties": {"osm_id": 390018303, "building": "yes"}, "geometry": {"type": "Polygon", "coordinates": [[[76.7763317, 30.7328203], [76.776374, 30.7328473], [76.7764614, 30.7327459], [76.7764191, 30.732719], [76.7763317, 30.7328203]]]}}, {"type": "Feature", "properties": {"osm_id": 390018304, "building": "yes"}, "geometry": {"type": "Polygon", "coordinates": [[[76.773307, 30.7328087], [76.7733508, 30.7328353], [76.7734432, 30.7327229], [76.7733994, 30.7326963], [76.773307, 30.7328087]]]}}, {"type": "Feature", "properties": {"osm_id": 390018306, "building": "yes"}, "geometry": {"type": "Polygon", "coordinates": [[[76.7737694, 30.7308059], [76.7738353, 30.7308466], [76.7739277, 30.7307361], [76.7738618, 30.7306954], [76.7737694, 30.7308059]]]}}, {"type": "Feature", "properties": {"osm_id": 390018310, "building": "yes"}, "geometry": {"type": "Polygon", "coordinates": [[[76.7767334, 30.7327336], [76.7767763, 30.7327598], [76.7768575, 30.7326615], [76.7768146, 30.7326354], [76.7767334, 30.7327336]]]}}, {"type": "Feature", "properties": {"osm_id": 390018313, "building": "yes"}, "geometry": {"type": "Polygon", "coordinates": [[[76.7775412, 30.7346229], [76.7775881, 30.7345679], [76.7774731, 30.7344954], [76.7774262, 30.7345503], [76.7775412, 30.7346229]]]}}, {"type": "Feature", "properties": {"osm_id": 390018319, "building": "yes"}, "geometry": {"type": "Polygon", "coordinates": [[[76.7776349, 30.7332806], [76.7776778, 30.7333069], [76.7777639, 30.7332031], [76.777721, 30.7331768], [76.7776349, 30.7332806]]]}}, {"type": "Feature", "properties": {"osm_id": 390018321, "building": "yes"}, "geometry": {"type": "Polygon", "coordinates": [[[76.7769665, 30.7349339], [76.7770134, 30.734879], [76.7768985, 30.7348064], [76.7768515, 30.7348614], [76.7769665, 30.7349339]]]}}, {"type": "Feature", "properties": {"osm_id": 390018322, "building": "yes"}, "geometry": {"type": "Polygon", "coordinates": [[[76.7781805, 30.7338732], [76.7782286, 30.7338171], [76.7780924, 30.733731], [76.7780444, 30.7337871], [76.7781805, 30.7338732]]]}}, {"type": "Feature", "properties": {"osm_id": 390018324, "building": "yes"}, "geometry": {"type": "Polygon", "coordinates": [[[76.7764163, 30.7328742], [76.7764586, 30.7329012], [76.776546, 30.7327999], [76.7765037, 30.7327729], [76.7764163, 30.7328742]]]}}, {"type": "Feature", "properties": {"osm_id": 390018326, "building": "yes"}, "geometry": {"type": "Polygon", "coordinates": [[[76.7740954, 30.7332875], [76.7741392, 30.7333142], [76.7742316, 30.7332017], [76.7741878, 30.7331751], [76.7740954, 30.7332875]]]}}, {"type": "Feature", "properties": {"osm_id": 390018328, "building": "yes"}, "geometry": {"type": "Polygon", "coordinates": [[[76.7771542, 30.7347141], [76.7772012, 30.7346591], [76.7770862, 30.7345866], [76.7770393, 30.7346415], [76.7771542, 30.7347141]]]}}, {"type": "Feature", "properties": {"osm_id": 390018332, "building": "yes"}, "geometry": {"type": "Polygon", "coordinates": [[[76.7771187, 30.7351175], [76.7771657, 30.7350626], [76.7770507, 30.73499], [76.7770037, 30.735045], [76.7771187, 30.7351175]]]}}, {"type": "Feature", "properties": {"osm_id": 390018333, "building": "yes"}, "geometry": {"type": "Polygon", "coordinates": [[[76.7742706, 30.733394], [76.7743144, 30.7334206], [76.7744068, 30.7333081], [76.774363, 30.7332815], [76.7742706, 30.733394]]]}}, {"type": "Feature", "properties": {"osm_id": 390018335, "building": "yes"}, "geometry": {"type": "Polygon", "coordinates": [[[76.7752192, 30.7317019], [76.7752851, 30.7317427], [76.7753776, 30.7316322], [76.7753117, 30.7315914], [76.7752192, 30.7317019]]]}}, {"type": "Feature", "properties": {"osm_id": 390018339, "building": "yes"}, "geometry": {"type": "Polygon", "coordinates": [[[76.776948, 30.733479], [76.7769906, 30.7335061], [76.7770812, 30.7334007], [76.7770386, 30.7333737], [76.776948, 30.733479]]]}}, {"type": "Feature", "properties": {"osm_id": 390018341, "building": "yes"}, "geometry": {"type": "Polygon", "coordinates": [[[76.7769479, 30.7328645], [76.7769907, 30.7328907], [76.7770719, 30.7327924], [76.777029, 30.7327663], [76.7769479, 30.7328645]]]}}, {"type": "Feature", "properties": {"osm_id": 390018342, "building": "yes"}, "geometry": {"type": "Polygon", "coordinates": [[[76.7779921, 30.7337626], [76.7780402, 30.7337064], [76.7779041, 30.7336203], [76.777856, 30.7336765], [76.7779921, 30.7337626]]]}}, {"type": "Feature", "properties": {"osm_id": 390018344, "building": "yes"}, "geometry": {"type": "Polygon", "coordinates": [[[76.7727097, 30.7324501], [76.7726624, 30.7325083], [76.7727966, 30.7325889], [76.7728439, 30.7325307], [76.7727097, 30.7324501]]]}}, {"type": "Feature", "properties": {"osm_id": 390018345, "building": "yes"}, "geometry": {"type": "Polygon", "coordinates": [[[76.7771194, 30.7329692], [76.7771623, 30.7329954], [76.7772434, 30.7328972], [76.7772005, 30.732871], [76.7771194, 30.7329692]]]}}, {"type": "Feature", "properties": {"osm_id": 390018352, "building": "yes"}, "geometry": {"type": "Polygon", "coordinates": [[[76.7728207, 30.7326986], [76.7727733, 30.7327569], [76.7729075, 30.7328375], [76.7729549, 30.7327792], [76.7728207, 30.7326986]]]}}, {"type": "Feature", "properties": {"osm_id": 390018354, "building": "yes"}, "geometry": {"type": "Polygon", "coordinates": [[[76.7757764, 30.7323987], [76.7758189, 30.7324253], [76.7759112, 30.7323163], [76.7758687, 30.7322897], [76.7757764, 30.7323987]]]}}, {"type": "Feature", "properties": {"osm_id": 390018357, "building": "yes"}, "geometry": {"type": "Polygon", "coordinates": [[[76.7764502, 30.7355385], [76.7764971, 30.7354835], [76.7763821, 30.735411], [76.7763352, 30.735466], [76.7764502, 30.7355385]]]}}, {"type": "Feature", "properties": {"osm_id": 390018358, "building": "yes"}, "geometry": {"type": "Polygon", "coordinates": [[[76.7774477, 30.7335079], [76.7774907, 30.7335342], [76.7775768, 30.7334303], [76.7775339, 30.733404], [76.7774477, 30.7335079]]]}}, {"type": "Feature", "properties": {"osm_id": 390018360, "building": "yes"}, "geometry": {"type": "Polygon", "coordinates": [[[76.7765649, 30.7332357], [76.7766075, 30.7332627], [76.776698, 30.7331574], [76.7766555, 30.7331304], [76.7765649, 30.7332357]]]}}, {"type": "Feature", "properties": {"osm_id": 390018361, "building": "yes"}, "geometry": {"type": "Polygon", "coordinates": [[[76.7766279, 30.7330091], [76.7766702, 30.733036], [76.7767576, 30.7329347], [76.7767153, 30.7329078], [76.7766279, 30.7330091]]]}}, {"type": "Feature", "properties": {"osm_id": 390018363, "building": "yes"}, "geometry": {"type": "Polygon", "coordinates": [[[76.7728589, 30.7323899], [76.772921, 30.7324268], [76.77299, 30.7323409], [76.7729279, 30.732304], [76.7728589, 30.7323899]]]}}, {"type": "Feature", "properties": {"osm_id": 390018364, "building": "yes"}, "geometry": {"type": "Polygon", "coordinates": [[[76.7736136, 30.7329949], [76.7736574, 30.7330215], [76.7737498, 30.7329091], [76.773706, 30.7328825], [76.7736136, 30.7329949]]]}}, {"type": "Feature", "properties": {"osm_id": 390018367, "building": "yes"}, "geometry": {"type": "Polygon", "coordinates": [[[76.7773889, 30.7344393], [76.7774359, 30.7343843], [76.7773209, 30.7343118], [76.777274, 30.7343667], [76.7773889, 30.7344393]]]}}, {"type": "Feature", "properties": {"osm_id": 390018368, "building": "yes"}, "geometry": {"type": "Polygon", "coordinates": [[[76.7775593, 30.734268], [76.7776074, 30.7342118], [76.7774713, 30.7341257], [76.7774232, 30.7341818], [76.7775593, 30.734268]]]}}, {"type": "Feature", "properties": {"osm_id": 390018369, "building": "yes"}, "geometry": {"type": "Polygon", "coordinates": [[[76.7742307, 30.731091], [76.7742966, 30.7311317], [76.774389, 30.7310212], [76.7743231, 30.7309805], [76.7742307, 30.731091]]]}}, {"type": "Feature", "properties": {"osm_id": 390018370, "building": "yes"}, "geometry": {"type": "Polygon", "coordinates": [[[76.7767972, 30.733117], [76.7768395, 30.7331439], [76.7769269, 30.7330426], [76.7768846, 30.7330156], [76.7767972, 30.733117]]]}}, {"type": "Feature", "properties": {"osm_id": 390018371, "building": "yes"}, "geometry": {"type": "Polygon", "coordinates": [[[76.7731073, 30.7325374], [76.7731695, 30.7325743], [76.7732385, 30.7324884], [76.7731764, 30.7324515], [76.7731073, 30.7325374]]]}}, {"type": "Feature", "properties": {"osm_id": 390018372, "building": "yes"}, "geometry": {"type": "Polygon", "coordinates": [[[76.7744896, 30.733527], [76.7745334, 30.7335536], [76.7746258, 30.7334412], [76.774582, 30.7334146], [76.7744896, 30.733527]]]}}, {"type": "Feature", "properties": {"osm_id": 390018375, "building": "yes"}, "geometry": {"type": "Polygon", "coordinates": [[[76.772615, 30.7325666], [76.7725677, 30.7326248], [76.7727018, 30.7327054], [76.7727492, 30.7326472], [76.772615, 30.7325666]]]}}, {"type": "Feature", "properties": {"osm_id": 390018376, "building": "yes"}, "geometry": {"type": "Polygon", "coordinates": [[[76.7772884, 30.733708], [76.7773313, 30.7337343], [76.7774175, 30.7336305], [76.7773745, 30.7336042], [76.7772884, 30.733708]]]}}, {"type": "Feature", "properties": {"osm_id": 390018377, "building": "yes"}, "geometry": {"type": "Polygon", "coordinates": [[[76.7755487, 30.7319056], [76.7756146, 30.7319463], [76.7757071, 30.7318358], [76.7756412, 30.7317951], [76.7755487, 30.7319056]]]}}, {"type": "Feature", "properties": {"osm_id": 390018380, "building": "yes"}, "geometry": {"type": "Polygon", "coordinates": [[[76.7760115, 30.7328842], [76.776054, 30.7329113], [76.7761446, 30.7328059], [76.776102, 30.7327789], [76.7760115, 30.7328842]]]}}, {"type": "Feature", "properties": {"osm_id": 390018383, "building": "yes"}, "geometry": {"type": "Polygon", "coordinates": [[[76.7758615, 30.7324519], [76.775904, 30.7324786], [76.7759963, 30.7323696], [76.7759538, 30.7323429], [76.7758615, 30.7324519]]]}}, {"type": "Feature", "properties": {"osm_id": 390018385, "building": "yes"}, "geometry": {"type": "Polygon", "coordinates": [[[76.7764762, 30.7325765], [76.776519, 30.7326027], [76.7766002, 30.7325045], [76.7765573, 30.7324783], [76.7764762, 30.7325765]]]}}, {"type": "Feature", "properties": {"osm_id": 390018391, "building": "yes"}, "geometry": {"type": "Polygon", "coordinates": [[[76.7773771, 30.7331227], [76.7774201, 30.733149], [76.7775062, 30.7330452], [76.7774633, 30.7330188], [76.7773771, 30.7331227]]]}}, {"type": "Feature", "properties": {"osm_id": 390018393, "building": "yes"}, "geometry": {"type": "Polygon", "coordinates": [[[76.7756805, 30.731987], [76.7757465, 30.7320278], [76.7758389, 30.7319173], [76.775773, 30.7318765], [76.7756805, 30.731987]]]}}, {"type": "Feature", "properties": {"osm_id": 390018395, "building": "yes"}, "geometry": {"type": "Polygon", "coordinates": [[[76.7778919, 30.7342101], [76.77794, 30.734154], [76.7778039, 30.7340679], [76.7777558, 30.734124], [76.7778919, 30.7342101]]]}}, {"type": "Feature", "properties": {"osm_id": 390018397, "building": "yes"}, "geometry": {"type": "Polygon", "coordinates": [[[76.7760966, 30.7329383], [76.7761392, 30.7329653], [76.7762297, 30.73286], [76.7761872, 30.7328329], [76.7760966, 30.7329383]]]}}, {"type": "Feature", "properties": {"osm_id": 390018399, "building": "yes"}, "geometry": {"type": "Polygon", "coordinates": [[[76.7738326, 30.7331279], [76.7738764, 30.7331545], [76.7739688, 30.7330421], [76.773925, 30.7330155], [76.7738326, 30.7331279]]]}}, {"type": "Feature", "properties": {"osm_id": 390018402, "building": "yes"}, "geometry": {"type": "Polygon", "coordinates": [[[76.7777998, 30.7339872], [76.7778479, 30.7339311], [76.7777117, 30.7338449], [76.7776636, 30.7339011], [76.7777998, 30.7339872]]]}}, {"type": "Feature", "properties": {"osm_id": 390018405, "building": "yes"}, "geometry": {"type": "Polygon", "coordinates": [[[76.7768371, 30.7354473], [76.776884, 30.7353923], [76.7767691, 30.7353198], [76.7767221, 30.7353748], [76.7768371, 30.7354473]]]}}, {"type": "Feature", "properties": {"osm_id": 390018406, "building": "yes"}, "geometry": {"type": "Polygon", "coordinates": [[[76.7770087, 30.7332518], [76.7770511, 30.7332788], [76.7771384, 30.7331775], [76.7770961, 30.7331505], [76.7770087, 30.7332518]]]}}, {"type": "Feature", "properties": {"osm_id": 390018409, "building": "yes"}, "geometry": {"type": "Polygon", "coordinates": [[[76.7773534, 30.7348427], [76.7774003, 30.7347878], [76.7772854, 30.7347152], [76.7772384, 30.7347702], [76.7773534, 30.7348427]]]}}, {"type": "Feature", "properties": {"osm_id": 390018410, "building": "yes"}, "geometry": {"type": "Polygon", "coordinates": [[[76.7748238, 30.7314576], [76.7748897, 30.7314983], [76.7749822, 30.7313878], [76.7749162, 30.7313471], [76.7748238, 30.7314576]]]}}, {"type": "Feature", "properties": {"osm_id": 390018413, "building": "yes"}, "geometry": {"type": "Polygon", "coordinates": [[[76.7760742, 30.7325851], [76.7761168, 30.7326117], [76.7762091, 30.7325027], [76.7761665, 30.7324761], [76.7760742, 30.7325851]]]}}, {"type": "Feature", "properties": {"osm_id": 390018414, "building": "yes"}, "geometry": {"type": "Polygon", "coordinates": [[[76.777463, 30.7331753], [76.777506, 30.7332017], [76.7775921, 30.7330978], [76.7775492, 30.7330715], [76.777463, 30.7331753]]]}}, {"type": "Feature", "properties": {"osm_id": 390018415, "building": "yes"}, "geometry": {"type": "Polygon", "coordinates": [[[76.7767787, 30.7351538], [76.7768257, 30.7350988], [76.7767107, 30.7350263], [76.7766638, 30.7350812], [76.7767787, 30.7351538]]]}}, {"type": "Feature", "properties": {"osm_id": 390018418, "building": "yes"}, "geometry": {"type": "Polygon", "coordinates": [[[76.7726313, 30.7329316], [76.7725839, 30.7329899], [76.7727181, 30.7330705], [76.7727655, 30.7330122], [76.7726313, 30.7329316]]]}}, {"type": "Feature", "properties": {"osm_id": 390018420, "building": "yes"}, "geometry": {"type": "Polygon", "coordinates": [[[76.7739202, 30.7331811], [76.773964, 30.7332077], [76.7740564, 30.7330953], [76.7740126, 30.7330687], [76.7739202, 30.7331811]]]}}, {"type": "Feature", "properties": {"osm_id": 390018423, "building": "yes"}, "geometry": {"type": "Polygon", "coordinates": [[[76.776931, 30.7353374], [76.7769779, 30.7352824], [76.7768629, 30.7352099], [76.776816, 30.7352648], [76.776931, 30.7353374]]]}}, {"type": "Feature", "properties": {"osm_id": 390018424, "building": "yes"}, "geometry": {"type": "Polygon", "coordinates": [[[76.7770934, 30.7333057], [76.7771357, 30.7333327], [76.7772231, 30.7332314], [76.7771808, 30.7332044], [76.7770934, 30.7333057]]]}}, {"type": "Feature", "properties": {"osm_id": 390018427, "building": "yes"}, "geometry": {"type": "Polygon", "coordinates": [[[76.7781324, 30.7339294], [76.7781805, 30.7338732], [76.7780444, 30.7337871], [76.7779963, 30.7338433], [76.7781324, 30.7339294]]]}}, {"type": "Feature", "properties": {"osm_id": 390018429, "building": "yes"}, "geometry": {"type": "Polygon", "coordinates": [[[76.7763095, 30.7330735], [76.776352, 30.7331005], [76.7764426, 30.7329952], [76.7764, 30.7329681], [76.7763095, 30.7330735]]]}}, {"type": "Feature", "properties": {"osm_id": 390018430, "building": "yes"}, "geometry": {"type": "Polygon", "coordinates": [[[76.776374, 30.7328473], [76.7764163, 30.7328742], [76.7765037, 30.7327729], [76.7764614, 30.7327459], [76.776374, 30.7328473]]]}}, {"type": "Feature", "properties": {"osm_id": 390018431, "building": "yes"}, "geometry": {"type": "Polygon", "coordinates": [[[76.7733508, 30.7328353], [76.7733946, 30.7328619], [76.773487, 30.7327495], [76.7734432, 30.7327229], [76.7733508, 30.7328353]]]}}, {"type": "Feature", "properties": {"osm_id": 390018432, "building": "yes"}, "geometry": {"type": "Polygon", "coordinates": [[[76.7767778, 30.7333709], [76.7768203, 30.7333979], [76.7769109, 30.7332926], [76.7768683, 30.7332655], [76.7767778, 30.7333709]]]}}, {"type": "Feature", "properties": {"osm_id": 390018434, "building": "yes"}, "geometry": {"type": "Polygon", "coordinates": [[[76.7738353, 30.7308466], [76.7739012, 30.7308874], [76.7739936, 30.7307769], [76.7739277, 30.7307361], [76.7738353, 30.7308466]]]}}, {"type": "Feature", "properties": {"osm_id": 390018438, "building": "yes"}, "geometry": {"type": "Polygon", "coordinates": [[[76.7767763, 30.7327598], [76.7768192, 30.7327859], [76.7769004, 30.7326877], [76.7768575, 30.7326615], [76.7767763, 30.7327598]]]}}, {"type": "Feature", "properties": {"osm_id": 390018442, "building": "yes"}, "geometry": {"type": "Polygon", "coordinates": [[[76.7775881, 30.7345679], [76.777635, 30.734513], [76.7775201, 30.7344404], [76.7774731, 30.7344954], [76.7775881, 30.7345679]]]}}, {"type": "Feature", "properties": {"osm_id": 390018443, "building": "yes"}, "geometry": {"type": "Polygon", "coordinates": [[[76.7770307, 30.7335501], [76.7770736, 30.7335764], [76.7771598, 30.7334726], [76.7771168, 30.7334462], [76.7770307, 30.7335501]]]}}, {"type": "Feature", "properties": {"osm_id": 390018449, "building": "yes"}, "geometry": {"type": "Polygon", "coordinates": [[[76.7756062, 30.7322922], [76.7756487, 30.7323188], [76.775741, 30.7322098], [76.7756985, 30.7321832], [76.7756062, 30.7322922]]]}}, {"type": "Feature", "properties": {"osm_id": 390018452, "building": "yes"}, "geometry": {"type": "Polygon", "coordinates": [[[76.7776778, 30.7333069], [76.7777208, 30.7333333], [76.7778069, 30.7332294], [76.7777639, 30.7332031], [76.7776778, 30.7333069]]]}}, {"type": "Feature", "properties": {"osm_id": 390018454, "building": "yes"}, "geometry": {"type": "Polygon", "coordinates": [[[76.7770134, 30.734879], [76.7770604, 30.734824], [76.7769454, 30.7347515], [76.7768985, 30.7348064], [76.7770134, 30.734879]]]}}, {"type": "Feature", "properties": {"osm_id": 390018455, "building": "yes"}, "geometry": {"type": "Polygon", "coordinates": [[[76.7782286, 30.7338171], [76.7782767, 30.7337609], [76.7781405, 30.7336748], [76.7780924, 30.733731], [76.7782286, 30.7338171]]]}}, {"type": "Feature", "properties": {"osm_id": 390018456, "building": "yes"}, "geometry": {"type": "Polygon", "coordinates": [[[76.7772759, 30.7334026], [76.7773189, 30.7334289], [76.777405, 30.7333251], [76.7773621, 30.7332987], [76.7772759, 30.7334026]]]}}, {"type": "Feature", "properties": {"osm_id": 390018458, "building": "yes"}, "geometry": {"type": "Polygon", "coordinates": [[[76.7764586, 30.7329012], [76.7765009, 30.7329282], [76.7765883, 30.7328269], [76.776546, 30.7327999], [76.7764586, 30.7329012]]]}}, {"type": "Feature", "properties": {"osm_id": 390018459, "building": "yes"}, "geometry": {"type": "Polygon", "coordinates": [[[76.7741392, 30.7333142], [76.774183, 30.7333408], [76.7742754, 30.7332283], [76.7742316, 30.7332017], [76.7741392, 30.7333142]]]}}, {"type": "Feature", "properties": {"osm_id": 390018461, "building": "yes"}, "geometry": {"type": "Polygon", "coordinates": [[[76.7772012, 30.7346591], [76.7772481, 30.7346042], [76.7771331, 30.7345316], [76.7770862, 30.7345866], [76.7772012, 30.7346591]]]}}, {"type": "Feature", "properties": {"osm_id": 390018464, "building": "yes"}, "geometry": {"type": "Polygon", "coordinates": [[[76.7771657, 30.7350626], [76.7772126, 30.7350076], [76.7770976, 30.7349351], [76.7770507, 30.73499], [76.7771657, 30.7350626]]]}}, {"type": "Feature", "properties": {"osm_id": 390018465, "building": "yes"}, "geometry": {"type": "Polygon", "coordinates": [[[76.7743144, 30.7334206], [76.7743582, 30.7334472], [76.7744506, 30.7333347], [76.7744068, 30.7333081], [76.7743144, 30.7334206]]]}}, {"type": "Feature", "properties": {"osm_id": 390018468, "building": "yes"}, "geometry": {"type": "Polygon", "coordinates": [[[76.7771166, 30.7336027], [76.7771595, 30.733629], [76.7772457, 30.7335252], [76.7772027, 30.7334989], [76.7771166, 30.7336027]]]}}, {"type": "Feature", "properties": {"osm_id": 390018469, "building": "yes"}, "geometry": {"type": "Polygon", "coordinates": [[[76.7752851, 30.7317427], [76.775351, 30.7317834], [76.7754435, 30.7316729], [76.7753776, 30.7316322], [76.7752851, 30.7317427]]]}}, {"type": "Feature", "properties": {"osm_id": 390018474, "building": "yes"}, "geometry": {"type": "Polygon", "coordinates": [[[76.7780402, 30.7337064], [76.7780883, 30.7336503], [76.7779522, 30.7335642], [76.7779041, 30.7336203], [76.7780402, 30.7337064]]]}}, {"type": "Feature", "properties": {"osm_id": 390018475, "building": "yes"}, "geometry": {"type": "Polygon", "coordinates": [[[76.7771623, 30.7329954], [76.7772051, 30.7330216], [76.7772863, 30.7329233], [76.7772434, 30.7328972], [76.7771623, 30.7329954]]]}}, {"type": "Feature", "properties": {"osm_id": 390018480, "building": "yes"}, "geometry": {"type": "Polygon", "coordinates": [[[76.7727733, 30.7327569], [76.772726, 30.7328151], [76.7728602, 30.7328957], [76.7729075, 30.7328375], [76.7727733, 30.7327569]]]}}, {"type": "Feature", "properties": {"osm_id": 390018483, "building": "yes"}, "geometry": {"type": "Polygon", "coordinates": [[[76.7764971, 30.7354835], [76.776544, 30.7354286], [76.7764291, 30.735356], [76.7763821, 30.735411], [76.7764971, 30.7354835]]]}}, {"type": "Feature", "properties": {"osm_id": 390018484, "building": "yes"}, "geometry": {"type": "Polygon", "coordinates": [[[76.7774907, 30.7335342], [76.7775336, 30.7335605], [76.7776198, 30.7334567], [76.7775768, 30.7334303], [76.7774907, 30.7335342]]]}}, {"type": "Feature", "properties": {"osm_id": 390018486, "building": "yes"}, "geometry": {"type": "Polygon", "coordinates": [[[76.7766075, 30.7332627], [76.77665, 30.7332898], [76.7767406, 30.7331844], [76.776698, 30.7331574], [76.7766075, 30.7332627]]]}}, {"type": "Feature", "properties": {"osm_id": 390018487, "building": "yes"}, "geometry": {"type": "Polygon", "coordinates": [[[76.7766702, 30.733036], [76.7767125, 30.733063], [76.7767999, 30.7329617], [76.7767576, 30.7329347], [76.7766702, 30.733036]]]}}, {"type": "Feature", "properties": {"osm_id": 390018489, "building": "yes"}, "geometry": {"type": "Polygon", "coordinates": [[[76.772921, 30.7324268], [76.7729831, 30.7324636], [76.7730521, 30.7323777], [76.77299, 30.7323409], [76.772921, 30.7324268]]]}}, {"type": "Feature", "properties": {"osm_id": 390018490, "building": "yes"}, "geometry": {"type": "Polygon", "coordinates": [[[76.7736574, 30.7330215], [76.7737012, 30.7330481], [76.7737936, 30.7329357], [76.7737498, 30.7329091], [76.7736574, 30.7330215]]]}}, {"type": "Feature", "properties": {"osm_id": 390018493, "building": "yes"}, "geometry": {"type": "Polygon", "coordinates": [[[76.7776074, 30.7342118], [76.7776555, 30.7341557], [76.7775194, 30.7340695], [76.7774713, 30.7341257], [76.7776074, 30.7342118]]]}}, {"type": "Feature", "properties": {"osm_id": 390018494, "building": "yes"}, "geometry": {"type": "Polygon", "coordinates": [[[76.7742966, 30.7311317], [76.7743625, 30.7311725], [76.7744549, 30.731062], [76.774389, 30.7310212], [76.7742966, 30.7311317]]]}}, {"type": "Feature", "properties": {"osm_id": 390018495, "building": "yes"}, "geometry": {"type": "Polygon", "coordinates": [[[76.7766493, 30.7356671], [76.7766963, 30.7356122], [76.7765813, 30.7355396], [76.7765344, 30.7355946], [76.7766493, 30.7356671]]]}}, {"type": "Feature", "properties": {"osm_id": 390018496, "building": "yes"}, "geometry": {"type": "Polygon", "coordinates": [[[76.7768395, 30.7331439], [76.7768818, 30.7331709], [76.7769692, 30.7330696], [76.7769269, 30.7330426], [76.7768395, 30.7331439]]]}}, {"type": "Feature", "properties": {"osm_id": 390018497, "building": "yes"}, "geometry": {"type": "Polygon", "coordinates": [[[76.7745334, 30.7335536], [76.7745772, 30.7335802], [76.7746696, 30.7334678], [76.7746258, 30.7334412], [76.7745334, 30.7335536]]]}}, {"type": "Feature", "properties": {"osm_id": 390018499, "building": "yes"}, "geometry": {"type": "Polygon", "coordinates": [[[76.7725677, 30.7326248], [76.7725203, 30.7326831], [76.7726545, 30.7327637], [76.7727018, 30.7327054], [76.7725677, 30.7326248]]]}}, {"type": "Feature", "properties": {"osm_id": 390018500, "building": "yes"}, "geometry": {"type": "Polygon", "coordinates": [[[76.7773313, 30.7337343], [76.7773743, 30.7337607], [76.7774604, 30.7336568], [76.7774175, 30.7336305], [76.7773313, 30.7337343]]]}}, {"type": "Feature", "properties": {"osm_id": 390018501, "building": "yes"}, "geometry": {"type": "Polygon", "coordinates": [[[76.7745602, 30.7312947], [76.7746261, 30.7313354], [76.7747185, 30.7312249], [76.7746526, 30.7311842], [76.7745602, 30.7312947]]]}}, {"type": "Feature", "properties": {"osm_id": 390018503, "building": "yes"}, "geometry": {"type": "Polygon", "coordinates": [[[76.776054, 30.7329113], [76.7760966, 30.7329383], [76.7761872, 30.7328329], [76.7761446, 30.7328059], [76.776054, 30.7329113]]]}}, {"type": "Feature", "properties": {"osm_id": 390018506, "building": "yes"}, "geometry": {"type": "Polygon", "coordinates": [[[76.775904, 30.7324786], [76.7759466, 30.7325052], [76.7760389, 30.7323962], [76.7759963, 30.7323696], [76.775904, 30.7324786]]]}}, {"type": "Feature", "properties": {"osm_id": 390018508, "building": "yes"}, "geometry": {"type": "Polygon", "coordinates": [[[76.776519, 30.7326027], [76.7765619, 30.7326289], [76.7766431, 30.7325306], [76.7766002, 30.7325045], [76.776519, 30.7326027]]]}}, {"type": "Feature", "properties": {"osm_id": 390018516, "building": "yes"}, "geometry": {"type": "Polygon", "coordinates": [[[76.7774201, 30.733149], [76.777463, 30.7331753], [76.7775492, 30.7330715], [76.7775062, 30.7330452], [76.7774201, 30.733149]]]}}, {"type": "Feature", "properties": {"osm_id": 390018517, "building": "yes"}, "geometry": {"type": "Polygon", "coordinates": [[[76.7757465, 30.7320278], [76.7758124, 30.7320685], [76.7759048, 30.731958], [76.7758389, 30.7319173], [76.7757465, 30.7320278]]]}}, {"type": "Feature", "properties": {"osm_id": 390018519, "building": "yes"}, "geometry": {"type": "Polygon", "coordinates": [[[76.77794, 30.734154], [76.7779881, 30.7340978], [76.777852, 30.7340117], [76.7778039, 30.7340679], [76.77794, 30.734154]]]}}, {"type": "Feature", "properties": {"osm_id": 390018521, "building": "yes"}, "geometry": {"type": "Polygon", "coordinates": [[[76.7761392, 30.7329653], [76.7761818, 30.7329924], [76.7762723, 30.732887], [76.7762297, 30.73286], [76.7761392, 30.7329653]]]}}, {"type": "Feature", "properties": {"osm_id": 390018526, "building": "yes"}, "geometry": {"type": "Polygon", "coordinates": [[[76.7778479, 30.7339311], [76.7778959, 30.7338749], [76.7777598, 30.7337888], [76.7777117, 30.7338449], [76.7778479, 30.7339311]]]}}, {"type": "Feature", "properties": {"osm_id": 390018529, "building": "yes"}, "geometry": {"type": "Polygon", "coordinates": [[[76.7770511, 30.7332788], [76.7770934, 30.7333057], [76.7771808, 30.7332044], [76.7771384, 30.7331775], [76.7770511, 30.7332788]]]}}, {"type": "Feature", "properties": {"osm_id": 390018532, "building": "yes"}, "geometry": {"type": "Polygon", "coordinates": [[[76.7774003, 30.7347878], [76.7774473, 30.7347328], [76.7773323, 30.7346603], [76.7772854, 30.7347152], [76.7774003, 30.7347878]]]}}, {"type": "Feature", "properties": {"osm_id": 390018534, "building": "yes"}, "geometry": {"type": "Polygon", "coordinates": [[[76.7748897, 30.7314983], [76.7749556, 30.731539], [76.7750481, 30.7314285], [76.7749822, 30.7313878], [76.7748897, 30.7314983]]]}}, {"type": "Feature", "properties": {"osm_id": 390018537, "building": "yes"}, "geometry": {"type": "Polygon", "coordinates": [[[76.7761168, 30.7326117], [76.7761593, 30.7326383], [76.7762516, 30.7325293], [76.7762091, 30.7325027], [76.7761168, 30.7326117]]]}}, {"type": "Feature", "properties": {"osm_id": 390018538, "building": "yes"}, "geometry": {"type": "Polygon", "coordinates": [[[76.777506, 30.7332017], [76.7775489, 30.733228], [76.7776351, 30.7331241], [76.7775921, 30.7330978], [76.777506, 30.7332017]]]}}, {"type": "Feature", "properties": {"osm_id": 390018539, "building": "yes"}, "geometry": {"type": "Polygon", "coordinates": [[[76.7768257, 30.7350988], [76.7768726, 30.7350439], [76.7767576, 30.7349713], [76.7767107, 30.7350263], [76.7768257, 30.7350988]]]}}, {"type": "Feature", "properties": {"osm_id": 390018543, "building": "yes"}, "geometry": {"type": "Polygon", "coordinates": [[[76.773964, 30.7332077], [76.7740078, 30.7332343], [76.7741002, 30.7331219], [76.7740564, 30.7330953], [76.773964, 30.7332077]]]}}, {"type": "Feature", "properties": {"osm_id": 390018548, "building": "yes"}, "geometry": {"type": "Polygon", "coordinates": [[[76.7769779, 30.7352824], [76.7770248, 30.7352275], [76.7769099, 30.7351549], [76.7768629, 30.7352099], [76.7769779, 30.7352824]]]}}, {"type": "Feature", "properties": {"osm_id": 390018552, "building": "yes"}, "geometry": {"type": "Polygon", "coordinates": [[[76.776352, 30.7331005], [76.7763946, 30.7331276], [76.7764852, 30.7330222], [76.7764426, 30.7329952], [76.776352, 30.7331005]]]}}, {"type": "Feature", "properties": {"osm_id": 390018553, "building": "yes"}, "geometry": {"type": "Polygon", "coordinates": [[[76.7733946, 30.7328619], [76.7734384, 30.7328885], [76.7735308, 30.7327761], [76.773487, 30.7327495], [76.7733946, 30.7328619]]]}}, {"type": "Feature", "properties": {"osm_id": 390018554, "building": "yes"}, "geometry": {"type": "Polygon", "coordinates": [[[76.7768203, 30.7333979], [76.7768629, 30.733425], [76.7769535, 30.7333196], [76.7769109, 30.7332926], [76.7768203, 30.7333979]]]}}, {"type": "Feature", "properties": {"osm_id": 390018556, "building": "yes"}, "geometry": {"type": "Polygon", "coordinates": [[[76.7739012, 30.7308874], [76.7739671, 30.7309281], [76.7740595, 30.7308176], [76.7739936, 30.7307769], [76.7739012, 30.7308874]]]}}, {"type": "Feature", "properties": {"osm_id": 390018559, "building": "yes"}, "geometry": {"type": "Polygon", "coordinates": [[[76.7768192, 30.7327859], [76.7768621, 30.7328121], [76.7769432, 30.7327139], [76.7769004, 30.7326877], [76.7768192, 30.7327859]]]}}, {"type": "Feature", "properties": {"osm_id": 390018562, "building": "yes"}, "geometry": {"type": "Polygon", "coordinates": [[[76.7770736, 30.7335764], [76.7771166, 30.7336027], [76.7772027, 30.7334989], [76.7771598, 30.7334726], [76.7770736, 30.7335764]]]}}, {"type": "Feature", "properties": {"osm_id": 390018564, "building": "yes"}, "geometry": {"type": "Polygon", "coordinates": [[[76.7769907, 30.7328907], [76.7770336, 30.7329168], [76.7771148, 30.7328186], [76.7770719, 30.7327924], [76.7769907, 30.7328907]]]}}, {"type": "Feature", "properties": {"osm_id": 390018570, "building": "yes"}, "geometry": {"type": "Polygon", "coordinates": [[[76.7756487, 30.7323188], [76.7756913, 30.7323454], [76.7757836, 30.7322364], [76.775741, 30.7322098], [76.7756487, 30.7323188]]]}}, {"type": "Feature", "properties": {"osm_id": 390018572, "building": "yes"}, "geometry": {"type": "Polygon", "coordinates": [[[76.7777208, 30.7333333], [76.7777637, 30.7333596], [76.7778499, 30.7332557], [76.7778069, 30.7332294], [76.7777208, 30.7333333]]]}}, {"type": "Feature", "properties": {"osm_id": 390018574, "building": "yes"}, "geometry": {"type": "Polygon", "coordinates": [[[76.7782767, 30.7337609], [76.7783247, 30.7337048], [76.7781886, 30.7336187], [76.7781405, 30.7336748], [76.7782767, 30.7337609]]]}}, {"type": "Feature", "properties": {"osm_id": 390018575, "building": "yes"}, "geometry": {"type": "Polygon", "coordinates": [[[76.7773189, 30.7334289], [76.7773618, 30.7334552], [76.777448, 30.7333514], [76.777405, 30.7333251], [76.7773189, 30.7334289]]]}}, {"type": "Feature", "properties": {"osm_id": 390018576, "building": "yes"}, "geometry": {"type": "Polygon", "coordinates": [[[76.7764372, 30.7331546], [76.7764798, 30.7331816], [76.7765703, 30.7330763], [76.7765277, 30.7330492], [76.7764372, 30.7331546]]]}}, {"type": "Feature", "properties": {"osm_id": 390018578, "building": "yes"}, "geometry": {"type": "Polygon", "coordinates": [[[76.7765009, 30.7329282], [76.7765433, 30.7329551], [76.7766307, 30.7328538], [76.7765883, 30.7328269], [76.7765009, 30.7329282]]]}}, {"type": "Feature", "properties": {"osm_id": 390018579, "building": "yes"}, "geometry": {"type": "Polygon", "coordinates": [[[76.774183, 30.7333408], [76.7742268, 30.7333674], [76.7743192, 30.7332549], [76.7742754, 30.7332283], [76.774183, 30.7333408]]]}}, {"type": "Feature", "properties": {"osm_id": 390018581, "building": "yes"}, "geometry": {"type": "Polygon", "coordinates": [[[76.7772481, 30.7346042], [76.7772951, 30.7345492], [76.7771801, 30.7344767], [76.7771331, 30.7345316], [76.7772481, 30.7346042]]]}}, {"type": "Feature", "properties": {"osm_id": 390018582, "building": "yes"}, "geometry": {"type": "Polygon", "coordinates": [[[76.774033, 30.7309688], [76.7740989, 30.7310096], [76.7741913, 30.730899], [76.7741254, 30.7308583], [76.774033, 30.7309688]]]}}, {"type": "Feature", "properties": {"osm_id": 390018583, "building": "yes"}, "geometry": {"type": "Polygon", "coordinates": [[[76.7772126, 30.7350076], [76.7772595, 30.7349526], [76.7771446, 30.7348801], [76.7770976, 30.7349351], [76.7772126, 30.7350076]]]}}, {"type": "Feature", "properties": {"osm_id": 390018584, "building": "yes"}, "geometry": {"type": "Polygon", "coordinates": [[[76.7743582, 30.7334472], [76.774402, 30.7334738], [76.7744944, 30.7333614], [76.7744506, 30.7333347], [76.7743582, 30.7334472]]]}}, {"type": "Feature", "properties": {"osm_id": 390018587, "building": "yes"}, "geometry": {"type": "Polygon", "coordinates": [[[76.7771595, 30.733629], [76.7772025, 30.7336554], [76.7772886, 30.7335515], [76.7772457, 30.7335252], [76.7771595, 30.733629]]]}}, {"type": "Feature", "properties": {"osm_id": 390018588, "building": "yes"}, "geometry": {"type": "Polygon", "coordinates": [[[76.775351, 30.7317834], [76.7754169, 30.7318241], [76.7755094, 30.7317136], [76.7754435, 30.7316729], [76.775351, 30.7317834]]]}}, {"type": "Feature", "properties": {"osm_id": 390018592, "building": "yes"}, "geometry": {"type": "Polygon", "coordinates": [[[76.7763475, 30.732498], [76.7763904, 30.7325241], [76.7764715, 30.7324259], [76.7764287, 30.7323997], [76.7763475, 30.732498]]]}}, {"type": "Feature", "properties": {"osm_id": 390018593, "building": "yes"}, "geometry": {"type": "Polygon", "coordinates": [[[76.7780883, 30.7336503], [76.7781364, 30.7335941], [76.7780003, 30.733508], [76.7779522, 30.7335642], [76.7780883, 30.7336503]]]}}, {"type": "Feature", "properties": {"osm_id": 390178872, "building": "yes"}, "geometry": {"type": "Polygon", "coordinates": [[[76.7793788, 30.7273221], [76.7794653, 30.7273764], [76.7793713, 30.7274871], [76.7792848, 30.7274328], [76.7793788, 30.7273221]]]}}, {"type": "Feature", "properties": {"osm_id": 390178874, "building": "yes"}, "geometry": {"type": "Polygon", "coordinates": [[[76.7784273, 30.7267248], [76.7785138, 30.7267791], [76.7784197, 30.7268897], [76.7783332, 30.7268354], [76.7784273, 30.7267248]]]}}, {"type": "Feature", "properties": {"osm_id": 390178876, "building": "yes"}, "geometry": {"type": "Polygon", "coordinates": [[[76.7790328, 30.7271049], [76.7791193, 30.7271592], [76.7790252, 30.7272699], [76.7789387, 30.7272156], [76.7790328, 30.7271049]]]}}, {"type": "Feature", "properties": {"osm_id": 390178878, "building": "yes"}, "geometry": {"type": "Polygon", "coordinates": [[[76.7794653, 30.7273764], [76.7795518, 30.7274307], [76.7794578, 30.7275414], [76.7793713, 30.7274871], [76.7794653, 30.7273764]]]}}, {"type": "Feature", "properties": {"osm_id": 390178880, "building": "yes"}, "geometry": {"type": "Polygon", "coordinates": [[[76.7795518, 30.7274307], [76.7796383, 30.727485], [76.7795443, 30.7275957], [76.7794578, 30.7275414], [76.7795518, 30.7274307]]]}}, {"type": "Feature", "properties": {"osm_id": 390178881, "building": "yes"}, "geometry": {"type": "Polygon", "coordinates": [[[76.7786868, 30.7268877], [76.7787733, 30.726942], [76.7786792, 30.7270526], [76.7785927, 30.7269983], [76.7786868, 30.7268877]]]}}, {"type": "Feature", "properties": {"osm_id": 390178882, "building": "yes"}, "geometry": {"type": "Polygon", "coordinates": [[[76.7791193, 30.7271592], [76.7792058, 30.7272135], [76.7791117, 30.7273242], [76.7790252, 30.7272699], [76.7791193, 30.7271592]]]}}, {"type": "Feature", "properties": {"osm_id": 390178884, "building": "yes"}, "geometry": {"type": "Polygon", "coordinates": [[[76.7792058, 30.7272135], [76.7792923, 30.7272678], [76.7791983, 30.7273785], [76.7791117, 30.7273242], [76.7792058, 30.7272135]]]}}, {"type": "Feature", "properties": {"osm_id": 390178885, "building": "yes"}, "geometry": {"type": "Polygon", "coordinates": [[[76.7796383, 30.727485], [76.7797248, 30.7275393], [76.7796308, 30.72765], [76.7795443, 30.7275957], [76.7796383, 30.727485]]]}}, {"type": "Feature", "properties": {"osm_id": 390178886, "building": "yes"}, "geometry": {"type": "Polygon", "coordinates": [[[76.7787733, 30.726942], [76.7788598, 30.7269963], [76.7787657, 30.727107], [76.7786792, 30.7270526], [76.7787733, 30.726942]]]}}, {"type": "Feature", "properties": {"osm_id": 390178887, "building": "yes"}, "geometry": {"type": "Polygon", "coordinates": [[[76.7788598, 30.7269963], [76.7789463, 30.7270506], [76.7788522, 30.7271613], [76.7787657, 30.727107], [76.7788598, 30.7269963]]]}}, {"type": "Feature", "properties": {"osm_id": 390178889, "building": "yes"}, "geometry": {"type": "Polygon", "coordinates": [[[76.7792923, 30.7272678], [76.7793788, 30.7273221], [76.7792848, 30.7274328], [76.7791983, 30.7273785], [76.7792923, 30.7272678]]]}}, {"type": "Feature", "properties": {"osm_id": 390178890, "building": "yes"}, "geometry": {"type": "Polygon", "coordinates": [[[76.7785138, 30.7267791], [76.7786003, 30.7268334], [76.7785062, 30.726944], [76.7784197, 30.7268897], [76.7785138, 30.7267791]]]}}, {"type": "Feature", "properties": {"osm_id": 390178892, "building": "yes"}, "geometry": {"type": "Polygon", "coordinates": [[[76.7789463, 30.7270506], [76.7790328, 30.7271049], [76.7789387, 30.7272156], [76.7788522, 30.7271613], [76.7789463, 30.7270506]]]}}, {"type": "Feature", "properties": {"osm_id": 390178894, "building": "yes"}, "geometry": {"type": "Polygon", "coordinates": [[[76.7797248, 30.7275393], [76.7798113, 30.7275936], [76.7797173, 30.7277043], [76.7796308, 30.72765], [76.7797248, 30.7275393]]]}}, {"type": "Feature", "properties": {"osm_id": 390178896, "building": "yes"}, "geometry": {"type": "Polygon", "coordinates": [[[76.7786003, 30.7268334], [76.7786868, 30.7268877], [76.7785927, 30.7269983], [76.7785062, 30.726944], [76.7786003, 30.7268334]]]}}, {"type": "Feature", "properties": {"osm_id": 390180062, "building": "yes"}, "geometry": {"type": "Polygon", "coordinates": [[[76.7653198, 30.7387528], [76.7653648, 30.7387801], [76.7653163, 30.7388391], [76.7652713, 30.7388118], [76.7653198, 30.7387528]]]}}, {"type": "Feature", "properties": {"osm_id": 390180064, "building": "yes"}, "geometry": {"type": "Polygon", "coordinates": [[[76.7656347, 30.7389438], [76.7656797, 30.738971], [76.7656312, 30.7390301], [76.7655862, 30.7390028], [76.7656347, 30.7389438]]]}}, {"type": "Feature", "properties": {"osm_id": 390180066, "building": "yes"}, "geometry": {"type": "Polygon", "coordinates": [[[76.7654098, 30.7388073], [76.7654548, 30.7388346], [76.7654063, 30.7388937], [76.7653613, 30.7388664], [76.7654098, 30.7388073]]]}}, {"type": "Feature", "properties": {"osm_id": 390180068, "building": "yes"}, "geometry": {"type": "Polygon", "coordinates": [[[76.7654548, 30.7388346], [76.7654998, 30.7388619], [76.7654513, 30.738921], [76.7654063, 30.7388937], [76.7654548, 30.7388346]]]}}, {"type": "Feature", "properties": {"osm_id": 390180069, "building": "yes"}, "geometry": {"type": "Polygon", "coordinates": [[[76.7654998, 30.7388619], [76.7655448, 30.7388892], [76.7654963, 30.7389483], [76.7654513, 30.738921], [76.7654998, 30.7388619]]]}}, {"type": "Feature", "properties": {"osm_id": 390180070, "building": "yes"}, "geometry": {"type": "Polygon", "coordinates": [[[76.7655448, 30.7388892], [76.7655898, 30.7389165], [76.7655413, 30.7389755], [76.7654963, 30.7389483], [76.7655448, 30.7388892]]]}}, {"type": "Feature", "properties": {"osm_id": 390180071, "building": "yes"}, "geometry": {"type": "Polygon", "coordinates": [[[76.7653648, 30.7387801], [76.7654098, 30.7388073], [76.7653613, 30.7388664], [76.7653163, 30.7388391], [76.7653648, 30.7387801]]]}}, {"type": "Feature", "properties": {"osm_id": 390180072, "building": "yes"}, "geometry": {"type": "Polygon", "coordinates": [[[76.7655898, 30.7389165], [76.7656347, 30.7389438], [76.7655862, 30.7390028], [76.7655413, 30.7389755], [76.7655898, 30.7389165]]]}}, {"type": "Feature", "properties": {"osm_id": 390180277, "building": "yes"}, "geometry": {"type": "Polygon", "coordinates": [[[76.7649521, 30.7388915], [76.7650186, 30.7389326], [76.7649294, 30.7390392], [76.764863, 30.7389981], [76.7649521, 30.7388915]]]}}, {"type": "Feature", "properties": {"osm_id": 390180278, "building": "yes"}, "geometry": {"type": "Polygon", "coordinates": [[[76.7648424, 30.7385414], [76.7649089, 30.7385825], [76.7648197, 30.7386891], [76.7647532, 30.738648], [76.7648424, 30.7385414]]]}}, {"type": "Feature", "properties": {"osm_id": 390180279, "building": "yes"}, "geometry": {"type": "Polygon", "coordinates": [[[76.7643151, 30.7390511], [76.7643815, 30.7390922], [76.7642924, 30.7391987], [76.7642259, 30.7391577], [76.7643151, 30.7390511]]]}}, {"type": "Feature", "properties": {"osm_id": 390180280, "building": "yes"}, "geometry": {"type": "Polygon", "coordinates": [[[76.764978, 30.7383284], [76.7650212, 30.7383565], [76.764954, 30.7384328], [76.7649108, 30.7384046], [76.764978, 30.7383284]]]}}, {"type": "Feature", "properties": {"osm_id": 390180281, "building": "yes"}, "geometry": {"type": "Polygon", "coordinates": [[[76.7644383, 30.7393856], [76.7645047, 30.7394267], [76.7644156, 30.7395333], [76.7643491, 30.7394922], [76.7644383, 30.7393856]]]}}, {"type": "Feature", "properties": {"osm_id": 390180282, "building": "yes"}, "geometry": {"type": "Polygon", "coordinates": [[[76.7652375, 30.7384974], [76.7652807, 30.7385256], [76.7652135, 30.7386018], [76.7651702, 30.7385736], [76.7652375, 30.7384974]]]}}, {"type": "Feature", "properties": {"osm_id": 390180283, "building": "yes"}, "geometry": {"type": "Polygon", "coordinates": [[[76.7645333, 30.7389079], [76.7645998, 30.738949], [76.7645107, 30.7390556], [76.7644442, 30.7390145], [76.7645333, 30.7389079]]]}}, {"type": "Feature", "properties": {"osm_id": 390180284, "building": "yes"}, "geometry": {"type": "Polygon", "coordinates": [[[76.7641059, 30.7391803], [76.7641724, 30.7392213], [76.7640832, 30.7393279], [76.7640168, 30.7392869], [76.7641059, 30.7391803]]]}}, {"type": "Feature", "properties": {"osm_id": 390180285, "building": "yes"}, "geometry": {"type": "Polygon", "coordinates": [[[76.7646862, 30.7387272], [76.7647527, 30.7387683], [76.7646636, 30.7388749], [76.7645971, 30.7388338], [76.7646862, 30.7387272]]]}}, {"type": "Feature", "properties": {"osm_id": 390180286, "building": "yes"}, "geometry": {"type": "Polygon", "coordinates": [[[76.7645765, 30.7383771], [76.764643, 30.7384182], [76.7645538, 30.7385248], [76.7644874, 30.7384837], [76.7645765, 30.7383771]]]}}, {"type": "Feature", "properties": {"osm_id": 390180287, "building": "yes"}, "geometry": {"type": "Polygon", "coordinates": [[[76.7640492, 30.7388868], [76.7641156, 30.7389279], [76.7640265, 30.7390345], [76.76396, 30.7389934], [76.7640492, 30.7388868]]]}}, {"type": "Feature", "properties": {"osm_id": 390180288, "building": "yes"}, "geometry": {"type": "Polygon", "coordinates": [[[76.7641724, 30.7392213], [76.7642389, 30.7392624], [76.7641497, 30.739369], [76.7640832, 30.7393279], [76.7641724, 30.7392213]]]}}, {"type": "Feature", "properties": {"osm_id": 390180289, "building": "yes"}, "geometry": {"type": "Polygon", "coordinates": [[[76.7650645, 30.7383847], [76.7651077, 30.7384129], [76.7650405, 30.7384891], [76.7649972, 30.7384609], [76.7650645, 30.7383847]]]}}, {"type": "Feature", "properties": {"osm_id": 390180290, "building": "yes"}, "geometry": {"type": "Polygon", "coordinates": [[[76.7642675, 30.7387437], [76.7643339, 30.7387847], [76.7642448, 30.7388913], [76.7641783, 30.7388503], [76.7642675, 30.7387437]]]}}, {"type": "Feature", "properties": {"osm_id": 390180291, "building": "yes"}, "geometry": {"type": "Polygon", "coordinates": [[[76.7646474, 30.7392564], [76.7647139, 30.7392975], [76.7646247, 30.7394041], [76.7645583, 30.739363], [76.7646474, 30.7392564]]]}}, {"type": "Feature", "properties": {"osm_id": 390180292, "building": "yes"}, "geometry": {"type": "Polygon", "coordinates": [[[76.7650212, 30.7383565], [76.7650645, 30.7383847], [76.7649972, 30.7384609], [76.764954, 30.7384328], [76.7650212, 30.7383565]]]}}, {"type": "Feature", "properties": {"osm_id": 390180293, "building": "yes"}, "geometry": {"type": "Polygon", "coordinates": [[[76.7645047, 30.7394267], [76.7645712, 30.7394678], [76.7644821, 30.7395743], [76.7644156, 30.7395333], [76.7645047, 30.7394267]]]}}, {"type": "Feature", "properties": {"osm_id": 390180294, "building": "yes"}, "geometry": {"type": "Polygon", "coordinates": [[[76.7652807, 30.7385256], [76.765324, 30.7385537], [76.7652567, 30.73863], [76.7652135, 30.7386018], [76.7652807, 30.7385256]]]}}, {"type": "Feature", "properties": {"osm_id": 390180295, "building": "yes"}, "geometry": {"type": "Polygon", "coordinates": [[[76.7645998, 30.738949], [76.7646663, 30.7389901], [76.7645771, 30.7390967], [76.7645107, 30.7390556], [76.7645998, 30.738949]]]}}, {"type": "Feature", "properties": {"osm_id": 390180296, "building": "yes"}, "geometry": {"type": "Polygon", "coordinates": [[[76.7644203, 30.738563], [76.7644868, 30.738604], [76.7643977, 30.7387106], [76.7643312, 30.7386695], [76.7644203, 30.738563]]]}}, {"type": "Feature", "properties": {"osm_id": 390180297, "building": "yes"}, "geometry": {"type": "Polygon", "coordinates": [[[76.7639065, 30.7390571], [76.763973, 30.7390981], [76.7638838, 30.7392047], [76.7638174, 30.7391637], [76.7639065, 30.7390571]]]}}, {"type": "Feature", "properties": {"osm_id": 390180298, "building": "yes"}, "geometry": {"type": "Polygon", "coordinates": [[[76.7646663, 30.7389901], [76.7647328, 30.7390311], [76.7646436, 30.7391377], [76.7645771, 30.7390967], [76.7646663, 30.7389901]]]}}, {"type": "Feature", "properties": {"osm_id": 390180299, "building": "yes"}, "geometry": {"type": "Polygon", "coordinates": [[[76.7649089, 30.7385825], [76.7649753, 30.7386235], [76.7648862, 30.7387301], [76.7648197, 30.7386891], [76.7649089, 30.7385825]]]}}, {"type": "Feature", "properties": {"osm_id": 390180300, "building": "yes"}, "geometry": {"type": "Polygon", "coordinates": [[[76.7643815, 30.7390922], [76.764448, 30.7391332], [76.7643589, 30.7392398], [76.7642924, 30.7391987], [76.7643815, 30.7390922]]]}}, {"type": "Feature", "properties": {"osm_id": 390180301, "building": "yes"}, "geometry": {"type": "Polygon", "coordinates": [[[76.7642389, 30.7392624], [76.7643053, 30.7393035], [76.7642162, 30.7394101], [76.7641497, 30.739369], [76.7642389, 30.7392624]]]}}, {"type": "Feature", "properties": {"osm_id": 390180302, "building": "yes"}, "geometry": {"type": "Polygon", "coordinates": [[[76.7651077, 30.7384129], [76.765151, 30.7384411], [76.7650837, 30.7385173], [76.7650405, 30.7384891], [76.7651077, 30.7384129]]]}}, {"type": "Feature", "properties": {"osm_id": 390180303, "building": "yes"}, "geometry": {"type": "Polygon", "coordinates": [[[76.7643339, 30.7387847], [76.7644004, 30.7388258], [76.7643113, 30.7389324], [76.7642448, 30.7388913], [76.7643339, 30.7387847]]]}}, {"type": "Feature", "properties": {"osm_id": 390180304, "building": "yes"}, "geometry": {"type": "Polygon", "coordinates": [[[76.7644004, 30.7388258], [76.7644669, 30.7388669], [76.7643777, 30.7389735], [76.7643113, 30.7389324], [76.7644004, 30.7388258]]]}}, {"type": "Feature", "properties": {"osm_id": 390180305, "building": "yes"}, "geometry": {"type": "Polygon", "coordinates": [[[76.7647527, 30.7387683], [76.7648192, 30.7388094], [76.76473, 30.738916], [76.7646636, 30.7388749], [76.7647527, 30.7387683]]]}}, {"type": "Feature", "properties": {"osm_id": 390180306, "building": "yes"}, "geometry": {"type": "Polygon", "coordinates": [[[76.7649347, 30.7383002], [76.764978, 30.7383284], [76.7649108, 30.7384046], [76.7648675, 30.7383764], [76.7649347, 30.7383002]]]}}, {"type": "Feature", "properties": {"osm_id": 390180307, "building": "yes"}, "geometry": {"type": "Polygon", "coordinates": [[[76.764643, 30.7384182], [76.7647094, 30.7384593], [76.7646203, 30.7385659], [76.7645538, 30.7385248], [76.764643, 30.7384182]]]}}, {"type": "Feature", "properties": {"osm_id": 390180308, "building": "yes"}, "geometry": {"type": "Polygon", "coordinates": [[[76.7641156, 30.7389279], [76.7641821, 30.738969], [76.764093, 30.7390755], [76.7640265, 30.7390345], [76.7641156, 30.7389279]]]}}, {"type": "Feature", "properties": {"osm_id": 390180309, "building": "yes"}, "geometry": {"type": "Polygon", "coordinates": [[[76.763973, 30.7390981], [76.7640394, 30.7391392], [76.7639503, 30.7392458], [76.7638838, 30.7392047], [76.763973, 30.7390981]]]}}, {"type": "Feature", "properties": {"osm_id": 390180310, "building": "yes"}, "geometry": {"type": "Polygon", "coordinates": [[[76.7647328, 30.7390311], [76.7647992, 30.7390722], [76.7647101, 30.7391788], [76.7646436, 30.7391377], [76.7647328, 30.7390311]]]}}, {"type": "Feature", "properties": {"osm_id": 390180311, "building": "yes"}, "geometry": {"type": "Polygon", "coordinates": [[[76.7649753, 30.7386235], [76.7650418, 30.7386646], [76.7649527, 30.7387712], [76.7648862, 30.7387301], [76.7649753, 30.7386235]]]}}, {"type": "Feature", "properties": {"osm_id": 390180312, "building": "yes"}, "geometry": {"type": "Polygon", "coordinates": [[[76.764448, 30.7391332], [76.7645145, 30.7391743], [76.7644253, 30.7392809], [76.7643589, 30.7392398], [76.764448, 30.7391332]]]}}, {"type": "Feature", "properties": {"osm_id": 390180313, "building": "yes"}, "geometry": {"type": "Polygon", "coordinates": [[[76.765324, 30.7385537], [76.7653672, 30.7385819], [76.7653, 30.7386582], [76.7652567, 30.73863], [76.765324, 30.7385537]]]}}, {"type": "Feature", "properties": {"osm_id": 390180314, "building": "yes"}, "geometry": {"type": "Polygon", "coordinates": [[[76.7645145, 30.7391743], [76.7645809, 30.7392154], [76.7644918, 30.739322], [76.7644253, 30.7392809], [76.7645145, 30.7391743]]]}}, {"type": "Feature", "properties": {"osm_id": 390180315, "building": "yes"}, "geometry": {"type": "Polygon", "coordinates": [[[76.7644868, 30.738604], [76.7645533, 30.7386451], [76.7644641, 30.7387517], [76.7643977, 30.7387106], [76.7644868, 30.738604]]]}}, {"type": "Feature", "properties": {"osm_id": 390180316, "building": "yes"}, "geometry": {"type": "Polygon", "coordinates": [[[76.7644669, 30.7388669], [76.7645333, 30.7389079], [76.7644442, 30.7390145], [76.7643777, 30.7389735], [76.7644669, 30.7388669]]]}}, {"type": "Feature", "properties": {"osm_id": 390180317, "building": "yes"}, "geometry": {"type": "Polygon", "coordinates": [[[76.7648192, 30.7388094], [76.7648856, 30.7388504], [76.7647965, 30.738957], [76.76473, 30.738916], [76.7648192, 30.7388094]]]}}, {"type": "Feature", "properties": {"osm_id": 390180318, "building": "yes"}, "geometry": {"type": "Polygon", "coordinates": [[[76.7647094, 30.7384593], [76.7647759, 30.7385003], [76.7646868, 30.7386069], [76.7646203, 30.7385659], [76.7647094, 30.7384593]]]}}, {"type": "Feature", "properties": {"osm_id": 390180319, "building": "yes"}, "geometry": {"type": "Polygon", "coordinates": [[[76.7650418, 30.7386646], [76.7651083, 30.7387057], [76.7650191, 30.7388123], [76.7649527, 30.7387712], [76.7650418, 30.7386646]]]}}, {"type": "Feature", "properties": {"osm_id": 390180320, "building": "yes"}, "geometry": {"type": "Polygon", "coordinates": [[[76.7641821, 30.738969], [76.7642486, 30.73901], [76.7641594, 30.7391166], [76.764093, 30.7390755], [76.7641821, 30.738969]]]}}, {"type": "Feature", "properties": {"osm_id": 390180321, "building": "yes"}, "geometry": {"type": "Polygon", "coordinates": [[[76.7643053, 30.7393035], [76.7643718, 30.7393446], [76.7642827, 30.7394511], [76.7642162, 30.7394101], [76.7643053, 30.7393035]]]}}, {"type": "Feature", "properties": {"osm_id": 390180322, "building": "yes"}, "geometry": {"type": "Polygon", "coordinates": [[[76.765151, 30.7384411], [76.7651942, 30.7384692], [76.765127, 30.7385455], [76.7650837, 30.7385173], [76.765151, 30.7384411]]]}}, {"type": "Feature", "properties": {"osm_id": 390180323, "building": "yes"}, "geometry": {"type": "Polygon", "coordinates": [[[76.7648856, 30.7388504], [76.7649521, 30.7388915], [76.764863, 30.7389981], [76.7647965, 30.738957], [76.7648856, 30.7388504]]]}}, {"type": "Feature", "properties": {"osm_id": 390180324, "building": "yes"}, "geometry": {"type": "Polygon", "coordinates": [[[76.7643539, 30.7385219], [76.7644203, 30.738563], [76.7643312, 30.7386695], [76.7642647, 30.7386285], [76.7643539, 30.7385219]]]}}, {"type": "Feature", "properties": {"osm_id": 390180325, "building": "yes"}, "geometry": {"type": "Polygon", "coordinates": [[[76.7647759, 30.7385003], [76.7648424, 30.7385414], [76.7647532, 30.738648], [76.7646868, 30.7386069], [76.7647759, 30.7385003]]]}}, {"type": "Feature", "properties": {"osm_id": 390180326, "building": "yes"}, "geometry": {"type": "Polygon", "coordinates": [[[76.7642486, 30.73901], [76.7643151, 30.7390511], [76.7642259, 30.7391577], [76.7641594, 30.7391166], [76.7642486, 30.73901]]]}}, {"type": "Feature", "properties": {"osm_id": 390180327, "building": "yes"}, "geometry": {"type": "Polygon", "coordinates": [[[76.764201, 30.7387026], [76.7642675, 30.7387437], [76.7641783, 30.7388503], [76.7641118, 30.7388092], [76.764201, 30.7387026]]]}}, {"type": "Feature", "properties": {"osm_id": 390180328, "building": "yes"}, "geometry": {"type": "Polygon", "coordinates": [[[76.7645809, 30.7392154], [76.7646474, 30.7392564], [76.7645583, 30.739363], [76.7644918, 30.739322], [76.7645809, 30.7392154]]]}}, {"type": "Feature", "properties": {"osm_id": 390180329, "building": "yes"}, "geometry": {"type": "Polygon", "coordinates": [[[76.7645533, 30.7386451], [76.7646198, 30.7386862], [76.7645306, 30.7387927], [76.7644641, 30.7387517], [76.7645533, 30.7386451]]]}}, {"type": "Feature", "properties": {"osm_id": 390180330, "building": "yes"}, "geometry": {"type": "Polygon", "coordinates": [[[76.7640394, 30.7391392], [76.7641059, 30.7391803], [76.7640168, 30.7392869], [76.7639503, 30.7392458], [76.7640394, 30.7391392]]]}}, {"type": "Feature", "properties": {"osm_id": 390180331, "building": "yes"}, "geometry": {"type": "Polygon", "coordinates": [[[76.7647992, 30.7390722], [76.7648657, 30.7391133], [76.7647766, 30.7392199], [76.7647101, 30.7391788], [76.7647992, 30.7390722]]]}}, {"type": "Feature", "properties": {"osm_id": 390180332, "building": "yes"}, "geometry": {"type": "Polygon", "coordinates": [[[76.7646198, 30.7386862], [76.7646862, 30.7387272], [76.7645971, 30.7388338], [76.7645306, 30.7387927], [76.7646198, 30.7386862]]]}}, {"type": "Feature", "properties": {"osm_id": 390180333, "building": "yes"}, "geometry": {"type": "Polygon", "coordinates": [[[76.76451, 30.7383361], [76.7645765, 30.7383771], [76.7644874, 30.7384837], [76.7644209, 30.7384427], [76.76451, 30.7383361]]]}}, {"type": "Feature", "properties": {"osm_id": 390180334, "building": "yes"}, "geometry": {"type": "Polygon", "coordinates": [[[76.7651083, 30.7387057], [76.7651747, 30.7387467], [76.7650856, 30.7388533], [76.7650191, 30.7388123], [76.7651083, 30.7387057]]]}}, {"type": "Feature", "properties": {"osm_id": 390180335, "building": "yes"}, "geometry": {"type": "Polygon", "coordinates": [[[76.7643718, 30.7393446], [76.7644383, 30.7393856], [76.7643491, 30.7394922], [76.7642827, 30.7394511], [76.7643718, 30.7393446]]]}}, {"type": "Feature", "properties": {"osm_id": 390180336, "building": "yes"}, "geometry": {"type": "Polygon", "coordinates": [[[76.7651942, 30.7384692], [76.7652375, 30.7384974], [76.7651702, 30.7385736], [76.765127, 30.7385455], [76.7651942, 30.7384692]]]}}, {"type": "Feature", "properties": {"osm_id": 390180981, "building": "yes"}, "geometry": {"type": "Polygon", "coordinates": [[[76.763337, 30.7397472], [76.7632708, 30.7397063], [76.7631764, 30.739819], [76.7632426, 30.73986], [76.763337, 30.7397472]]]}}, {"type": "Feature", "properties": {"osm_id": 390180982, "building": "yes"}, "geometry": {"type": "Polygon", "coordinates": [[[76.7632708, 30.7397063], [76.7632045, 30.7396653], [76.7631102, 30.7397781], [76.7631764, 30.739819], [76.7632708, 30.7397063]]]}}, {"type": "Feature", "properties": {"osm_id": 390180983, "building": "yes"}, "geometry": {"type": "Polygon", "coordinates": [[[76.7632045, 30.7396653], [76.7631383, 30.7396244], [76.7630439, 30.7397371], [76.7631102, 30.7397781], [76.7632045, 30.7396653]]]}}, {"type": "Feature", "properties": {"osm_id": 390180984, "building": "yes"}, "geometry": {"type": "Polygon", "coordinates": [[[76.7631383, 30.7396244], [76.7630721, 30.7395834], [76.7629777, 30.7396962], [76.7630439, 30.7397371], [76.7631383, 30.7396244]]]}}, {"type": "Feature", "properties": {"osm_id": 390180985, "building": "yes"}, "geometry": {"type": "Polygon", "coordinates": [[[76.7630721, 30.7395834], [76.7630059, 30.7395425], [76.7629115, 30.7396552], [76.7629777, 30.7396962], [76.7630721, 30.7395834]]]}}, {"type": "Feature", "properties": {"osm_id": 390180986, "building": "yes"}, "geometry": {"type": "Polygon", "coordinates": [[[76.7630059, 30.7395425], [76.7629396, 30.7395015], [76.7628453, 30.7396143], [76.7629115, 30.7396552], [76.7630059, 30.7395425]]]}}, {"type": "Feature", "properties": {"osm_id": 390202468, "building": "yes"}, "geometry": {"type": "Polygon", "coordinates": [[[76.7797229, 30.7272184], [76.7798099, 30.7272731], [76.7797263, 30.7273713], [76.7796393, 30.7273167], [76.7797229, 30.7272184]]]}}, {"type": "Feature", "properties": {"osm_id": 390202470, "building": "yes"}, "geometry": {"type": "Polygon", "coordinates": [[[76.7790982, 30.7265421], [76.7791851, 30.7265968], [76.7791016, 30.7266951], [76.7790146, 30.7266404], [76.7790982, 30.7265421]]]}}, {"type": "Feature", "properties": {"osm_id": 390202471, "building": "yes"}, "geometry": {"type": "Polygon", "coordinates": [[[76.7787663, 30.7266172], [76.7788532, 30.7266719], [76.7787697, 30.7267701], [76.7786827, 30.7267155], [76.7787663, 30.7266172]]]}}, {"type": "Feature", "properties": {"osm_id": 390202472, "building": "yes"}, "geometry": {"type": "Polygon", "coordinates": [[[76.7788373, 30.7263782], [76.7789242, 30.7264328], [76.7788407, 30.7265311], [76.7787537, 30.7264764], [76.7788373, 30.7263782]]]}}, {"type": "Feature", "properties": {"osm_id": 390202473, "building": "yes"}, "geometry": {"type": "Polygon", "coordinates": [[[76.7792758, 30.7263354], [76.7793628, 30.72639], [76.7792792, 30.7264883], [76.7791923, 30.7264337], [76.7792758, 30.7263354]]]}}, {"type": "Feature", "properties": {"osm_id": 390202474, "building": "yes"}, "geometry": {"type": "Polygon", "coordinates": [[[76.7797939, 30.7269794], [76.7798809, 30.727034], [76.7797973, 30.7271323], [76.7797103, 30.7270777], [76.7797939, 30.7269794]]]}}, {"type": "Feature", "properties": {"osm_id": 390202475, "building": "yes"}, "geometry": {"type": "Polygon", "coordinates": [[[76.779462, 30.7270545], [76.779549, 30.7271091], [76.7794654, 30.7272074], [76.7793784, 30.7271527], [76.779462, 30.7270545]]]}}, {"type": "Feature", "properties": {"osm_id": 390202476, "building": "yes"}, "geometry": {"type": "Polygon", "coordinates": [[[76.7797107, 30.7266087], [76.7797976, 30.7266633], [76.7797141, 30.7267616], [76.7796271, 30.7267069], [76.7797107, 30.7266087]]]}}, {"type": "Feature", "properties": {"osm_id": 390202477, "building": "yes"}, "geometry": {"type": "Polygon", "coordinates": [[[76.779533, 30.7268154], [76.77962, 30.7268701], [76.7795364, 30.7269683], [76.7794494, 30.7269137], [76.779533, 30.7268154]]]}}, {"type": "Feature", "properties": {"osm_id": 390202478, "building": "yes"}, "geometry": {"type": "Polygon", "coordinates": [[[76.7783103, 30.7266491], [76.7784171, 30.7267161], [76.7783225, 30.7268277], [76.7782157, 30.7267607], [76.7783103, 30.7266491]]]}}, {"type": "Feature", "properties": {"osm_id": 390202479, "building": "yes"}, "geometry": {"type": "Polygon", "coordinates": [[[76.7792011, 30.7268905], [76.7792881, 30.7269452], [76.7792045, 30.7270434], [76.7791175, 30.7269888], [76.7792011, 30.7268905]]]}}, {"type": "Feature", "properties": {"osm_id": 390202480, "building": "yes"}, "geometry": {"type": "Polygon", "coordinates": [[[76.7794498, 30.7264447], [76.7795367, 30.7264994], [76.7794532, 30.7265976], [76.7793662, 30.726543], [76.7794498, 30.7264447]]]}}, {"type": "Feature", "properties": {"osm_id": 390202481, "building": "yes"}, "geometry": {"type": "Polygon", "coordinates": [[[76.7792721, 30.7266515], [76.7793591, 30.7267061], [76.7792755, 30.7268044], [76.7791885, 30.7267497], [76.7792721, 30.7266515]]]}}, {"type": "Feature", "properties": {"osm_id": 390202482, "building": "yes"}, "geometry": {"type": "Polygon", "coordinates": [[[76.7789402, 30.7267265], [76.7790272, 30.7267812], [76.7789436, 30.7268794], [76.7788566, 30.7268248], [76.7789402, 30.7267265]]]}}, {"type": "Feature", "properties": {"osm_id": 390202485, "building": "yes"}, "geometry": {"type": "Polygon", "coordinates": [[[76.7790112, 30.7264875], [76.7790982, 30.7265421], [76.7790146, 30.7266404], [76.7789276, 30.7265858], [76.7790112, 30.7264875]]]}}, {"type": "Feature", "properties": {"osm_id": 390202488, "building": "yes"}, "geometry": {"type": "Polygon", "coordinates": [[[76.7796359, 30.7271638], [76.7797229, 30.7272184], [76.7796393, 30.7273167], [76.7795524, 30.727262], [76.7796359, 30.7271638]]]}}, {"type": "Feature", "properties": {"osm_id": 390202490, "building": "yes"}, "geometry": {"type": "Polygon", "coordinates": [[[76.7797069, 30.7269247], [76.7797939, 30.7269794], [76.7797103, 30.7270777], [76.7796234, 30.727023], [76.7797069, 30.7269247]]]}}, {"type": "Feature", "properties": {"osm_id": 390202491, "building": "yes"}, "geometry": {"type": "Polygon", "coordinates": [[[76.779375, 30.7269998], [76.779462, 30.7270545], [76.7793784, 30.7271527], [76.7792915, 30.7270981], [76.779375, 30.7269998]]]}}, {"type": "Feature", "properties": {"osm_id": 390202492, "building": "yes"}, "geometry": {"type": "Polygon", "coordinates": [[[76.7796237, 30.726554], [76.7797107, 30.7266087], [76.7796271, 30.7267069], [76.7795401, 30.7266523], [76.7796237, 30.726554]]]}}, {"type": "Feature", "properties": {"osm_id": 390202493, "building": "yes"}, "geometry": {"type": "Polygon", "coordinates": [[[76.7791889, 30.7262807], [76.7792758, 30.7263354], [76.7791923, 30.7264337], [76.7791053, 30.726379], [76.7791889, 30.7262807]]]}}, {"type": "Feature", "properties": {"osm_id": 390202494, "building": "yes"}, "geometry": {"type": "Polygon", "coordinates": [[[76.779446, 30.7267608], [76.779533, 30.7268154], [76.7794494, 30.7269137], [76.7793625, 30.726859], [76.779446, 30.7267608]]]}}, {"type": "Feature", "properties": {"osm_id": 390202495, "building": "yes"}, "geometry": {"type": "Polygon", "coordinates": [[[76.7791141, 30.7268358], [76.7792011, 30.7268905], [76.7791175, 30.7269888], [76.7790306, 30.7269341], [76.7791141, 30.7268358]]]}}, {"type": "Feature", "properties": {"osm_id": 390202496, "building": "yes"}, "geometry": {"type": "Polygon", "coordinates": [[[76.7793628, 30.72639], [76.7794498, 30.7264447], [76.7793662, 30.726543], [76.7792792, 30.7264883], [76.7793628, 30.72639]]]}}, {"type": "Feature", "properties": {"osm_id": 390202497, "building": "yes"}, "geometry": {"type": "Polygon", "coordinates": [[[76.7791851, 30.7265968], [76.7792721, 30.7266515], [76.7791885, 30.7267497], [76.7791016, 30.7266951], [76.7791851, 30.7265968]]]}}, {"type": "Feature", "properties": {"osm_id": 390202498, "building": "yes"}, "geometry": {"type": "Polygon", "coordinates": [[[76.7788532, 30.7266719], [76.7789402, 30.7267265], [76.7788566, 30.7268248], [76.7787697, 30.7267701], [76.7788532, 30.7266719]]]}}, {"type": "Feature", "properties": {"osm_id": 390202500, "building": "yes"}, "geometry": {"type": "Polygon", "coordinates": [[[76.7789242, 30.7264328], [76.7790112, 30.7264875], [76.7789276, 30.7265858], [76.7788407, 30.7265311], [76.7789242, 30.7264328]]]}}, {"type": "Feature", "properties": {"osm_id": 390202503, "building": "yes"}, "geometry": {"type": "Polygon", "coordinates": [[[76.779549, 30.7271091], [76.7796359, 30.7271638], [76.7795524, 30.727262], [76.7794654, 30.7272074], [76.779549, 30.7271091]]]}}, {"type": "Feature", "properties": {"osm_id": 390202504, "building": "yes"}, "geometry": {"type": "Polygon", "coordinates": [[[76.7797976, 30.7266633], [76.7798846, 30.726718], [76.779801, 30.7268162], [76.7797141, 30.7267616], [76.7797976, 30.7266633]]]}}, {"type": "Feature", "properties": {"osm_id": 390202505, "building": "yes"}, "geometry": {"type": "Polygon", "coordinates": [[[76.77962, 30.7268701], [76.7797069, 30.7269247], [76.7796234, 30.727023], [76.7795364, 30.7269683], [76.77962, 30.7268701]]]}}, {"type": "Feature", "properties": {"osm_id": 390202506, "building": "yes"}, "geometry": {"type": "Polygon", "coordinates": [[[76.7792881, 30.7269452], [76.779375, 30.7269998], [76.7792915, 30.7270981], [76.7792045, 30.7270434], [76.7792881, 30.7269452]]]}}, {"type": "Feature", "properties": {"osm_id": 390202507, "building": "yes"}, "geometry": {"type": "Polygon", "coordinates": [[[76.7795367, 30.7264994], [76.7796237, 30.726554], [76.7795401, 30.7266523], [76.7794532, 30.7265976], [76.7795367, 30.7264994]]]}}, {"type": "Feature", "properties": {"osm_id": 390202508, "building": "yes"}, "geometry": {"type": "Polygon", "coordinates": [[[76.7786793, 30.7265626], [76.7787663, 30.7266172], [76.7786827, 30.7267155], [76.7785957, 30.7266608], [76.7786793, 30.7265626]]]}}, {"type": "Feature", "properties": {"osm_id": 390202509, "building": "yes"}, "geometry": {"type": "Polygon", "coordinates": [[[76.7793591, 30.7267061], [76.779446, 30.7267608], [76.7793625, 30.726859], [76.7792755, 30.7268044], [76.7793591, 30.7267061]]]}}, {"type": "Feature", "properties": {"osm_id": 390202510, "building": "yes"}, "geometry": {"type": "Polygon", "coordinates": [[[76.7790272, 30.7267812], [76.7791141, 30.7268358], [76.7790306, 30.7269341], [76.7789436, 30.7268794], [76.7790272, 30.7267812]]]}}, {"type": "Feature", "properties": {"osm_id": 390202511, "building": "yes"}, "geometry": {"type": "Polygon", "coordinates": [[[76.7791019, 30.7262261], [76.7791889, 30.7262807], [76.7791053, 30.726379], [76.7790183, 30.7263243], [76.7791019, 30.7262261]]]}}, {"type": "Feature", "properties": {"osm_id": 390202701, "building": "yes"}, "geometry": {"type": "Polygon", "coordinates": [[[76.7781165, 30.7263514], [76.7781811, 30.7262733], [76.7783047, 30.7263488], [76.7782401, 30.726427], [76.7781165, 30.7263514]]]}}, {"type": "Feature", "properties": {"osm_id": 390202702, "building": "yes"}, "geometry": {"type": "Polygon", "coordinates": [[[76.7777181, 30.7264637], [76.7777827, 30.7263855], [76.7779063, 30.726461], [76.7778417, 30.7265392], [76.7777181, 30.7264637]]]}}, {"type": "Feature", "properties": {"osm_id": 390202706, "building": "yes"}, "geometry": {"type": "Polygon", "coordinates": [[[76.7779225, 30.726586], [76.7779871, 30.7265078], [76.7781107, 30.7265833], [76.778046, 30.7266615], [76.7779225, 30.726586]]]}}, {"type": "Feature", "properties": {"osm_id": 390202711, "building": "yes"}, "geometry": {"type": "Polygon", "coordinates": [[[76.7778474, 30.7263073], [76.7779121, 30.7262291], [76.7780357, 30.7263047], [76.777971, 30.7263829], [76.7778474, 30.7263073]]]}}, {"type": "Feature", "properties": {"osm_id": 390202712, "building": "yes"}, "geometry": {"type": "Polygon", "coordinates": [[[76.7780518, 30.7264296], [76.7781165, 30.7263514], [76.7782401, 30.726427], [76.7781754, 30.7265052], [76.7780518, 30.7264296]]]}}, {"type": "Feature", "properties": {"osm_id": 390202720, "building": "yes"}, "geometry": {"type": "Polygon", "coordinates": [[[76.7777827, 30.7263855], [76.7778474, 30.7263073], [76.777971, 30.7263829], [76.7779063, 30.726461], [76.7777827, 30.7263855]]]}}, {"type": "Feature", "properties": {"osm_id": 390202721, "building": "yes"}, "geometry": {"type": "Polygon", "coordinates": [[[76.7779871, 30.7265078], [76.7780518, 30.7264296], [76.7781754, 30.7265052], [76.7781107, 30.7265833], [76.7779871, 30.7265078]]]}}, {"type": "Feature", "properties": {"osm_id": 390203673, "building": "yes"}, "geometry": {"type": "Polygon", "coordinates": [[[76.7686241, 30.7273926], [76.7686886, 30.7274317], [76.7686019, 30.7275373], [76.7685374, 30.7274981], [76.7686241, 30.7273926]]]}}, {"type": "Feature", "properties": {"osm_id": 390203674, "building": "yes"}, "geometry": {"type": "Polygon", "coordinates": [[[76.7686886, 30.7274317], [76.7687532, 30.7274709], [76.7686665, 30.7275765], [76.7686019, 30.7275373], [76.7686886, 30.7274317]]]}}, {"type": "Feature", "properties": {"osm_id": 390203676, "building": "yes"}, "geometry": {"type": "Polygon", "coordinates": [[[76.7687532, 30.7274709], [76.7688177, 30.72751], [76.768731, 30.7276156], [76.7686665, 30.7275765], [76.7687532, 30.7274709]]]}}, {"type": "Feature", "properties": {"osm_id": 390203677, "building": "yes"}, "geometry": {"type": "Polygon", "coordinates": [[[76.7688177, 30.72751], [76.7688822, 30.7275492], [76.7687956, 30.7276548], [76.768731, 30.7276156], [76.7688177, 30.72751]]]}}, {"type": "Feature", "properties": {"osm_id": 390203678, "building": "yes"}, "geometry": {"type": "Polygon", "coordinates": [[[76.7688822, 30.7275492], [76.7689468, 30.7275883], [76.7688601, 30.7276939], [76.7687956, 30.7276548], [76.7688822, 30.7275492]]]}}, {"type": "Feature", "properties": {"osm_id": 390203679, "building": "yes"}, "geometry": {"type": "Polygon", "coordinates": [[[76.7689468, 30.7275883], [76.7690113, 30.7276275], [76.7689246, 30.7277331], [76.7688601, 30.7276939], [76.7689468, 30.7275883]]]}}, {"type": "Feature", "properties": {"osm_id": 390203680, "building": "yes"}, "geometry": {"type": "Polygon", "coordinates": [[[76.7690113, 30.7276275], [76.7690758, 30.7276667], [76.7689892, 30.7277722], [76.7689246, 30.7277331], [76.7690113, 30.7276275]]]}}, {"type": "Feature", "properties": {"osm_id": 390203681, "building": "yes"}, "geometry": {"type": "Polygon", "coordinates": [[[76.7690758, 30.7276667], [76.7691404, 30.7277058], [76.7690537, 30.7278114], [76.7689892, 30.7277722], [76.7690758, 30.7276667]]]}}, {"type": "Feature", "properties": {"osm_id": 390203682, "building": "yes"}, "geometry": {"type": "Polygon", "coordinates": [[[76.7691404, 30.7277058], [76.7692049, 30.727745], [76.7691182, 30.7278505], [76.7690537, 30.7278114], [76.7691404, 30.7277058]]]}}, {"type": "Feature", "properties": {"osm_id": 390203683, "building": "yes"}, "geometry": {"type": "Polygon", "coordinates": [[[76.7692049, 30.727745], [76.7692695, 30.7277841], [76.7691828, 30.7278897], [76.7691182, 30.7278505], [76.7692049, 30.727745]]]}}, {"type": "Feature", "properties": {"osm_id": 390203684, "building": "yes"}, "geometry": {"type": "Polygon", "coordinates": [[[76.7692695, 30.7277841], [76.769334, 30.7278233], [76.7692473, 30.7279288], [76.7691828, 30.7278897], [76.7692695, 30.7277841]]]}}, {"type": "Feature", "properties": {"osm_id": 390203685, "building": "yes"}, "geometry": {"type": "Polygon", "coordinates": [[[76.769334, 30.7278233], [76.7693985, 30.7278624], [76.7693119, 30.727968], [76.7692473, 30.7279288], [76.769334, 30.7278233]]]}}, {"type": "Feature", "properties": {"osm_id": 390203686, "building": "yes"}, "geometry": {"type": "Polygon", "coordinates": [[[76.7693985, 30.7278624], [76.7694631, 30.7279016], [76.7693764, 30.7280071], [76.7693119, 30.727968], [76.7693985, 30.7278624]]]}}, {"type": "Feature", "properties": {"osm_id": 390203687, "building": "yes"}, "geometry": {"type": "Polygon", "coordinates": [[[76.7694631, 30.7279016], [76.7695276, 30.7279407], [76.7694409, 30.7280463], [76.7693764, 30.7280071], [76.7694631, 30.7279016]]]}}, {"type": "Feature", "properties": {"osm_id": 390203688, "building": "yes"}, "geometry": {"type": "Polygon", "coordinates": [[[76.7695276, 30.7279407], [76.7695921, 30.7279799], [76.7695055, 30.7280855], [76.7694409, 30.7280463], [76.7695276, 30.7279407]]]}}, {"type": "Feature", "properties": {"osm_id": 390203689, "building": "yes"}, "geometry": {"type": "Polygon", "coordinates": [[[76.7695921, 30.7279799], [76.7696567, 30.728019], [76.76957, 30.7281246], [76.7695055, 30.7280855], [76.7695921, 30.7279799]]]}}, {"type": "Feature", "properties": {"osm_id": 390203690, "building": "yes"}, "geometry": {"type": "Polygon", "coordinates": [[[76.7696567, 30.728019], [76.7697212, 30.7280582], [76.7696345, 30.7281638], [76.76957, 30.7281246], [76.7696567, 30.728019]]]}}, {"type": "Feature", "properties": {"osm_id": 390203691, "building": "yes"}, "geometry": {"type": "Polygon", "coordinates": [[[76.7697212, 30.7280582], [76.7697858, 30.7280973], [76.7696991, 30.7282029], [76.7696345, 30.7281638], [76.7697212, 30.7280582]]]}}, {"type": "Feature", "properties": {"osm_id": 390203692, "building": "yes"}, "geometry": {"type": "Polygon", "coordinates": [[[76.7697858, 30.7280973], [76.7698503, 30.7281365], [76.7697636, 30.7282421], [76.7696991, 30.7282029], [76.7697858, 30.7280973]]]}}, {"type": "Feature", "properties": {"osm_id": 390203693, "building": "yes"}, "geometry": {"type": "Polygon", "coordinates": [[[76.7698503, 30.7281365], [76.7699148, 30.7281757], [76.7698282, 30.7282812], [76.7697636, 30.7282421], [76.7698503, 30.7281365]]]}}, {"type": "Feature", "properties": {"osm_id": 390203694, "building": "yes"}, "geometry": {"type": "Polygon", "coordinates": [[[76.7699148, 30.7281757], [76.7699794, 30.7282148], [76.7698927, 30.7283204], [76.7698282, 30.7282812], [76.7699148, 30.7281757]]]}}, {"type": "Feature", "properties": {"osm_id": 390203695, "building": "yes"}, "geometry": {"type": "Polygon", "coordinates": [[[76.7699794, 30.7282148], [76.7700439, 30.728254], [76.7699572, 30.7283595], [76.7698927, 30.7283204], [76.7699794, 30.7282148]]]}}, {"type": "Feature", "properties": {"osm_id": 390203696, "building": "yes"}, "geometry": {"type": "Polygon", "coordinates": [[[76.7700439, 30.728254], [76.7701085, 30.7282931], [76.7700218, 30.7283987], [76.7699572, 30.7283595], [76.7700439, 30.728254]]]}}, {"type": "Feature", "properties": {"osm_id": 390203697, "building": "yes"}, "geometry": {"type": "Polygon", "coordinates": [[[76.7701085, 30.7282931], [76.770173, 30.7283323], [76.7700863, 30.7284378], [76.7700218, 30.7283987], [76.7701085, 30.7282931]]]}}, {"type": "Feature", "properties": {"osm_id": 390203698, "building": "yes"}, "geometry": {"type": "Polygon", "coordinates": [[[76.7700224, 30.728519], [76.7699579, 30.7284798], [76.7698712, 30.7285854], [76.7699357, 30.7286246], [76.7700224, 30.728519]]]}}, {"type": "Feature", "properties": {"osm_id": 390203699, "building": "yes"}, "geometry": {"type": "Polygon", "coordinates": [[[76.7699579, 30.7284798], [76.7698933, 30.7284407], [76.7698066, 30.7285463], [76.7698712, 30.7285854], [76.7699579, 30.7284798]]]}}, {"type": "Feature", "properties": {"osm_id": 390203700, "building": "yes"}, "geometry": {"type": "Polygon", "coordinates": [[[76.7698933, 30.7284407], [76.7698288, 30.7284015], [76.7697421, 30.7285071], [76.7698066, 30.7285463], [76.7698933, 30.7284407]]]}}, {"type": "Feature", "properties": {"osm_id": 390203701, "building": "yes"}, "geometry": {"type": "Polygon", "coordinates": [[[76.7698288, 30.7284015], [76.7697642, 30.7283624], [76.7696776, 30.728468], [76.7697421, 30.7285071], [76.7698288, 30.7284015]]]}}, {"type": "Feature", "properties": {"osm_id": 390203702, "building": "yes"}, "geometry": {"type": "Polygon", "coordinates": [[[76.7697642, 30.7283624], [76.7696997, 30.7283232], [76.769613, 30.7284288], [76.7696776, 30.728468], [76.7697642, 30.7283624]]]}}, {"type": "Feature", "properties": {"osm_id": 390203703, "building": "yes"}, "geometry": {"type": "Polygon", "coordinates": [[[76.7696997, 30.7283232], [76.7696352, 30.7282841], [76.7695485, 30.7283896], [76.769613, 30.7284288], [76.7696997, 30.7283232]]]}}, {"type": "Feature", "properties": {"osm_id": 390203704, "building": "yes"}, "geometry": {"type": "Polygon", "coordinates": [[[76.7696352, 30.7282841], [76.7695706, 30.7282449], [76.769484, 30.7283505], [76.7695485, 30.7283896], [76.7696352, 30.7282841]]]}}, {"type": "Feature", "properties": {"osm_id": 390203705, "building": "yes"}, "geometry": {"type": "Polygon", "coordinates": [[[76.7695706, 30.7282449], [76.7695061, 30.7282058], [76.7694194, 30.7283113], [76.769484, 30.7283505], [76.7695706, 30.7282449]]]}}, {"type": "Feature", "properties": {"osm_id": 390203706, "building": "yes"}, "geometry": {"type": "Polygon", "coordinates": [[[76.7695061, 30.7282058], [76.7694416, 30.7281666], [76.7693549, 30.7282722], [76.7694194, 30.7283113], [76.7695061, 30.7282058]]]}}, {"type": "Feature", "properties": {"osm_id": 390203707, "building": "yes"}, "geometry": {"type": "Polygon", "coordinates": [[[76.7694416, 30.7281666], [76.769377, 30.7281275], [76.7692903, 30.728233], [76.7693549, 30.7282722], [76.7694416, 30.7281666]]]}}, {"type": "Feature", "properties": {"osm_id": 390203708, "building": "yes"}, "geometry": {"type": "Polygon", "coordinates": [[[76.769377, 30.7281275], [76.7693125, 30.7280883], [76.7692258, 30.7281939], [76.7692903, 30.728233], [76.769377, 30.7281275]]]}}, {"type": "Feature", "properties": {"osm_id": 390203709, "building": "yes"}, "geometry": {"type": "Polygon", "coordinates": [[[76.7693125, 30.7280883], [76.7692479, 30.7280492], [76.7691613, 30.7281547], [76.7692258, 30.7281939], [76.7693125, 30.7280883]]]}}, {"type": "Feature", "properties": {"osm_id": 390203710, "building": "yes"}, "geometry": {"type": "Polygon", "coordinates": [[[76.7692479, 30.7280492], [76.7691834, 30.72801], [76.7690967, 30.7281156], [76.7691613, 30.7281547], [76.7692479, 30.7280492]]]}}, {"type": "Feature", "properties": {"osm_id": 390203711, "building": "yes"}, "geometry": {"type": "Polygon", "coordinates": [[[76.7691834, 30.72801], [76.7691189, 30.7279708], [76.7690322, 30.7280764], [76.7690967, 30.7281156], [76.7691834, 30.72801]]]}}, {"type": "Feature", "properties": {"osm_id": 390203712, "building": "yes"}, "geometry": {"type": "Polygon", "coordinates": [[[76.7691189, 30.7279708], [76.7690543, 30.7279317], [76.7689676, 30.7280373], [76.7690322, 30.7280764], [76.7691189, 30.7279708]]]}}, {"type": "Feature", "properties": {"osm_id": 390203713, "building": "yes"}, "geometry": {"type": "Polygon", "coordinates": [[[76.7690543, 30.7279317], [76.7689898, 30.7278925], [76.7689031, 30.7279981], [76.7689676, 30.7280373], [76.7690543, 30.7279317]]]}}, {"type": "Feature", "properties": {"osm_id": 390203714, "building": "yes"}, "geometry": {"type": "Polygon", "coordinates": [[[76.7689898, 30.7278925], [76.7689252, 30.7278534], [76.7688386, 30.727959], [76.7689031, 30.7279981], [76.7689898, 30.7278925]]]}}, {"type": "Feature", "properties": {"osm_id": 390203715, "building": "yes"}, "geometry": {"type": "Polygon", "coordinates": [[[76.7689252, 30.7278534], [76.7688607, 30.7278142], [76.768774, 30.7279198], [76.7688386, 30.727959], [76.7689252, 30.7278534]]]}}, {"type": "Feature", "properties": {"osm_id": 390203716, "building": "yes"}, "geometry": {"type": "Polygon", "coordinates": [[[76.7688607, 30.7278142], [76.7687962, 30.7277751], [76.7687095, 30.7278806], [76.768774, 30.7279198], [76.7688607, 30.7278142]]]}}, {"type": "Feature", "properties": {"osm_id": 390203717, "building": "yes"}, "geometry": {"type": "Polygon", "coordinates": [[[76.7687962, 30.7277751], [76.7687316, 30.7277359], [76.768645, 30.7278415], [76.7687095, 30.7278806], [76.7687962, 30.7277751]]]}}, {"type": "Feature", "properties": {"osm_id": 390203718, "building": "yes"}, "geometry": {"type": "Polygon", "coordinates": [[[76.7687316, 30.7277359], [76.7686671, 30.7276968], [76.7685804, 30.7278023], [76.768645, 30.7278415], [76.7687316, 30.7277359]]]}}, {"type": "Feature", "properties": {"osm_id": 390203719, "building": "yes"}, "geometry": {"type": "Polygon", "coordinates": [[[76.7686671, 30.7276968], [76.7686026, 30.7276576], [76.7685159, 30.7277632], [76.7685804, 30.7278023], [76.7686671, 30.7276968]]]}}, {"type": "Feature", "properties": {"osm_id": 390203720, "building": "yes"}, "geometry": {"type": "Polygon", "coordinates": [[[76.7686026, 30.7276576], [76.768538, 30.7276185], [76.7684513, 30.727724], [76.7685159, 30.7277632], [76.7686026, 30.7276576]]]}}, {"type": "Feature", "properties": {"osm_id": 390203721, "building": "yes"}, "geometry": {"type": "Polygon", "coordinates": [[[76.768538, 30.7276185], [76.7684735, 30.7275793], [76.7683868, 30.7276849], [76.7684513, 30.727724], [76.768538, 30.7276185]]]}}, {"type": "Feature", "properties": {"osm_id": 390217012, "building": "yes"}, "geometry": {"type": "Polygon", "coordinates": [[[76.7764255, 30.730824], [76.7765129, 30.7308789], [76.7764288, 30.7309778], [76.7763415, 30.7309229], [76.7764255, 30.730824]]]}}, {"type": "Feature", "properties": {"osm_id": 390217013, "building": "yes"}, "geometry": {"type": "Polygon", "coordinates": [[[76.7771241, 30.7312629], [76.7772115, 30.7313178], [76.7771274, 30.7314166], [76.7770401, 30.7313618], [76.7771241, 30.7312629]]]}}, {"type": "Feature", "properties": {"osm_id": 390217014, "building": "yes"}, "geometry": {"type": "Polygon", "coordinates": [[[76.7768622, 30.7310983], [76.7769495, 30.7311532], [76.7768654, 30.7312521], [76.7767781, 30.7311972], [76.7768622, 30.7310983]]]}}, {"type": "Feature", "properties": {"osm_id": 390217015, "building": "yes"}, "geometry": {"type": "Polygon", "coordinates": [[[76.7766002, 30.7309338], [76.7766875, 30.7309886], [76.7766034, 30.7310875], [76.7765161, 30.7310327], [76.7766002, 30.7309338]]]}}, {"type": "Feature", "properties": {"osm_id": 390217016, "building": "yes"}, "geometry": {"type": "Polygon", "coordinates": [[[76.7763382, 30.7307692], [76.7764255, 30.730824], [76.7763415, 30.7309229], [76.7762541, 30.7308681], [76.7763382, 30.7307692]]]}}, {"type": "Feature", "properties": {"osm_id": 390217017, "building": "yes"}, "geometry": {"type": "Polygon", "coordinates": [[[76.7772988, 30.7313726], [76.7773861, 30.7314275], [76.777302, 30.7315264], [76.7772147, 30.7314715], [76.7772988, 30.7313726]]]}}, {"type": "Feature", "properties": {"osm_id": 390217018, "building": "yes"}, "geometry": {"type": "Polygon", "coordinates": [[[76.7770368, 30.731208], [76.7771241, 30.7312629], [76.7770401, 30.7313618], [76.7769527, 30.7313069], [76.7770368, 30.731208]]]}}, {"type": "Feature", "properties": {"osm_id": 390217019, "building": "yes"}, "geometry": {"type": "Polygon", "coordinates": [[[76.7767748, 30.7310435], [76.7768622, 30.7310983], [76.7767781, 30.7311972], [76.7766908, 30.7311424], [76.7767748, 30.7310435]]]}}, {"type": "Feature", "properties": {"osm_id": 390217020, "building": "yes"}, "geometry": {"type": "Polygon", "coordinates": [[[76.7765129, 30.7308789], [76.7766002, 30.7309338], [76.7765161, 30.7310327], [76.7764288, 30.7309778], [76.7765129, 30.7308789]]]}}, {"type": "Feature", "properties": {"osm_id": 390217021, "building": "yes"}, "geometry": {"type": "Polygon", "coordinates": [[[76.7772115, 30.7313178], [76.7772988, 30.7313726], [76.7772147, 30.7314715], [76.7771274, 30.7314166], [76.7772115, 30.7313178]]]}}, {"type": "Feature", "properties": {"osm_id": 390217022, "building": "yes"}, "geometry": {"type": "Polygon", "coordinates": [[[76.7769495, 30.7311532], [76.7770368, 30.731208], [76.7769527, 30.7313069], [76.7768654, 30.7312521], [76.7769495, 30.7311532]]]}}, {"type": "Feature", "properties": {"osm_id": 390217023, "building": "yes"}, "geometry": {"type": "Polygon", "coordinates": [[[76.7766875, 30.7309886], [76.7767748, 30.7310435], [76.7766908, 30.7311424], [76.7766034, 30.7310875], [76.7766875, 30.7309886]]]}}, {"type": "Feature", "properties": {"osm_id": 390217024, "building": "yes"}, "geometry": {"type": "Polygon", "coordinates": [[[76.7762509, 30.7307143], [76.7763382, 30.7307692], [76.7762541, 30.7308681], [76.7761668, 30.7308132], [76.7762509, 30.7307143]]]}}, {"type": "Feature", "properties": {"osm_id": 390217025, "building": "yes"}, "geometry": {"type": "Polygon", "coordinates": [[[76.7773861, 30.7314275], [76.7774734, 30.7314823], [76.7773894, 30.7315812], [76.777302, 30.7315264], [76.7773861, 30.7314275]]]}}, {"type": "Feature", "properties": {"osm_id": 396008608, "building": "yes"}, "geometry": {"type": "Polygon", "coordinates": [[[76.7636696, 30.7275736], [76.7635989, 30.7275275], [76.7636543, 30.7274647], [76.763725, 30.7275109], [76.7636696, 30.7275736]]]}}, {"type": "Feature", "properties": {"osm_id": 396008609, "building": "yes"}, "geometry": {"type": "Polygon", "coordinates": [[[76.7638818, 30.727712], [76.7638111, 30.7276658], [76.7638664, 30.7276031], [76.7639372, 30.7276492], [76.7638818, 30.727712]]]}}, {"type": "Feature", "properties": {"osm_id": 396008614, "building": "yes"}, "geometry": {"type": "Polygon", "coordinates": [[[76.7635322, 30.727731], [76.7634615, 30.7276849], [76.7635169, 30.7276222], [76.7635876, 30.7276683], [76.7635322, 30.727731]]]}}, {"type": "Feature", "properties": {"osm_id": 396008615, "building": "yes"}, "geometry": {"type": "Polygon", "coordinates": [[[76.7637444, 30.7278694], [76.7636737, 30.7278233], [76.763729, 30.7277605], [76.7637998, 30.7278067], [76.7637444, 30.7278694]]]}}, {"type": "Feature", "properties": {"osm_id": 396008617, "building": "yes"}, "geometry": {"type": "Polygon", "coordinates": [[[76.7647224, 30.7282404], [76.76465, 30.7281962], [76.764703, 30.728132], [76.7647754, 30.7281761], [76.7647224, 30.7282404]]]}}, {"type": "Feature", "properties": {"osm_id": 396008618, "building": "yes"}, "geometry": {"type": "Polygon", "coordinates": [[[76.7654098, 30.7276837], [76.7653388, 30.7276379], [76.7653938, 30.7275749], [76.7654648, 30.7276207], [76.7654098, 30.7276837]]]}}, {"type": "Feature", "properties": {"osm_id": 396008619, "building": "yes"}, "geometry": {"type": "Polygon", "coordinates": [[[76.7635282, 30.7274814], [76.7634575, 30.7274352], [76.7635128, 30.7273725], [76.7635836, 30.7274186], [76.7635282, 30.7274814]]]}}, {"type": "Feature", "properties": {"osm_id": 396008621, "building": "yes"}, "geometry": {"type": "Polygon", "coordinates": [[[76.7637403, 30.7276197], [76.7636696, 30.7275736], [76.763725, 30.7275109], [76.7637957, 30.727557], [76.7637403, 30.7276197]]]}}, {"type": "Feature", "properties": {"osm_id": 396008623, "building": "yes"}, "geometry": {"type": "Polygon", "coordinates": [[[76.7639525, 30.7277581], [76.7638818, 30.727712], [76.7639372, 30.7276492], [76.7640079, 30.7276953], [76.7639525, 30.7277581]]]}}, {"type": "Feature", "properties": {"osm_id": 396008624, "building": "yes"}, "geometry": {"type": "Polygon", "coordinates": [[[76.7633908, 30.7276388], [76.76332, 30.7275927], [76.7633754, 30.7275299], [76.7634461, 30.7275761], [76.7633908, 30.7276388]]]}}, {"type": "Feature", "properties": {"osm_id": 396008626, "building": "yes"}, "geometry": {"type": "Polygon", "coordinates": [[[76.7636029, 30.7277772], [76.7635322, 30.727731], [76.7635876, 30.7276683], [76.7636583, 30.7277144], [76.7636029, 30.7277772]]]}}, {"type": "Feature", "properties": {"osm_id": 396008627, "building": "yes"}, "geometry": {"type": "Polygon", "coordinates": [[[76.7640913, 30.7280899], [76.7640189, 30.7280457], [76.7640719, 30.7279815], [76.7641443, 30.7280256], [76.7640913, 30.7280899]]]}}, {"type": "Feature", "properties": {"osm_id": 396008629, "building": "yes"}, "geometry": {"type": "Polygon", "coordinates": [[[76.7638151, 30.7279155], [76.7637444, 30.7278694], [76.7637998, 30.7278067], [76.7638705, 30.7278528], [76.7638151, 30.7279155]]]}}, {"type": "Feature", "properties": {"osm_id": 396008631, "building": "yes"}, "geometry": {"type": "Polygon", "coordinates": [[[76.7643085, 30.7282223], [76.7642361, 30.7281782], [76.7642891, 30.728114], [76.7643615, 30.7281581], [76.7643085, 30.7282223]]]}}, {"type": "Feature", "properties": {"osm_id": 396008633, "building": "yes"}, "geometry": {"type": "Polygon", "coordinates": [[[76.7642156, 30.7279313], [76.7641432, 30.7278871], [76.7641963, 30.7278229], [76.7642687, 30.727867], [76.7642156, 30.7279313]]]}}, {"type": "Feature", "properties": {"osm_id": 396008634, "building": "yes"}, "geometry": {"type": "Polygon", "coordinates": [[[76.7649128, 30.7273631], [76.7648418, 30.7273173], [76.7648968, 30.7272543], [76.7649678, 30.7273001], [76.7649128, 30.7273631]]]}}, {"type": "Feature", "properties": {"osm_id": 396008636, "building": "yes"}, "geometry": {"type": "Polygon", "coordinates": [[[76.7638111, 30.7276658], [76.7637403, 30.7276197], [76.7637957, 30.727557], [76.7638664, 30.7276031], [76.7638111, 30.7276658]]]}}, {"type": "Feature", "properties": {"osm_id": 396008637, "building": "yes"}, "geometry": {"type": "Polygon", "coordinates": [[[76.7640232, 30.7278042], [76.7639525, 30.7277581], [76.7640079, 30.7276953], [76.7640786, 30.7277414], [76.7640232, 30.7278042]]]}}, {"type": "Feature", "properties": {"osm_id": 396008639, "building": "yes"}, "geometry": {"type": "Polygon", "coordinates": [[[76.7636737, 30.7278233], [76.7636029, 30.7277772], [76.7636583, 30.7277144], [76.763729, 30.7277605], [76.7636737, 30.7278233]]]}}, {"type": "Feature", "properties": {"osm_id": 396008640, "building": "yes"}, "geometry": {"type": "Polygon", "coordinates": [[[76.7641637, 30.728134], [76.7640913, 30.7280899], [76.7641443, 30.7280256], [76.7642167, 30.7280698], [76.7641637, 30.728134]]]}}, {"type": "Feature", "properties": {"osm_id": 396008642, "building": "yes"}, "geometry": {"type": "Polygon", "coordinates": [[[76.7638858, 30.7279616], [76.7638151, 30.7279155], [76.7638705, 30.7278528], [76.7639412, 30.7278989], [76.7638858, 30.7279616]]]}}, {"type": "Feature", "properties": {"osm_id": 396008644, "building": "yes"}, "geometry": {"type": "Polygon", "coordinates": [[[76.7643809, 30.7282665], [76.7643085, 30.7282223], [76.7643615, 30.7281581], [76.7644339, 30.7282023], [76.7643809, 30.7282665]]]}}, {"type": "Feature", "properties": {"osm_id": 396008645, "building": "yes"}, "geometry": {"type": "Polygon", "coordinates": [[[76.7645981, 30.728399], [76.7645257, 30.7283548], [76.7645787, 30.7282906], [76.7646511, 30.7283347], [76.7645981, 30.728399]]]}}, {"type": "Feature", "properties": {"osm_id": 396008647, "building": "yes"}, "geometry": {"type": "Polygon", "coordinates": [[[76.764288, 30.7279754], [76.7642156, 30.7279313], [76.7642687, 30.727867], [76.764341, 30.7279112], [76.764288, 30.7279754]]]}}, {"type": "Feature", "properties": {"osm_id": 396008649, "building": "yes"}, "geometry": {"type": "Polygon", "coordinates": [[[76.7649838, 30.7274089], [76.7649128, 30.7273631], [76.7649678, 30.7273001], [76.7650388, 30.7273459], [76.7649838, 30.7274089]]]}}, {"type": "Feature", "properties": {"osm_id": 396008651, "building": "yes"}, "geometry": {"type": "Polygon", "coordinates": [[[76.7645052, 30.7281079], [76.7644328, 30.7280637], [76.7644858, 30.7279995], [76.7645582, 30.7280437], [76.7645052, 30.7281079]]]}}, {"type": "Feature", "properties": {"osm_id": 396008652, "building": "yes"}, "geometry": {"type": "Polygon", "coordinates": [[[76.7651968, 30.7275463], [76.7651258, 30.7275005], [76.7651808, 30.7274375], [76.7652518, 30.7274833], [76.7651968, 30.7275463]]]}}, {"type": "Feature", "properties": {"osm_id": 396008654, "building": "yes"}, "geometry": {"type": "Polygon", "coordinates": [[[76.7642361, 30.7281782], [76.7641637, 30.728134], [76.7642167, 30.7280698], [76.7642891, 30.728114], [76.7642361, 30.7281782]]]}}, {"type": "Feature", "properties": {"osm_id": 396008655, "building": "yes"}, "geometry": {"type": "Polygon", "coordinates": [[[76.7644533, 30.7283107], [76.7643809, 30.7282665], [76.7644339, 30.7282023], [76.7645063, 30.7282464], [76.7644533, 30.7283107]]]}}, {"type": "Feature", "properties": {"osm_id": 396008657, "building": "yes"}, "geometry": {"type": "Polygon", "coordinates": [[[76.7646705, 30.7284431], [76.7645981, 30.728399], [76.7646511, 30.7283347], [76.7647235, 30.7283789], [76.7646705, 30.7284431]]]}}, {"type": "Feature", "properties": {"osm_id": 396008658, "building": "yes"}, "geometry": {"type": "Polygon", "coordinates": [[[76.7643604, 30.7280196], [76.764288, 30.7279754], [76.764341, 30.7279112], [76.7644134, 30.7279553], [76.7643604, 30.7280196]]]}}, {"type": "Feature", "properties": {"osm_id": 396008660, "building": "yes"}, "geometry": {"type": "Polygon", "coordinates": [[[76.7650548, 30.7274547], [76.7649838, 30.7274089], [76.7650388, 30.7273459], [76.7651098, 30.7273917], [76.7650548, 30.7274547]]]}}, {"type": "Feature", "properties": {"osm_id": 396008661, "building": "yes"}, "geometry": {"type": "Polygon", "coordinates": [[[76.7645776, 30.7281521], [76.7645052, 30.7281079], [76.7645582, 30.7280437], [76.7646306, 30.7280878], [76.7645776, 30.7281521]]]}}, {"type": "Feature", "properties": {"osm_id": 396008663, "building": "yes"}, "geometry": {"type": "Polygon", "coordinates": [[[76.7652678, 30.7275921], [76.7651968, 30.7275463], [76.7652518, 30.7274833], [76.7653228, 30.7275291], [76.7652678, 30.7275921]]]}}, {"type": "Feature", "properties": {"osm_id": 396008664, "building": "yes"}, "geometry": {"type": "Polygon", "coordinates": [[[76.7647948, 30.7282845], [76.7647224, 30.7282404], [76.7647754, 30.7281761], [76.7648478, 30.7282203], [76.7647948, 30.7282845]]]}}, {"type": "Feature", "properties": {"osm_id": 396008665, "building": "yes"}, "geometry": {"type": "Polygon", "coordinates": [[[76.7635989, 30.7275275], [76.7635282, 30.7274814], [76.7635836, 30.7274186], [76.7636543, 30.7274647], [76.7635989, 30.7275275]]]}}, {"type": "Feature", "properties": {"osm_id": 396008667, "building": "yes"}, "geometry": {"type": "Polygon", "coordinates": [[[76.7647429, 30.7284873], [76.7646705, 30.7284431], [76.7647235, 30.7283789], [76.7647959, 30.7284231], [76.7647429, 30.7284873]]]}}, {"type": "Feature", "properties": {"osm_id": 396008669, "building": "yes"}, "geometry": {"type": "Polygon", "coordinates": [[[76.7634615, 30.7276849], [76.7633908, 30.7276388], [76.7634461, 30.7275761], [76.7635169, 30.7276222], [76.7634615, 30.7276849]]]}}, {"type": "Feature", "properties": {"osm_id": 396008671, "building": "yes"}, "geometry": {"type": "Polygon", "coordinates": [[[76.7645257, 30.7283548], [76.7644533, 30.7283107], [76.7645063, 30.7282464], [76.7645787, 30.7282906], [76.7645257, 30.7283548]]]}}, {"type": "Feature", "properties": {"osm_id": 396008672, "building": "yes"}, "geometry": {"type": "Polygon", "coordinates": [[[76.7644328, 30.7280637], [76.7643604, 30.7280196], [76.7644134, 30.7279553], [76.7644858, 30.7279995], [76.7644328, 30.7280637]]]}}, {"type": "Feature", "properties": {"osm_id": 396008674, "building": "yes"}, "geometry": {"type": "Polygon", "coordinates": [[[76.7651258, 30.7275005], [76.7650548, 30.7274547], [76.7651098, 30.7273917], [76.7651808, 30.7274375], [76.7651258, 30.7275005]]]}}, {"type": "Feature", "properties": {"osm_id": 396008675, "building": "yes"}, "geometry": {"type": "Polygon", "coordinates": [[[76.76465, 30.7281962], [76.7645776, 30.7281521], [76.7646306, 30.7280878], [76.764703, 30.728132], [76.76465, 30.7281962]]]}}, {"type": "Feature", "properties": {"osm_id": 396008677, "building": "yes"}, "geometry": {"type": "Polygon", "coordinates": [[[76.7653388, 30.7276379], [76.7652678, 30.7275921], [76.7653228, 30.7275291], [76.7653938, 30.7275749], [76.7653388, 30.7276379]]]}}, {"type": "Feature", "properties": {"osm_id": 396008678, "building": "yes"}, "geometry": {"type": "Polygon", "coordinates": [[[76.7648672, 30.7283287], [76.7647948, 30.7282845], [76.7648478, 30.7282203], [76.7649202, 30.7282645], [76.7648672, 30.7283287]]]}}, {"type": "Feature", "properties": {"osm_id": 396009716, "building": "yes"}, "geometry": {"type": "Polygon", "coordinates": [[[76.7647755, 30.7277797], [76.7647031, 30.7277355], [76.7647561, 30.7276713], [76.7648285, 30.7277155], [76.7647755, 30.7277797]]]}}, {"type": "Feature", "properties": {"osm_id": 396009718, "building": "yes"}, "geometry": {"type": "Polygon", "coordinates": [[[76.7646307, 30.7276914], [76.7645583, 30.7276472], [76.7646113, 30.727583], [76.7646837, 30.7276271], [76.7646307, 30.7276914]]]}}, {"type": "Feature", "properties": {"osm_id": 396009720, "building": "yes"}, "geometry": {"type": "Polygon", "coordinates": [[[76.7658395, 30.7270932], [76.7657896, 30.7270619], [76.7657412, 30.7271189], [76.765791, 30.7271502], [76.7658395, 30.7270932]]]}}, {"type": "Feature", "properties": {"osm_id": 396009722, "building": "yes"}, "geometry": {"type": "Polygon", "coordinates": [[[76.7655546, 30.7275107], [76.7654839, 30.7274646], [76.7655393, 30.7274019], [76.76561, 30.727448], [76.7655546, 30.7275107]]]}}, {"type": "Feature", "properties": {"osm_id": 396009723, "building": "yes"}, "geometry": {"type": "Polygon", "coordinates": [[[76.7656307, 30.7266977], [76.7655808, 30.7266664], [76.7655324, 30.7267234], [76.7655822, 30.7267547], [76.7656307, 30.7266977]]]}}, {"type": "Feature", "properties": {"osm_id": 396009724, "building": "yes"}, "geometry": {"type": "Polygon", "coordinates": [[[76.7657802, 30.7267915], [76.7657304, 30.7267602], [76.7656819, 30.7268173], [76.7657318, 30.7268486], [76.7657802, 30.7267915]]]}}, {"type": "Feature", "properties": {"osm_id": 396009725, "building": "yes"}, "geometry": {"type": "Polygon", "coordinates": [[[76.7657398, 30.7270306], [76.76569, 30.7269993], [76.7656415, 30.7270564], [76.7656913, 30.7270876], [76.7657398, 30.7270306]]]}}, {"type": "Feature", "properties": {"osm_id": 396009726, "building": "yes"}, "geometry": {"type": "Polygon", "coordinates": [[[76.7652925, 30.7278344], [76.7652203, 30.72779], [76.7652736, 30.7277259], [76.7653458, 30.7277703], [76.7652925, 30.7278344]]]}}, {"type": "Feature", "properties": {"osm_id": 396009727, "building": "yes"}, "geometry": {"type": "Polygon", "coordinates": [[[76.7651267, 30.7269817], [76.7650559, 30.7269356], [76.7651113, 30.7268728], [76.765182, 30.7269189], [76.7651267, 30.7269817]]]}}, {"type": "Feature", "properties": {"osm_id": 396009728, "building": "yes"}, "geometry": {"type": "Polygon", "coordinates": [[[76.7656926, 30.7273505], [76.7656218, 30.7273044], [76.7656772, 30.7272417], [76.7657479, 30.7272878], [76.7656926, 30.7273505]]]}}, {"type": "Feature", "properties": {"osm_id": 396009729, "building": "yes"}, "geometry": {"type": "Polygon", "coordinates": [[[76.7650037, 30.7276568], [76.7649315, 30.7276124], [76.7649849, 30.7275483], [76.765057, 30.7275927], [76.7650037, 30.7276568]]]}}, {"type": "Feature", "properties": {"osm_id": 396009730, "building": "yes"}, "geometry": {"type": "Polygon", "coordinates": [[[76.7649203, 30.727868], [76.7648479, 30.7278239], [76.7649009, 30.7277596], [76.7649733, 30.7278038], [76.7649203, 30.727868]]]}}, {"type": "Feature", "properties": {"osm_id": 396009731, "building": "yes"}, "geometry": {"type": "Polygon", "coordinates": [[[76.7654804, 30.7272122], [76.7654096, 30.7271661], [76.765465, 30.7271033], [76.7655357, 30.7271495], [76.7654804, 30.7272122]]]}}, {"type": "Feature", "properties": {"osm_id": 396009732, "building": "yes"}, "geometry": {"type": "Polygon", "coordinates": [[[76.7660294, 30.7269479], [76.7659796, 30.7269166], [76.7659311, 30.7269737], [76.765981, 30.727005], [76.7660294, 30.7269479]]]}}, {"type": "Feature", "properties": {"osm_id": 396009733, "building": "yes"}, "geometry": {"type": "Polygon", "coordinates": [[[76.7645583, 30.7276472], [76.7644859, 30.7276031], [76.764539, 30.7275388], [76.7646113, 30.727583], [76.7645583, 30.7276472]]]}}, {"type": "Feature", "properties": {"osm_id": 396009734, "building": "yes"}, "geometry": {"type": "Polygon", "coordinates": [[[76.7658893, 30.7271244], [76.7658395, 30.7270932], [76.765791, 30.7271502], [76.7658409, 30.7271815], [76.7658893, 30.7271244]]]}}, {"type": "Feature", "properties": {"osm_id": 396009735, "building": "yes"}, "geometry": {"type": "Polygon", "coordinates": [[[76.7654839, 30.7274646], [76.7654132, 30.7274185], [76.7654685, 30.7273558], [76.7655393, 30.7274019], [76.7654839, 30.7274646]]]}}, {"type": "Feature", "properties": {"osm_id": 396009736, "building": "yes"}, "geometry": {"type": "Polygon", "coordinates": [[[76.7658301, 30.7268228], [76.7657802, 30.7267915], [76.7657318, 30.7268486], [76.7657816, 30.7268798], [76.7658301, 30.7268228]]]}}, {"type": "Feature", "properties": {"osm_id": 396009737, "building": "yes"}, "geometry": {"type": "Polygon", "coordinates": [[[76.7653909, 30.7268116], [76.765341, 30.7267803], [76.7652926, 30.7268374], [76.7653424, 30.7268687], [76.7653909, 30.7268116]]]}}, {"type": "Feature", "properties": {"osm_id": 396009738, "building": "yes"}, "geometry": {"type": "Polygon", "coordinates": [[[76.7652203, 30.72779], [76.7651481, 30.7277456], [76.7652014, 30.7276815], [76.7652736, 30.7277259], [76.7652203, 30.72779]]]}}, {"type": "Feature", "properties": {"osm_id": 396009739, "building": "yes"}, "geometry": {"type": "Polygon", "coordinates": [[[76.7651302, 30.7272341], [76.7650595, 30.727188], [76.7651148, 30.7271253], [76.7651856, 30.7271714], [76.7651302, 30.7272341]]]}}, {"type": "Feature", "properties": {"osm_id": 396009740, "building": "yes"}, "geometry": {"type": "Polygon", "coordinates": [[[76.7658799, 30.7268541], [76.7658301, 30.7268228], [76.7657816, 30.7268798], [76.7658315, 30.7269111], [76.7658799, 30.7268541]]]}}, {"type": "Feature", "properties": {"osm_id": 396009741, "building": "yes"}, "geometry": {"type": "Polygon", "coordinates": [[[76.7656218, 30.7273044], [76.7655511, 30.7272583], [76.7656064, 30.7271956], [76.7656772, 30.7272417], [76.7656218, 30.7273044]]]}}, {"type": "Feature", "properties": {"osm_id": 396009742, "building": "yes"}, "geometry": {"type": "Polygon", "coordinates": [[[76.7649315, 30.7276124], [76.7648593, 30.7275679], [76.7649127, 30.7275039], [76.7649849, 30.7275483], [76.7649315, 30.7276124]]]}}, {"type": "Feature", "properties": {"osm_id": 396009743, "building": "yes"}, "geometry": {"type": "Polygon", "coordinates": [[[76.7652414, 30.7267178], [76.7651915, 30.7266865], [76.7651431, 30.7267435], [76.7651929, 30.7267748], [76.7652414, 30.7267178]]]}}, {"type": "Feature", "properties": {"osm_id": 396009744, "building": "yes"}, "geometry": {"type": "Polygon", "coordinates": [[[76.7644859, 30.7276031], [76.7644135, 30.7275589], [76.7644666, 30.7274947], [76.764539, 30.7275388], [76.7644859, 30.7276031]]]}}, {"type": "Feature", "properties": {"osm_id": 396009745, "building": "yes"}, "geometry": {"type": "Polygon", "coordinates": [[[76.7654132, 30.7274185], [76.7653424, 30.7273724], [76.7653978, 30.7273097], [76.7654685, 30.7273558], [76.7654132, 30.7274185]]]}}, {"type": "Feature", "properties": {"osm_id": 396009746, "building": "yes"}, "geometry": {"type": "Polygon", "coordinates": [[[76.7652717, 30.7273263], [76.765201, 30.7272802], [76.7652563, 30.7272175], [76.7653271, 30.7272636], [76.7652717, 30.7273263]]]}}, {"type": "Feature", "properties": {"osm_id": 396009747, "building": "yes"}, "geometry": {"type": "Polygon", "coordinates": [[[76.7654811, 30.7266038], [76.7654313, 30.7265725], [76.7653829, 30.7266296], [76.7654327, 30.7266609], [76.7654811, 30.7266038]]]}}, {"type": "Feature", "properties": {"osm_id": 396009748, "building": "yes"}, "geometry": {"type": "Polygon", "coordinates": [[[76.7654407, 30.7268429], [76.7653909, 30.7268116], [76.7653424, 30.7268687], [76.7653923, 30.7268999], [76.7654407, 30.7268429]]]}}, {"type": "Feature", "properties": {"osm_id": 396009749, "building": "yes"}, "geometry": {"type": "Polygon", "coordinates": [[[76.7655903, 30.7269367], [76.7655404, 30.7269055], [76.765492, 30.7269625], [76.7655418, 30.7269938], [76.7655903, 30.7269367]]]}}, {"type": "Feature", "properties": {"osm_id": 396009750, "building": "yes"}, "geometry": {"type": "Polygon", "coordinates": [[[76.7653815, 30.7265413], [76.7653316, 30.72651], [76.7652832, 30.726567], [76.765333, 30.7265983], [76.7653815, 30.7265413]]]}}, {"type": "Feature", "properties": {"osm_id": 396009751, "building": "yes"}, "geometry": {"type": "Polygon", "coordinates": [[[76.7651481, 30.7277456], [76.7650759, 30.7277012], [76.7651292, 30.7276371], [76.7652014, 30.7276815], [76.7651481, 30.7277456]]]}}, {"type": "Feature", "properties": {"osm_id": 396009752, "building": "yes"}, "geometry": {"type": "Polygon", "coordinates": [[[76.7650595, 30.727188], [76.7649888, 30.7271419], [76.7650441, 30.7270791], [76.7651148, 30.7271253], [76.7650595, 30.727188]]]}}, {"type": "Feature", "properties": {"osm_id": 396009753, "building": "yes"}, "geometry": {"type": "Polygon", "coordinates": [[[76.7659297, 30.7268854], [76.7658799, 30.7268541], [76.7658315, 30.7269111], [76.7658813, 30.7269424], [76.7659297, 30.7268854]]]}}, {"type": "Feature", "properties": {"osm_id": 396009754, "building": "yes"}, "geometry": {"type": "Polygon", "coordinates": [[[76.7655511, 30.7272583], [76.7654804, 30.7272122], [76.7655357, 30.7271495], [76.7656064, 30.7271956], [76.7655511, 30.7272583]]]}}, {"type": "Feature", "properties": {"osm_id": 396009755, "building": "yes"}, "geometry": {"type": "Polygon", "coordinates": [[[76.7648593, 30.7275679], [76.7647872, 30.7275235], [76.7648405, 30.7274595], [76.7649127, 30.7275039], [76.7648593, 30.7275679]]]}}, {"type": "Feature", "properties": {"osm_id": 396009756, "building": "yes"}, "geometry": {"type": "Polygon", "coordinates": [[[76.7654096, 30.7271661], [76.7653389, 30.72712], [76.7653942, 30.7270572], [76.765465, 30.7271033], [76.7654096, 30.7271661]]]}}, {"type": "Feature", "properties": {"osm_id": 396009757, "building": "yes"}, "geometry": {"type": "Polygon", "coordinates": [[[76.7651375, 30.7280005], [76.7650651, 30.7279563], [76.7651181, 30.7278921], [76.7651905, 30.7279363], [76.7651375, 30.7280005]]]}}, {"type": "Feature", "properties": {"osm_id": 396009758, "building": "yes"}, "geometry": {"type": "Polygon", "coordinates": [[[76.7652912, 30.7267491], [76.7652414, 30.7267178], [76.7651929, 30.7267748], [76.7652427, 30.7268061], [76.7652912, 30.7267491]]]}}, {"type": "Feature", "properties": {"osm_id": 396009759, "building": "yes"}, "geometry": {"type": "Polygon", "coordinates": [[[76.7653424, 30.7273724], [76.7652717, 30.7273263], [76.7653271, 30.7272636], [76.7653978, 30.7273097], [76.7653424, 30.7273724]]]}}, {"type": "Feature", "properties": {"osm_id": 396009760, "building": "yes"}, "geometry": {"type": "Polygon", "coordinates": [[[76.765201, 30.7272802], [76.7651302, 30.7272341], [76.7651856, 30.7271714], [76.7652563, 30.7272175], [76.765201, 30.7272802]]]}}, {"type": "Feature", "properties": {"osm_id": 396009761, "building": "yes"}, "geometry": {"type": "Polygon", "coordinates": [[[76.765531, 30.7266351], [76.7654811, 30.7266038], [76.7654327, 30.7266609], [76.7654825, 30.7266922], [76.765531, 30.7266351]]]}}, {"type": "Feature", "properties": {"osm_id": 396009762, "building": "yes"}, "geometry": {"type": "Polygon", "coordinates": [[[76.7654906, 30.7268742], [76.7654407, 30.7268429], [76.7653923, 30.7268999], [76.7654421, 30.7269312], [76.7654906, 30.7268742]]]}}, {"type": "Feature", "properties": {"osm_id": 396009763, "building": "yes"}, "geometry": {"type": "Polygon", "coordinates": [[[76.7656805, 30.7267289], [76.7656307, 30.7266977], [76.7655822, 30.7267547], [76.7656321, 30.726786], [76.7656805, 30.7267289]]]}}, {"type": "Feature", "properties": {"osm_id": 396009764, "building": "yes"}, "geometry": {"type": "Polygon", "coordinates": [[[76.7656401, 30.726968], [76.7655903, 30.7269367], [76.7655418, 30.7269938], [76.7655917, 30.7270251], [76.7656401, 30.726968]]]}}, {"type": "Feature", "properties": {"osm_id": 396009765, "building": "yes"}, "geometry": {"type": "Polygon", "coordinates": [[[76.7654313, 30.7265725], [76.7653815, 30.7265413], [76.765333, 30.7265983], [76.7653829, 30.7266296], [76.7654313, 30.7265725]]]}}, {"type": "Feature", "properties": {"osm_id": 396009766, "building": "yes"}, "geometry": {"type": "Polygon", "coordinates": [[[76.7650759, 30.7277012], [76.7650037, 30.7276568], [76.765057, 30.7275927], [76.7651292, 30.7276371], [76.7650759, 30.7277012]]]}}, {"type": "Feature", "properties": {"osm_id": 396009767, "building": "yes"}, "geometry": {"type": "Polygon", "coordinates": [[[76.7649888, 30.7271419], [76.764918, 30.7270958], [76.7649734, 30.727033], [76.7650441, 30.7270791], [76.7649888, 30.7271419]]]}}, {"type": "Feature", "properties": {"osm_id": 396009768, "building": "yes"}, "geometry": {"type": "Polygon", "coordinates": [[[76.7652682, 30.7270739], [76.7651974, 30.7270278], [76.7652528, 30.726965], [76.7653235, 30.7270111], [76.7652682, 30.7270739]]]}}, {"type": "Feature", "properties": {"osm_id": 396009769, "building": "yes"}, "geometry": {"type": "Polygon", "coordinates": [[[76.7659796, 30.7269166], [76.7659297, 30.7268854], [76.7658813, 30.7269424], [76.7659311, 30.7269737], [76.7659796, 30.7269166]]]}}, {"type": "Feature", "properties": {"osm_id": 396009770, "building": "yes"}, "geometry": {"type": "Polygon", "coordinates": [[[76.7650559, 30.7269356], [76.7649852, 30.7268895], [76.7650406, 30.7268267], [76.7651113, 30.7268728], [76.7650559, 30.7269356]]]}}, {"type": "Feature", "properties": {"osm_id": 396009771, "building": "yes"}, "geometry": {"type": "Polygon", "coordinates": [[[76.7647872, 30.7275235], [76.764715, 30.7274791], [76.7647683, 30.7274151], [76.7648405, 30.7274595], [76.7647872, 30.7275235]]]}}, {"type": "Feature", "properties": {"osm_id": 396009772, "building": "yes"}, "geometry": {"type": "Polygon", "coordinates": [[[76.7653389, 30.72712], [76.7652682, 30.7270739], [76.7653235, 30.7270111], [76.7653942, 30.7270572], [76.7653389, 30.72712]]]}}, {"type": "Feature", "properties": {"osm_id": 396009773, "building": "yes"}, "geometry": {"type": "Polygon", "coordinates": [[[76.7650651, 30.7279563], [76.7649927, 30.7279122], [76.7650457, 30.7278479], [76.7651181, 30.7278921], [76.7650651, 30.7279563]]]}}, {"type": "Feature", "properties": {"osm_id": 396009774, "building": "yes"}, "geometry": {"type": "Polygon", "coordinates": [[[76.765341, 30.7267803], [76.7652912, 30.7267491], [76.7652427, 30.7268061], [76.7652926, 30.7268374], [76.765341, 30.7267803]]]}}, {"type": "Feature", "properties": {"osm_id": 396009775, "building": "yes"}, "geometry": {"type": "Polygon", "coordinates": [[[76.7648479, 30.7278239], [76.7647755, 30.7277797], [76.7648285, 30.7277155], [76.7649009, 30.7277596], [76.7648479, 30.7278239]]]}}, {"type": "Feature", "properties": {"osm_id": 396009776, "building": "yes"}, "geometry": {"type": "Polygon", "coordinates": [[[76.7647031, 30.7277355], [76.7646307, 30.7276914], [76.7646837, 30.7276271], [76.7647561, 30.7276713], [76.7647031, 30.7277355]]]}}, {"type": "Feature", "properties": {"osm_id": 396009777, "building": "yes"}, "geometry": {"type": "Polygon", "coordinates": [[[76.7657896, 30.7270619], [76.7657398, 30.7270306], [76.7656913, 30.7270876], [76.7657412, 30.7271189], [76.7657896, 30.7270619]]]}}, {"type": "Feature", "properties": {"osm_id": 396009778, "building": "yes"}, "geometry": {"type": "Polygon", "coordinates": [[[76.7655808, 30.7266664], [76.765531, 30.7266351], [76.7654825, 30.7266922], [76.7655324, 30.7267234], [76.7655808, 30.7266664]]]}}, {"type": "Feature", "properties": {"osm_id": 396009779, "building": "yes"}, "geometry": {"type": "Polygon", "coordinates": [[[76.7655404, 30.7269055], [76.7654906, 30.7268742], [76.7654421, 30.7269312], [76.765492, 30.7269625], [76.7655404, 30.7269055]]]}}, {"type": "Feature", "properties": {"osm_id": 396009780, "building": "yes"}, "geometry": {"type": "Polygon", "coordinates": [[[76.7657304, 30.7267602], [76.7656805, 30.7267289], [76.7656321, 30.726786], [76.7656819, 30.7268173], [76.7657304, 30.7267602]]]}}, {"type": "Feature", "properties": {"osm_id": 396009781, "building": "yes"}, "geometry": {"type": "Polygon", "coordinates": [[[76.76569, 30.7269993], [76.7656401, 30.726968], [76.7655917, 30.7270251], [76.7656415, 30.7270564], [76.76569, 30.7269993]]]}}, {"type": "Feature", "properties": {"osm_id": 396009782, "building": "yes"}, "geometry": {"type": "Polygon", "coordinates": [[[76.764918, 30.7270958], [76.7648473, 30.7270497], [76.7649026, 30.7269869], [76.7649734, 30.727033], [76.764918, 30.7270958]]]}}, {"type": "Feature", "properties": {"osm_id": 396009783, "building": "yes"}, "geometry": {"type": "Polygon", "coordinates": [[[76.7651974, 30.7270278], [76.7651267, 30.7269817], [76.765182, 30.7269189], [76.7652528, 30.726965], [76.7651974, 30.7270278]]]}}, {"type": "Feature", "properties": {"osm_id": 396009784, "building": "yes"}, "geometry": {"type": "Polygon", "coordinates": [[[76.7649927, 30.7279122], [76.7649203, 30.727868], [76.7649733, 30.7278038], [76.7650457, 30.7278479], [76.7649927, 30.7279122]]]}}, {"type": "Feature", "properties": {"osm_id": 396010257, "building": "yes"}, "geometry": {"type": "Polygon", "coordinates": [[[76.7660003, 30.726668], [76.7659404, 30.7266297], [76.7658718, 30.726709], [76.7659317, 30.7267473], [76.7660003, 30.726668]]]}}, {"type": "Feature", "properties": {"osm_id": 396010259, "building": "yes"}, "geometry": {"type": "Polygon", "coordinates": [[[76.7661801, 30.7267829], [76.7661202, 30.7267446], [76.7660516, 30.7268239], [76.7661115, 30.7268621], [76.7661801, 30.7267829]]]}}, {"type": "Feature", "properties": {"osm_id": 396010264, "building": "yes"}, "geometry": {"type": "Polygon", "coordinates": [[[76.76601, 30.7264357], [76.7659501, 30.7263974], [76.7658815, 30.7264767], [76.7659414, 30.726515], [76.76601, 30.7264357]]]}}, {"type": "Feature", "properties": {"osm_id": 396010269, "building": "yes"}, "geometry": {"type": "Polygon", "coordinates": [[[76.76621, 30.726305], [76.7661501, 30.7262667], [76.7660815, 30.726346], [76.7661415, 30.7263843], [76.76621, 30.726305]]]}}, {"type": "Feature", "properties": {"osm_id": 396010271, "building": "yes"}, "geometry": {"type": "Polygon", "coordinates": [[[76.7664497, 30.7264581], [76.7663898, 30.7264198], [76.7663212, 30.7264991], [76.7663811, 30.7265374], [76.7664497, 30.7264581]]]}}, {"type": "Feature", "properties": {"osm_id": 396010272, "building": "yes"}, "geometry": {"type": "Polygon", "coordinates": [[[76.7658902, 30.7263591], [76.7658303, 30.7263208], [76.7657617, 30.7264001], [76.7658216, 30.7264384], [76.7658902, 30.7263591]]]}}, {"type": "Feature", "properties": {"osm_id": 396010273, "building": "yes"}, "geometry": {"type": "Polygon", "coordinates": [[[76.7660699, 30.726474], [76.76601, 30.7264357], [76.7659414, 30.726515], [76.7660014, 30.7265533], [76.7660699, 30.726474]]]}}, {"type": "Feature", "properties": {"osm_id": 396010275, "building": "yes"}, "geometry": {"type": "Polygon", "coordinates": [[[76.7658206, 30.7265531], [76.7657606, 30.7265148], [76.7656921, 30.7265941], [76.765752, 30.7266324], [76.7658206, 30.7265531]]]}}, {"type": "Feature", "properties": {"osm_id": 396010279, "building": "yes"}, "geometry": {"type": "Polygon", "coordinates": [[[76.76627, 30.7263433], [76.76621, 30.726305], [76.7661415, 30.7263843], [76.7662014, 30.7264226], [76.76627, 30.7263433]]]}}, {"type": "Feature", "properties": {"osm_id": 396010282, "building": "yes"}, "geometry": {"type": "Polygon", "coordinates": [[[76.7662497, 30.7265889], [76.7661898, 30.7265506], [76.7661212, 30.7266299], [76.7661811, 30.7266682], [76.7662497, 30.7265889]]]}}, {"type": "Feature", "properties": {"osm_id": 396010283, "building": "yes"}, "geometry": {"type": "Polygon", "coordinates": [[[76.7659501, 30.7263974], [76.7658902, 30.7263591], [76.7658216, 30.7264384], [76.7658815, 30.7264767], [76.7659501, 30.7263974]]]}}, {"type": "Feature", "properties": {"osm_id": 396010284, "building": "yes"}, "geometry": {"type": "Polygon", "coordinates": [[[76.7661299, 30.7265123], [76.7660699, 30.726474], [76.7660014, 30.7265533], [76.7660613, 30.7265916], [76.7661299, 30.7265123]]]}}, {"type": "Feature", "properties": {"osm_id": 396010286, "building": "yes"}, "geometry": {"type": "Polygon", "coordinates": [[[76.7658805, 30.7265914], [76.7658206, 30.7265531], [76.765752, 30.7266324], [76.7658119, 30.7266707], [76.7658805, 30.7265914]]]}}, {"type": "Feature", "properties": {"osm_id": 396010289, "building": "yes"}, "geometry": {"type": "Polygon", "coordinates": [[[76.7660602, 30.7267063], [76.7660003, 30.726668], [76.7659317, 30.7267473], [76.7659916, 30.7267856], [76.7660602, 30.7267063]]]}}, {"type": "Feature", "properties": {"osm_id": 396010290, "building": "yes"}, "geometry": {"type": "Polygon", "coordinates": [[[76.7665789, 30.7263043], [76.766519, 30.726266], [76.7664504, 30.7263453], [76.7665104, 30.7263836], [76.7665789, 30.7263043]]]}}, {"type": "Feature", "properties": {"osm_id": 396010292, "building": "yes"}, "geometry": {"type": "Polygon", "coordinates": [[[76.7657606, 30.7265148], [76.7657007, 30.7264765], [76.7656321, 30.7265558], [76.7656921, 30.7265941], [76.7657606, 30.7265148]]]}}, {"type": "Feature", "properties": {"osm_id": 396010293, "building": "yes"}, "geometry": {"type": "Polygon", "coordinates": [[[76.7663096, 30.7266272], [76.7662497, 30.7265889], [76.7661811, 30.7266682], [76.766241, 30.7267065], [76.7663096, 30.7266272]]]}}, {"type": "Feature", "properties": {"osm_id": 396010295, "building": "yes"}, "geometry": {"type": "Polygon", "coordinates": [[[76.7663299, 30.7263815], [76.76627, 30.7263433], [76.7662014, 30.7264226], [76.7662613, 30.7264608], [76.7663299, 30.7263815]]]}}, {"type": "Feature", "properties": {"osm_id": 396010299, "building": "yes"}, "geometry": {"type": "Polygon", "coordinates": [[[76.7661898, 30.7265506], [76.7661299, 30.7265123], [76.7660613, 30.7265916], [76.7661212, 30.7266299], [76.7661898, 30.7265506]]]}}, {"type": "Feature", "properties": {"osm_id": 396010301, "building": "yes"}, "geometry": {"type": "Polygon", "coordinates": [[[76.7659404, 30.7266297], [76.7658805, 30.7265914], [76.7658119, 30.7266707], [76.7658718, 30.726709], [76.7659404, 30.7266297]]]}}, {"type": "Feature", "properties": {"osm_id": 396010304, "building": "yes"}, "geometry": {"type": "Polygon", "coordinates": [[[76.7661202, 30.7267446], [76.7660602, 30.7267063], [76.7659916, 30.7267856], [76.7660516, 30.7268239], [76.7661202, 30.7267446]]]}}, {"type": "Feature", "properties": {"osm_id": 396010305, "building": "yes"}, "geometry": {"type": "Polygon", "coordinates": [[[76.7663898, 30.7264198], [76.7663299, 30.7263815], [76.7662613, 30.7264608], [76.7663212, 30.7264991], [76.7663898, 30.7264198]]]}}, {"type": "Feature", "properties": {"osm_id": 396123008, "building": "yes"}, "geometry": {"type": "Polygon", "coordinates": [[[76.7756244, 30.7303106], [76.7757111, 30.7303648], [76.7756231, 30.7304688], [76.7755364, 30.7304146], [76.7756244, 30.7303106]]]}}, {"type": "Feature", "properties": {"osm_id": 396123009, "building": "house"}, "geometry": {"type": "Polygon", "coordinates": [[[76.7768829, 30.7283893], [76.7769675, 30.7284411], [76.7770439, 30.728349], [76.7769592, 30.7282972], [76.7768829, 30.7283893]]]}}, {"type": "Feature", "properties": {"osm_id": 396123010, "building": "yes"}, "geometry": {"type": "Polygon", "coordinates": [[[76.7757748, 30.7300175], [76.7758616, 30.7300723], [76.7757714, 30.7301779], [76.7756846, 30.730123], [76.7757748, 30.7300175]]]}}, {"type": "Feature", "properties": {"osm_id": 396123011, "building": "yes"}, "geometry": {"type": "Polygon", "coordinates": [[[76.7755143, 30.7298529], [76.7756011, 30.7299078], [76.7755109, 30.7300133], [76.7754241, 30.7299585], [76.7755143, 30.7298529]]]}}, {"type": "Feature", "properties": {"osm_id": 396123012, "building": "yes"}, "geometry": {"type": "Polygon", "coordinates": [[[76.7759484, 30.7301272], [76.7760353, 30.730182], [76.775945, 30.7302876], [76.7758582, 30.7302327], [76.7759484, 30.7301272]]]}}, {"type": "Feature", "properties": {"osm_id": 396123013, "building": "yes"}, "geometry": {"type": "Polygon", "coordinates": [[[76.7752779, 30.7300939], [76.7753645, 30.7301481], [76.7752765, 30.7302521], [76.7751898, 30.7301979], [76.7752779, 30.7300939]]]}}, {"type": "Feature", "properties": {"osm_id": 396123014, "building": "yes"}, "geometry": {"type": "Polygon", "coordinates": [[[76.7767275, 30.7303188], [76.7768371, 30.730388], [76.776748, 30.7304923], [76.7766383, 30.730423], [76.7767275, 30.7303188]]]}}, {"type": "Feature", "properties": {"osm_id": 396123015, "building": "yes"}, "geometry": {"type": "Polygon", "coordinates": [[[76.7750179, 30.7299314], [76.7751046, 30.7299856], [76.7750166, 30.7300896], [76.7749299, 30.7300354], [76.7750179, 30.7299314]]]}}, {"type": "Feature", "properties": {"osm_id": 396123016, "building": "yes"}, "geometry": {"type": "Polygon", "coordinates": [[[76.7763781, 30.730098], [76.7764649, 30.7301528], [76.7763746, 30.7302584], [76.7762878, 30.7302036], [76.7763781, 30.730098]]]}}, {"type": "Feature", "properties": {"osm_id": 396123017, "building": "yes"}, "geometry": {"type": "Polygon", "coordinates": [[[76.7761176, 30.7299335], [76.7762044, 30.7299883], [76.7761142, 30.7300939], [76.7760273, 30.730039], [76.7761176, 30.7299335]]]}}, {"type": "Feature", "properties": {"osm_id": 396123018, "building": "house"}, "geometry": {"type": "Polygon", "coordinates": [[[76.7770633, 30.7287837], [76.7771479, 30.7288355], [76.7772243, 30.7287434], [76.7771396, 30.7286916], [76.7770633, 30.7287837]]]}}, {"type": "Feature", "properties": {"osm_id": 396123021, "building": "yes"}, "geometry": {"type": "Polygon", "coordinates": [[[76.7755378, 30.7302565], [76.7756244, 30.7303106], [76.7755364, 30.7304146], [76.7754498, 30.7303605], [76.7755378, 30.7302565]]]}}, {"type": "Feature", "properties": {"osm_id": 396123022, "building": "yes"}, "geometry": {"type": "Polygon", "coordinates": [[[76.775688, 30.7299626], [76.7757748, 30.7300175], [76.7756846, 30.730123], [76.7755977, 30.7300682], [76.775688, 30.7299626]]]}}, {"type": "Feature", "properties": {"osm_id": 396123023, "building": "yes"}, "geometry": {"type": "Polygon", "coordinates": [[[76.7754275, 30.7297981], [76.7755143, 30.7298529], [76.7754241, 30.7299585], [76.7753373, 30.7299037], [76.7754275, 30.7297981]]]}}, {"type": "Feature", "properties": {"osm_id": 396123024, "building": "yes"}, "geometry": {"type": "Polygon", "coordinates": [[[76.7766385, 30.7302625], [76.7767253, 30.7303174], [76.7766351, 30.7304229], [76.7765483, 30.7303681], [76.7766385, 30.7302625]]]}}, {"type": "Feature", "properties": {"osm_id": 396123025, "building": "yes"}, "geometry": {"type": "Polygon", "coordinates": [[[76.7773907, 30.7287002], [76.7774753, 30.728752], [76.7775516, 30.7286598], [76.777467, 30.728608], [76.7773907, 30.7287002]]]}}, {"type": "Feature", "properties": {"osm_id": 396123026, "building": "yes"}, "geometry": {"type": "Polygon", "coordinates": [[[76.7751912, 30.7300397], [76.7752779, 30.7300939], [76.7751898, 30.7301979], [76.7751032, 30.7301437], [76.7751912, 30.7300397]]]}}, {"type": "Feature", "properties": {"osm_id": 396123027, "building": "yes"}, "geometry": {"type": "Polygon", "coordinates": [[[76.7749313, 30.7298772], [76.7750179, 30.7299314], [76.7749299, 30.7300354], [76.7748433, 30.7299812], [76.7749313, 30.7298772]]]}}, {"type": "Feature", "properties": {"osm_id": 396123028, "building": "yes"}, "geometry": {"type": "Polygon", "coordinates": [[[76.7758571, 30.7297689], [76.7759439, 30.7298238], [76.7758537, 30.7299293], [76.7757669, 30.7298745], [76.7758571, 30.7297689]]]}}, {"type": "Feature", "properties": {"osm_id": 396123029, "building": "yes"}, "geometry": {"type": "Polygon", "coordinates": [[[76.7762912, 30.7300432], [76.7763781, 30.730098], [76.7762878, 30.7302036], [76.776201, 30.7301487], [76.7762912, 30.7300432]]]}}, {"type": "Feature", "properties": {"osm_id": 396123030, "building": "yes"}, "geometry": {"type": "Polygon", "coordinates": [[[76.7760308, 30.7298786], [76.7761176, 30.7299335], [76.7760273, 30.730039], [76.7759405, 30.7299842], [76.7760308, 30.7298786]]]}}, {"type": "Feature", "properties": {"osm_id": 396123031, "building": "house"}, "geometry": {"type": "Polygon", "coordinates": [[[76.7772325, 30.7288874], [76.7773172, 30.7289392], [76.7773935, 30.728847], [76.7773089, 30.7287952], [76.7772325, 30.7288874]]]}}, {"type": "Feature", "properties": {"osm_id": 396123032, "building": "house"}, "geometry": {"type": "Polygon", "coordinates": [[[76.7769787, 30.7287319], [76.7770633, 30.7287837], [76.7771396, 30.7286916], [76.777055, 30.7286398], [76.7769787, 30.7287319]]]}}, {"type": "Feature", "properties": {"osm_id": 396123034, "building": "house"}, "geometry": {"type": "Polygon", "coordinates": [[[76.7767248, 30.7285765], [76.7768094, 30.7286283], [76.7768857, 30.7285362], [76.7768011, 30.7284843], [76.7767248, 30.7285765]]]}}, {"type": "Feature", "properties": {"osm_id": 396123037, "building": "yes"}, "geometry": {"type": "Polygon", "coordinates": [[[76.7754511, 30.7302023], [76.7755378, 30.7302565], [76.7754498, 30.7303605], [76.7753631, 30.7303063], [76.7754511, 30.7302023]]]}}, {"type": "Feature", "properties": {"osm_id": 396123038, "building": "yes"}, "geometry": {"type": "Polygon", "coordinates": [[[76.7765605, 30.730513], [76.7766701, 30.7305823], [76.776581, 30.7306865], [76.7764714, 30.7306173], [76.7765605, 30.730513]]]}}, {"type": "Feature", "properties": {"osm_id": 396123039, "building": "yes"}, "geometry": {"type": "Polygon", "coordinates": [[[76.7756011, 30.7299078], [76.775688, 30.7299626], [76.7755977, 30.7300682], [76.7755109, 30.7300133], [76.7756011, 30.7299078]]]}}, {"type": "Feature", "properties": {"osm_id": 396123040, "building": "yes"}, "geometry": {"type": "Polygon", "coordinates": [[[76.7753407, 30.7297433], [76.7754275, 30.7297981], [76.7753373, 30.7299037], [76.7752504, 30.7298488], [76.7753407, 30.7297433]]]}}, {"type": "Feature", "properties": {"osm_id": 396123042, "building": "yes"}, "geometry": {"type": "Polygon", "coordinates": [[[76.7764694, 30.7304563], [76.7765562, 30.7305111], [76.776466, 30.7306167], [76.7763791, 30.7305618], [76.7764694, 30.7304563]]]}}, {"type": "Feature", "properties": {"osm_id": 396123043, "building": "house"}, "geometry": {"type": "Polygon", "coordinates": [[[76.777306, 30.7286484], [76.7773907, 30.7287002], [76.777467, 30.728608], [76.7773824, 30.7285562], [76.777306, 30.7286484]]]}}, {"type": "Feature", "properties": {"osm_id": 396123044, "building": "yes"}, "geometry": {"type": "Polygon", "coordinates": [[[76.7762089, 30.7302917], [76.7762957, 30.7303466], [76.7762055, 30.7304521], [76.7761187, 30.7303973], [76.7762089, 30.7302917]]]}}, {"type": "Feature", "properties": {"osm_id": 396123045, "building": "yes"}, "geometry": {"type": "Polygon", "coordinates": [[[76.7751046, 30.7299856], [76.7751912, 30.7300397], [76.7751032, 30.7301437], [76.7750166, 30.7300896], [76.7751046, 30.7299856]]]}}, {"type": "Feature", "properties": {"osm_id": 396123046, "building": "yes"}, "geometry": {"type": "Polygon", "coordinates": [[[76.7748447, 30.729823], [76.7749313, 30.7298772], [76.7748433, 30.7299812], [76.7747566, 30.729927], [76.7748447, 30.729823]]]}}, {"type": "Feature", "properties": {"osm_id": 396123047, "building": "yes"}, "geometry": {"type": "Polygon", "coordinates": [[[76.7757703, 30.7297141], [76.7758571, 30.7297689], [76.7757669, 30.7298745], [76.77568, 30.7298196], [76.7757703, 30.7297141]]]}}, {"type": "Feature", "properties": {"osm_id": 396123048, "building": "yes"}, "geometry": {"type": "Polygon", "coordinates": [[[76.7755098, 30.7295495], [76.7755966, 30.7296044], [76.7755064, 30.7297099], [76.7754196, 30.7296551], [76.7755098, 30.7295495]]]}}, {"type": "Feature", "properties": {"osm_id": 396123049, "building": "yes"}, "geometry": {"type": "Polygon", "coordinates": [[[76.7759439, 30.7298238], [76.7760308, 30.7298786], [76.7759405, 30.7299842], [76.7758537, 30.7299293], [76.7759439, 30.7298238]]]}}, {"type": "Feature", "properties": {"osm_id": 396123050, "building": "house"}, "geometry": {"type": "Polygon", "coordinates": [[[76.7771479, 30.7288355], [76.7772325, 30.7288874], [76.7773089, 30.7287952], [76.7772243, 30.7287434], [76.7771479, 30.7288355]]]}}, {"type": "Feature", "properties": {"osm_id": 396123051, "building": "house"}, "geometry": {"type": "Polygon", "coordinates": [[[76.776894, 30.7286801], [76.7769787, 30.7287319], [76.777055, 30.7286398], [76.7769704, 30.728588], [76.776894, 30.7286801]]]}}, {"type": "Feature", "properties": {"osm_id": 396123054, "building": "house"}, "geometry": {"type": "Polygon", "coordinates": [[[76.7770521, 30.7284929], [76.7771368, 30.7285447], [76.7772131, 30.7284526], [76.7771285, 30.7284008], [76.7770521, 30.7284929]]]}}, {"type": "Feature", "properties": {"osm_id": 396123055, "building": "yes"}, "geometry": {"type": "Polygon", "coordinates": [[[76.7752538, 30.7296884], [76.7753407, 30.7297433], [76.7752504, 30.7298488], [76.7751636, 30.729794], [76.7752538, 30.7296884]]]}}, {"type": "Feature", "properties": {"osm_id": 396123056, "building": "yes"}, "geometry": {"type": "Polygon", "coordinates": [[[76.7763826, 30.7304014], [76.7764694, 30.7304563], [76.7763791, 30.7305618], [76.7762923, 30.730507], [76.7763826, 30.7304014]]]}}, {"type": "Feature", "properties": {"osm_id": 396123057, "building": "house"}, "geometry": {"type": "Polygon", "coordinates": [[[76.7772214, 30.7285965], [76.777306, 30.7286484], [76.7773824, 30.7285562], [76.7772977, 30.7285044], [76.7772214, 30.7285965]]]}}, {"type": "Feature", "properties": {"osm_id": 396123058, "building": "yes"}, "geometry": {"type": "Polygon", "coordinates": [[[76.7761221, 30.7302369], [76.7762089, 30.7302917], [76.7761187, 30.7303973], [76.7760319, 30.7303424], [76.7761221, 30.7302369]]]}}, {"type": "Feature", "properties": {"osm_id": 396123059, "building": "yes"}, "geometry": {"type": "Polygon", "coordinates": [[[76.774758, 30.7297689], [76.7748447, 30.729823], [76.7747566, 30.729927], [76.77467, 30.7298728], [76.774758, 30.7297689]]]}}, {"type": "Feature", "properties": {"osm_id": 396123060, "building": "yes"}, "geometry": {"type": "Polygon", "coordinates": [[[76.7756835, 30.7296592], [76.7757703, 30.7297141], [76.77568, 30.7298196], [76.7755932, 30.7297648], [76.7756835, 30.7296592]]]}}, {"type": "Feature", "properties": {"osm_id": 396123061, "building": "yes"}, "geometry": {"type": "Polygon", "coordinates": [[[76.7765517, 30.7302077], [76.7766385, 30.7302625], [76.7765483, 30.7303681], [76.7764615, 30.7303132], [76.7765517, 30.7302077]]]}}, {"type": "Feature", "properties": {"osm_id": 396123062, "building": "house"}, "geometry": {"type": "Polygon", "coordinates": [[[76.7768094, 30.7286283], [76.776894, 30.7286801], [76.7769704, 30.728588], [76.7768857, 30.7285362], [76.7768094, 30.7286283]]]}}, {"type": "Feature", "properties": {"osm_id": 396123065, "building": "yes"}, "geometry": {"type": "Polygon", "coordinates": [[[76.775423, 30.7294947], [76.7755098, 30.7295495], [76.7754196, 30.7296551], [76.7753327, 30.7296002], [76.775423, 30.7294947]]]}}, {"type": "Feature", "properties": {"osm_id": 396123066, "building": "house"}, "geometry": {"type": "Polygon", "coordinates": [[[76.7769675, 30.7284411], [76.7770521, 30.7284929], [76.7771285, 30.7284008], [76.7770439, 30.728349], [76.7769675, 30.7284411]]]}}, {"type": "Feature", "properties": {"osm_id": 396123067, "building": "yes"}, "geometry": {"type": "Polygon", "coordinates": [[[76.7758616, 30.7300723], [76.7759484, 30.7301272], [76.7758582, 30.7302327], [76.7757714, 30.7301779], [76.7758616, 30.7300723]]]}}, {"type": "Feature", "properties": {"osm_id": 396123068, "building": "yes"}, "geometry": {"type": "Polygon", "coordinates": [[[76.7762957, 30.7303466], [76.7763826, 30.7304014], [76.7762923, 30.730507], [76.7762055, 30.7304521], [76.7762957, 30.7303466]]]}}, {"type": "Feature", "properties": {"osm_id": 396123069, "building": "yes"}, "geometry": {"type": "Polygon", "coordinates": [[[76.7753093, 30.7294214], [76.7754189, 30.7294906], [76.7753298, 30.7295949], [76.7752202, 30.7295256], [76.7753093, 30.7294214]]]}}, {"type": "Feature", "properties": {"osm_id": 396123070, "building": "house"}, "geometry": {"type": "Polygon", "coordinates": [[[76.7771368, 30.7285447], [76.7772214, 30.7285965], [76.7772977, 30.7285044], [76.7772131, 30.7284526], [76.7771368, 30.7285447]]]}}, {"type": "Feature", "properties": {"osm_id": 396123071, "building": "yes"}, "geometry": {"type": "Polygon", "coordinates": [[[76.7760353, 30.730182], [76.7761221, 30.7302369], [76.7760319, 30.7303424], [76.775945, 30.7302876], [76.7760353, 30.730182]]]}}, {"type": "Feature", "properties": {"osm_id": 396123072, "building": "yes"}, "geometry": {"type": "Polygon", "coordinates": [[[76.7753645, 30.7301481], [76.7754511, 30.7302023], [76.7753631, 30.7303063], [76.7752765, 30.7302521], [76.7753645, 30.7301481]]]}}, {"type": "Feature", "properties": {"osm_id": 396123073, "building": "yes"}, "geometry": {"type": "Polygon", "coordinates": [[[76.7755966, 30.7296044], [76.7756835, 30.7296592], [76.7755932, 30.7297648], [76.7755064, 30.7297099], [76.7755966, 30.7296044]]]}}, {"type": "Feature", "properties": {"osm_id": 396123074, "building": "yes"}, "geometry": {"type": "Polygon", "coordinates": [[[76.7764649, 30.7301528], [76.7765517, 30.7302077], [76.7764615, 30.7303132], [76.7763746, 30.7302584], [76.7764649, 30.7301528]]]}}, {"type": "Feature", "properties": {"osm_id": 396123075, "building": "yes"}, "geometry": {"type": "Polygon", "coordinates": [[[76.7762044, 30.7299883], [76.7762912, 30.7300432], [76.776201, 30.7301487], [76.7761142, 30.7300939], [76.7762044, 30.7299883]]]}}, {"type": "Feature", "properties": {"osm_id": 396123076, "building": "detached"}, "geometry": {"type": "Polygon", "coordinates": [[[76.7746714, 30.7297147], [76.774758, 30.7297689], [76.77467, 30.7298728], [76.7745834, 30.7298187], [76.7746714, 30.7297147]]]}}, {"type": "Feature", "properties": {"osm_id": 577853172, "building": "yes", "name": "JW Marriott Chandigarh"}, "geometry": {"type": "Polygon", "coordinates": [[[76.7671029, 30.727079], [76.7665308, 30.7267197], [76.7670235, 30.7261537], [76.7672756, 30.7263042], [76.7673247, 30.7264266], [76.7673083, 30.7266595], [76.767271, 30.726814], [76.767306, 30.7268361], [76.7671029, 30.727079]]]}}, {"type": "Feature", "properties": {"osm_id": 737798529, "building": "yes"}, "geometry": {"type": "Polygon", "coordinates": [[[76.7742862, 30.7387834], [76.774421, 30.7388463], [76.7744719, 30.7387657], [76.7743371, 30.7387028], [76.7742862, 30.7387834]]]}}, {"type": "Feature", "properties": {"osm_id": 761150439, "building": "yes"}, "geometry": {"type": "Polygon", "coordinates": [[[76.7663743, 30.7395098], [76.7675685, 30.7402619], [76.7676679, 30.7401453], [76.7664737, 30.7393932], [76.7663743, 30.7395098]]]}}, {"type": "Feature", "properties": {"osm_id": 761150453, "building": "yes"}, "geometry": {"type": "Polygon", "coordinates": [[[76.7627259, 30.7361703], [76.7629096, 30.7362821], [76.7629978, 30.736175], [76.762814, 30.7360632], [76.7627259, 30.7361703]]]}}, {"type": "Feature", "properties": {"osm_id": 799064220, "building": "yes"}, "geometry": {"type": "Polygon", "coordinates": [[[76.7731047, 30.7263832], [76.773311, 30.7264979], [76.7733847, 30.7263999], [76.7731784, 30.7262852], [76.7731047, 30.7263832]]]}}, {"type": "Feature", "properties": {"osm_id": 799064243, "building": "yes"}, "geometry": {"type": "Polygon", "coordinates": [[[76.7655525, 30.7383307], [76.7659307, 30.7385559], [76.7660366, 30.7384245], [76.7656584, 30.7381993], [76.7655525, 30.7383307]]]}}, {"type": "Feature", "properties": {"osm_id": 838474421, "building": "yes"}, "geometry": {"type": "Polygon", "coordinates": [[[76.7655132, 30.7284312], [76.7655486, 30.7282158], [76.766053, 30.7282489], [76.7660305, 30.7284726], [76.7655132, 30.7284312]]]}}, {"type": "Feature", "properties": {"osm_id": 838474422, "building": "yes"}, "geometry": {"type": "Polygon", "coordinates": [[[76.7644986, 30.7295592], [76.7650245, 30.7295885], [76.7650164, 30.7297782], [76.7644766, 30.7297434], [76.7644986, 30.7295592]]]}}, {"type": "Feature", "properties": {"osm_id": 838474423, "building": "yes"}, "geometry": {"type": "Polygon", "coordinates": [[[76.7641384, 30.729872], [76.7643461, 30.7298938], [76.7643292, 30.7300979], [76.7641172, 30.7301635], [76.7641384, 30.729872]]]}}, {"type": "Feature", "properties": {"osm_id": 838474424, "building": "yes", "name": "kisan bhawan"}, "geometry": {"type": "Polygon", "coordinates": [[[76.7630233, 30.7317589], [76.7632387, 30.7317926], [76.7632275, 30.7319753], [76.763012, 30.7319612], [76.7629898, 30.7321611], [76.7628245, 30.7321388], [76.7628108, 30.7322301], [76.7624025, 30.7321868], [76.7624332, 30.7319993], [76.762478, 30.7319801], [76.7624919, 30.7318286], [76.7625591, 30.7318238], [76.7625926, 30.7316027], [76.7630206, 30.7316195], [76.7630233, 30.7317589]]]}}, {"type": "Feature", "properties": {"osm_id": 1176523492, "building": "yes"}, "geometry": {"type": "Polygon", "coordinates": [[[76.7724301, 30.7337567], [76.7724591, 30.7337117], [76.7725046, 30.7337342], [76.7724756, 30.7337745], [76.7724301, 30.7337567]]]}}, {"type": "Feature", "properties": {"osm_id": 1176523493, "building": "yes"}, "geometry": {"type": "Polygon", "coordinates": [[[76.7726535, 30.7334888], [76.7726769, 30.7334568], [76.7727114, 30.7334758], [76.7726907, 30.7335043], [76.7726535, 30.7334888]]]}}, {"type": "Feature", "properties": {"osm_id": 1222204976, "building": "yes"}, "geometry": {"type": "Polygon", "coordinates": [[[76.7793435, 30.7287471], [76.7793413, 30.728757], [76.7793431, 30.728767], [76.7793486, 30.7287759], [76.7793572, 30.7287827], [76.779368, 30.7287867], [76.7793797, 30.7287874], [76.7793911, 30.7287847], [76.7794007, 30.728779], [76.7794073, 30.7287713], [76.7794108, 30.7287621], [76.7794107, 30.7287525], [76.7794071, 30.7287434], [76.7794004, 30.7287358], [76.7793912, 30.7287303], [76.7793804, 30.7287277], [76.7793692, 30.7287281], [76.7793583, 30.7287317], [76.7793494, 30.7287383], [76.7793435, 30.7287471]]]}}, {"type": "Feature", "properties": {"osm_id": 1267931229, "building": "commercial", "name": "Churi House"}, "geometry": {"type": "Polygon", "coordinates": [[[76.7685352, 30.736031], [76.7685763, 30.7359828], [76.7686435, 30.7360149], [76.7686137, 30.7360727], [76.7685352, 30.736031]]]}}, {"type": "Feature", "properties": {"osm_id": 1340124928, "building": "apartments"}, "geometry": {"type": "Polygon", "coordinates": [[[76.7718032, 30.7301914], [76.771834, 30.7301597], [76.7719326, 30.7302179], [76.7719064, 30.7302484], [76.7718032, 30.7301914]]]}}, {"type": "Feature", "properties": {"osm_id": 1340124929, "building": "apartments"}, "geometry": {"type": "Polygon", "coordinates": [[[76.7718371, 30.7301524], [76.7718679, 30.7301206], [76.7719665, 30.7301789], [76.7719403, 30.7302093], [76.7718371, 30.7301524]]]}}, {"type": "Feature", "properties": {"osm_id": 1340124930, "building": "apartments"}, "geometry": {"type": "Polygon", "coordinates": [[[76.7718663, 30.7301166], [76.7718971, 30.7300848], [76.7719957, 30.7301431], [76.7719695, 30.7301736], [76.7718663, 30.7301166]]]}}, {"type": "Feature", "properties": {"osm_id": 1340124931, "building": "apartments"}, "geometry": {"type": "Polygon", "coordinates": [[[76.7718941, 30.7300769], [76.7719249, 30.7300451], [76.7720235, 30.7301034], [76.7719973, 30.7301338], [76.7718941, 30.7300769]]]}}, {"type": "Feature", "properties": {"osm_id": 1340124932, "building": "apartments"}, "geometry": {"type": "Polygon", "coordinates": [[[76.7719295, 30.7300398], [76.7719541, 30.730008], [76.7720512, 30.730065], [76.772025, 30.7300954], [76.7719295, 30.7300398]]]}}, {"type": "Feature", "properties": {"osm_id": 1340124933, "building": "apartments"}, "geometry": {"type": "Polygon", "coordinates": [[[76.7719595, 30.7299994], [76.7719873, 30.7299663], [76.7721087, 30.7300358], [76.7720717, 30.7300709], [76.7719595, 30.7299994]]]}}, {"type": "Feature", "properties": {"osm_id": 1340124934, "building": "apartments"}, "geometry": {"type": "Polygon", "coordinates": [[[76.7720247, 30.7299266], [76.7720922, 30.729836], [76.7722, 30.7298999], [76.7721269, 30.7299903], [76.7720247, 30.7299266]]]}}, {"type": "Feature", "properties": {"osm_id": 1340124935, "building": "apartments"}, "geometry": {"type": "Polygon", "coordinates": [[[76.7720005, 30.730337], [76.7720547, 30.7302764], [76.7721517, 30.7303333], [76.7721041, 30.7303984], [76.7720005, 30.730337]]]}}, {"type": "Feature", "properties": {"osm_id": 1340124936, "building": "apartments"}, "geometry": {"type": "Polygon", "coordinates": [[[76.7720783, 30.7302332], [76.7721097, 30.7301991], [76.7722269, 30.7302711], [76.7721953, 30.7303096], [76.7720783, 30.7302332]]]}}, {"type": "Feature", "properties": {"osm_id": 1340124937, "building": "apartments"}, "geometry": {"type": "Polygon", "coordinates": [[[76.7721293, 30.7301572], [76.7721513, 30.7301254], [76.7722657, 30.7301938], [76.7722396, 30.7302243], [76.7721293, 30.7301572]]]}}, {"type": "Feature", "properties": {"osm_id": 1340124938, "building": "apartments"}, "geometry": {"type": "Polygon", "coordinates": [[[76.7721517, 30.7301168], [76.7721781, 30.7300896], [76.7722926, 30.7301546], [76.7722664, 30.7301851], [76.7721517, 30.7301168]]]}}, {"type": "Feature", "properties": {"osm_id": 1340124939, "building": "apartments"}, "geometry": {"type": "Polygon", "coordinates": [[[76.7722005, 30.7300935], [76.7722313, 30.7300598], [76.7723284, 30.7301167], [76.7722991, 30.7301511], [76.7722005, 30.7300935]]]}}, {"type": "Feature", "properties": {"osm_id": 1340124940, "building": "apartments"}, "geometry": {"type": "Polygon", "coordinates": [[[76.7722345, 30.7300574], [76.7722592, 30.7300256], [76.7723562, 30.7300825], [76.77233, 30.730113], [76.7722345, 30.7300574]]]}}, {"type": "Feature", "properties": {"osm_id": 1340124941, "building": "apartments"}, "geometry": {"type": "Polygon", "coordinates": [[[76.772263, 30.730019], [76.7722992, 30.7299746], [76.772404, 30.7300375], [76.772367, 30.7300792], [76.772263, 30.730019]]]}}, {"type": "Feature", "properties": {"osm_id": 1340124942, "building": "apartments"}, "geometry": {"type": "Polygon", "coordinates": [[[76.7727676, 30.7305107], [76.7728673, 30.7304005], [76.7729147, 30.7304309], [76.7728148, 30.7305444], [76.7727676, 30.7305107]]]}}, {"type": "Feature", "properties": {"osm_id": 1340124943, "building": "apartments"}, "geometry": {"type": "Polygon", "coordinates": [[[76.772667, 30.7304173], [76.7727493, 30.7303117], [76.772786, 30.7303341], [76.7726995, 30.7304349], [76.772667, 30.7304173]]]}}, {"type": "Feature", "properties": {"osm_id": 1340124944, "building": "apartments"}, "geometry": {"type": "Polygon", "coordinates": [[[76.7727501, 30.7304657], [76.772811, 30.7303844], [76.7728517, 30.7304032], [76.7727772, 30.7304856], [76.7727501, 30.7304657]]]}}, {"type": "Feature", "properties": {"osm_id": 1340125911, "building": "apartments"}, "geometry": {"type": "Polygon", "coordinates": [[[76.7705868, 30.7307071], [76.7705837, 30.7306554], [76.7707008, 30.7306488], [76.7706977, 30.7307031], [76.7705868, 30.7307071]]]}}, {"type": "Feature", "properties": {"osm_id": 1340125912, "building": "apartments"}, "geometry": {"type": "Polygon", "coordinates": [[[76.7705853, 30.7306488], [76.7705822, 30.7306064], [76.7706947, 30.7305998], [76.7706962, 30.7306448], [76.7705853, 30.7306488]]]}}, {"type": "Feature", "properties": {"osm_id": 1340125913, "building": "apartments"}, "geometry": {"type": "Polygon", "coordinates": [[[76.7705837, 30.7306011], [76.7705807, 30.7305495], [76.7706891, 30.7305446], [76.7706947, 30.7305971], [76.7705837, 30.7306011]]]}}, {"type": "Feature", "properties": {"osm_id": 1340125914, "building": "apartments"}, "geometry": {"type": "Polygon", "coordinates": [[[76.770556, 30.7302158], [76.7705529, 30.7301641], [76.7706592, 30.7301602], [76.7706669, 30.7302118], [76.770556, 30.7302158]]]}}, {"type": "Feature", "properties": {"osm_id": 1340125915, "building": "apartments"}, "geometry": {"type": "Polygon", "coordinates": [[[76.7705575, 30.7302714], [76.7705529, 30.7302216], [76.7706665, 30.7302165], [76.7706644, 30.7302696], [76.7705575, 30.7302714]]]}}, {"type": "Feature", "properties": {"osm_id": 1340125916, "building": "apartments"}, "geometry": {"type": "Polygon", "coordinates": [[[76.7705627, 30.7303289], [76.7705606, 30.730276], [76.7706594, 30.7302742], [76.7706594, 30.7303254], [76.7705627, 30.7303289]]]}}, {"type": "Feature", "properties": {"osm_id": 1340125917, "building": "apartments"}, "geometry": {"type": "Polygon", "coordinates": [[[76.7705642, 30.7303792], [76.7705616, 30.7303323], [76.7706614, 30.7303309], [76.7706624, 30.7303774], [76.7705642, 30.7303792]]]}}, {"type": "Feature", "properties": {"osm_id": 1340125918, "building": "apartments"}, "geometry": {"type": "Polygon", "coordinates": [[[76.7705673, 30.7304351], [76.7705642, 30.7303834], [76.7706675, 30.7303786], [76.7706695, 30.7304315], [76.7705673, 30.7304351]]]}}, {"type": "Feature", "properties": {"osm_id": 1340125919, "building": "apartments"}, "geometry": {"type": "Polygon", "coordinates": [[[76.7705729, 30.7304919], [76.7705677, 30.7304385], [76.7706731, 30.7304349], [76.7706772, 30.7304857], [76.7705729, 30.7304919]]]}}, {"type": "Feature", "properties": {"osm_id": 1340125920, "building": "apartments"}, "geometry": {"type": "Polygon", "coordinates": [[[76.7705779, 30.7305469], [76.7705749, 30.7304953], [76.7706818, 30.7304913], [76.7706858, 30.7305416], [76.7705779, 30.7305469]]]}}, {"type": "Feature", "properties": {"osm_id": 1533044378, "building": "house"}, "geometry": {"type": "Polygon", "coordinates": [[[76.7754344, 30.7293158], [76.7755316, 30.7293803], [76.7756296, 30.729271], [76.7755324, 30.7292066], [76.7754344, 30.7293158]]]}}, {"type": "Feature", "properties": {"osm_id": 1533044379, "building": "house"}, "geometry": {"type": "Polygon", "coordinates": [[[76.7755419, 30.7293829], [76.775639, 30.7294473], [76.7757371, 30.7293381], [76.7756399, 30.7292737], [76.7755419, 30.7293829]]]}}, {"type": "Feature", "properties": {"osm_id": 1533044380, "building": "house"}, "geometry": {"type": "Polygon", "coordinates": [[[76.7756897, 30.7294756], [76.7757868, 30.7295401], [76.7758848, 30.7294308], [76.7757877, 30.7293664], [76.7756897, 30.7294756]]]}}, {"type": "Feature", "properties": {"osm_id": 1533044381, "building": "house"}, "geometry": {"type": "Polygon", "coordinates": [[[76.7757928, 30.7295434], [76.77589, 30.7296078], [76.775988, 30.7294986], [76.7758909, 30.7294342], [76.7757928, 30.7295434]]]}}, {"type": "Feature", "properties": {"osm_id": 1533044382, "building": "house"}, "geometry": {"type": "Polygon", "coordinates": [[[76.7759535, 30.7296331], [76.7760506, 30.7296975], [76.7761486, 30.7295883], [76.7760515, 30.7295239], [76.7759535, 30.7296331]]]}}, {"type": "Feature", "properties": {"osm_id": 1533044383, "building": "house"}, "geometry": {"type": "Polygon", "coordinates": [[[76.7760568, 30.7297006], [76.776154, 30.7297651], [76.776252, 30.7296558], [76.7761548, 30.7295914], [76.7760568, 30.7297006]]]}}, {"type": "Feature", "properties": {"osm_id": 1533044384, "building": "house"}, "geometry": {"type": "Polygon", "coordinates": [[[76.7762121, 30.7297968], [76.7763092, 30.7298612], [76.7764072, 30.7297519], [76.7763101, 30.7296875], [76.7762121, 30.7297968]]]}}, {"type": "Feature", "properties": {"osm_id": 1533044385, "building": "house"}, "geometry": {"type": "Polygon", "coordinates": [[[76.776316, 30.7298615], [76.7764132, 30.7299259], [76.7765112, 30.7298167], [76.7764141, 30.7297523], [76.776316, 30.7298615]]]}}, {"type": "Feature", "properties": {"osm_id": 1533044386, "building": "house"}, "geometry": {"type": "Polygon", "coordinates": [[[76.7764587, 30.7299531], [76.7765559, 30.7300176], [76.7766539, 30.7299083], [76.7765567, 30.7298439], [76.7764587, 30.7299531]]]}}, {"type": "Feature", "properties": {"osm_id": 1533044387, "building": "house"}, "geometry": {"type": "Polygon", "coordinates": [[[76.7765616, 30.7300205], [76.7766587, 30.7300849], [76.7767567, 30.7299757], [76.7766596, 30.7299113], [76.7765616, 30.7300205]]]}}, {"type": "Feature", "properties": {"osm_id": 1533044388, "building": "house"}, "geometry": {"type": "Polygon", "coordinates": [[[76.7767046, 30.730126], [76.7768018, 30.7301884], [76.7768996, 30.730076], [76.7768024, 30.7300136], [76.7767046, 30.730126]]]}}, {"type": "Feature", "properties": {"osm_id": 1533044389, "building": "house"}, "geometry": {"type": "Polygon", "coordinates": [[[76.7768142, 30.7301849], [76.7769114, 30.7302493], [76.7770094, 30.7301401], [76.7769123, 30.7300756], [76.7768142, 30.7301849]]]}}, {"type": "Feature", "properties": {"osm_id": 1533044390, "building": "house"}, "geometry": {"type": "Polygon", "coordinates": [[[76.7756184, 30.7286425], [76.7757234, 30.7287068], [76.775796, 30.7286192], [76.775691, 30.7285549], [76.7756184, 30.7286425]]]}}, {"type": "Feature", "properties": {"osm_id": 1533044391, "building": "house"}, "geometry": {"type": "Polygon", "coordinates": [[[76.7757012, 30.7285574], [76.7758063, 30.7286217], [76.7758789, 30.7285341], [76.7757739, 30.7284698], [76.7757012, 30.7285574]]]}}, {"type": "Feature", "properties": {"osm_id": 1533044392, "building": "house"}, "geometry": {"type": "Polygon", "coordinates": [[[76.7758213, 30.7284189], [76.7759264, 30.7284832], [76.775999, 30.7283956], [76.7758939, 30.7283313], [76.7758213, 30.7284189]]]}}, {"type": "Feature", "properties": {"osm_id": 1533044393, "building": "house"}, "geometry": {"type": "Polygon", "coordinates": [[[76.7760173, 30.7281855], [76.7761198, 30.7282485], [76.7761863, 30.7281686], [76.7760838, 30.7281056], [76.7760173, 30.7281855]]]}}, {"type": "Feature", "properties": {"osm_id": 1533044394, "building": "house"}, "geometry": {"type": "Polygon", "coordinates": [[[76.7759532, 30.728258], [76.7760545, 30.7283229], [76.7761171, 30.7282507], [76.7760158, 30.7281858], [76.7759532, 30.728258]]]}}, {"type": "Feature", "properties": {"osm_id": 1533044395, "building": "house"}, "geometry": {"type": "Polygon", "coordinates": [[[76.7758966, 30.7283304], [76.7759997, 30.7283938], [76.7760568, 30.7283253], [76.7759536, 30.7282619], [76.7758966, 30.7283304]]]}}, {"type": "Feature", "properties": {"osm_id": 1533044396, "building": "house"}, "geometry": {"type": "Polygon", "coordinates": [[[76.7760881, 30.7281071], [76.7761913, 30.7281706], [76.7762483, 30.7281021], [76.7761451, 30.7280386], [76.7760881, 30.7281071]]]}}, {"type": "Feature", "properties": {"osm_id": 1533044397, "building": "house"}, "geometry": {"type": "Polygon", "coordinates": [[[76.776146, 30.7280314], [76.7762492, 30.7280949], [76.7763062, 30.7280264], [76.776203, 30.7279629], [76.776146, 30.7280314]]]}}, {"type": "Feature", "properties": {"osm_id": 1533044398, "building": "house"}, "geometry": {"type": "Polygon", "coordinates": [[[76.7762057, 30.7279513], [76.7763089, 30.7280148], [76.7763659, 30.7279463], [76.7762627, 30.7278828], [76.7762057, 30.7279513]]]}}, {"type": "Feature", "properties": {"osm_id": 1533044399, "building": "house"}, "geometry": {"type": "Polygon", "coordinates": [[[76.7762729, 30.7278756], [76.7763761, 30.7279391], [76.7764331, 30.7278706], [76.7763299, 30.7278071], [76.7762729, 30.7278756]]]}}, {"type": "Feature", "properties": {"osm_id": 1533044400, "building": "house"}, "geometry": {"type": "Polygon", "coordinates": [[[76.7763341, 30.7278044], [76.7764372, 30.7278678], [76.7764943, 30.7277994], [76.7763911, 30.7277359], [76.7763341, 30.7278044]]]}}, {"type": "Feature", "properties": {"osm_id": 1533044401, "building": "house"}, "geometry": {"type": "Polygon", "coordinates": [[[76.7763971, 30.7277324], [76.7765003, 30.7277958], [76.7765573, 30.7277274], [76.7764541, 30.7276639], [76.7763971, 30.7277324]]]}}, {"type": "Feature", "properties": {"osm_id": 1533044402, "building": "house"}, "geometry": {"type": "Polygon", "coordinates": [[[76.7764674, 30.7276561], [76.7765706, 30.7277195], [76.7766276, 30.7276511], [76.7765244, 30.7275876], [76.7764674, 30.7276561]]]}}, {"type": "Feature", "properties": {"osm_id": 1533044403, "building": "house"}, "geometry": {"type": "Polygon", "coordinates": [[[76.7754177, 30.7285063], [76.7755203, 30.7285715], [76.7755853, 30.7284959], [76.7754828, 30.7284307], [76.7754177, 30.7285063]]]}}, {"type": "Feature", "properties": {"osm_id": 1533044404, "building": "house"}, "geometry": {"type": "Polygon", "coordinates": [[[76.7754844, 30.7284256], [76.7755869, 30.7284907], [76.775652, 30.7284151], [76.7755494, 30.7283499], [76.7754844, 30.7284256]]]}}, {"type": "Feature", "properties": {"osm_id": 1533044405, "building": "house"}, "geometry": {"type": "Polygon", "coordinates": [[[76.7755474, 30.7283445], [76.77565, 30.7284096], [76.775715, 30.728334], [76.7756125, 30.7282688], [76.7755474, 30.7283445]]]}}, {"type": "Feature", "properties": {"osm_id": 1533044406, "building": "house"}, "geometry": {"type": "Polygon", "coordinates": [[[76.7756142, 30.7282694], [76.7757178, 30.7283343], [76.7757765, 30.728265], [76.775673, 30.7282001], [76.7756142, 30.7282694]]]}}, {"type": "Feature", "properties": {"osm_id": 1533044407, "building": "house"}, "geometry": {"type": "Polygon", "coordinates": [[[76.7756759, 30.7282003], [76.7757785, 30.7282655], [76.7758435, 30.7281898], [76.775741, 30.7281246], [76.7756759, 30.7282003]]]}}, {"type": "Feature", "properties": {"osm_id": 1533044408, "building": "house"}, "geometry": {"type": "Polygon", "coordinates": [[[76.7757422, 30.7281253], [76.7758447, 30.7281905], [76.7759098, 30.7281148], [76.7758072, 30.7280496], [76.7757422, 30.7281253]]]}}, {"type": "Feature", "properties": {"osm_id": 1533044409, "building": "house"}, "geometry": {"type": "Polygon", "coordinates": [[[76.7758146, 30.7280473], [76.7759215, 30.728114], [76.7759778, 30.7280473], [76.775871, 30.7279806], [76.7758146, 30.7280473]]]}}, {"type": "Feature", "properties": {"osm_id": 1533044410, "building": "house"}, "geometry": {"type": "Polygon", "coordinates": [[[76.7758691, 30.7279743], [76.775976, 30.728041], [76.7760324, 30.7279743], [76.7759255, 30.7279076], [76.7758691, 30.7279743]]]}}, {"type": "Feature", "properties": {"osm_id": 1533044411, "building": "house"}, "geometry": {"type": "Polygon", "coordinates": [[[76.7759293, 30.7279002], [76.7760361, 30.7279669], [76.7760925, 30.7279002], [76.7759856, 30.7278335], [76.7759293, 30.7279002]]]}}, {"type": "Feature", "properties": {"osm_id": 1533044412, "building": "house"}, "geometry": {"type": "Polygon", "coordinates": [[[76.7759913, 30.7278207], [76.7760982, 30.7278874], [76.7761546, 30.7278207], [76.7760477, 30.727754], [76.7759913, 30.7278207]]]}}, {"type": "Feature", "properties": {"osm_id": 1533044413, "building": "house"}, "geometry": {"type": "Polygon", "coordinates": [[[76.7760585, 30.7277419], [76.7761654, 30.7278086], [76.7762218, 30.7277419], [76.7761149, 30.7276752], [76.7760585, 30.7277419]]]}}, {"type": "Feature", "properties": {"osm_id": 1533044414, "building": "house"}, "geometry": {"type": "Polygon", "coordinates": [[[76.7761207, 30.7276647], [76.7762275, 30.7277314], [76.7762839, 30.7276647], [76.7761771, 30.727598], [76.7761207, 30.7276647]]]}}, {"type": "Feature", "properties": {"osm_id": 1533044415, "building": "house"}, "geometry": {"type": "Polygon", "coordinates": [[[76.7761819, 30.7275896], [76.7762887, 30.7276563], [76.7763451, 30.7275896], [76.7762382, 30.7275228], [76.7761819, 30.7275896]]]}}, {"type": "Feature", "properties": {"osm_id": 1533044416, "building": "house"}, "geometry": {"type": "Polygon", "coordinates": [[[76.7762423, 30.7275165], [76.7763491, 30.7275832], [76.7764055, 30.7275165], [76.7762986, 30.7274498], [76.7762423, 30.7275165]]]}}, {"type": "Feature", "properties": {"osm_id": 1533044417, "building": "house"}, "geometry": {"type": "Polygon", "coordinates": [[[76.7753912, 30.7289227], [76.7754981, 30.7289894], [76.7755544, 30.7289227], [76.7754476, 30.728856], [76.7753912, 30.7289227]]]}}, {"type": "Feature", "properties": {"osm_id": 1533044418, "building": "house"}, "geometry": {"type": "Polygon", "coordinates": [[[76.775316, 30.7289955], [76.7754324, 30.7290666], [76.7754954, 30.7289904], [76.7753791, 30.7289194], [76.775316, 30.7289955]]]}}, {"type": "Feature", "properties": {"osm_id": 1533044419, "building": "house"}, "geometry": {"type": "Polygon", "coordinates": [[[76.7752684, 30.7290714], [76.7753752, 30.7291381], [76.7754316, 30.7290714], [76.7753247, 30.7290047], [76.7752684, 30.7290714]]]}}, {"type": "Feature", "properties": {"osm_id": 1533044420, "building": "house"}, "geometry": {"type": "Polygon", "coordinates": [[[76.7750209, 30.729368], [76.7751278, 30.7294348], [76.7751841, 30.729368], [76.7750773, 30.7293013], [76.7750209, 30.729368]]]}}, {"type": "Feature", "properties": {"osm_id": 1533044421, "building": "house"}, "geometry": {"type": "Polygon", "coordinates": [[[76.7748976, 30.7295113], [76.7750044, 30.7295781], [76.7750608, 30.7295113], [76.7749539, 30.7294446], [76.7748976, 30.7295113]]]}}, {"type": "Feature", "properties": {"osm_id": 1533044422, "building": "house"}, "geometry": {"type": "Polygon", "coordinates": [[[76.7746662, 30.7293958], [76.7747731, 30.7294625], [76.7748294, 30.7293958], [76.7747226, 30.729329], [76.7746662, 30.7293958]]]}}, {"type": "Feature", "properties": {"osm_id": 1533044423, "building": "house"}, "geometry": {"type": "Polygon", "coordinates": [[[76.7747388, 30.7293242], [76.774854, 30.7293954], [76.7749089, 30.7293298], [76.7747938, 30.7292586], [76.7747388, 30.7293242]]]}}, {"type": "Feature", "properties": {"osm_id": 1533044424, "building": "house"}, "geometry": {"type": "Polygon", "coordinates": [[[76.7748008, 30.729246], [76.774916, 30.7293172], [76.7749709, 30.7292516], [76.7748558, 30.7291804], [76.7748008, 30.729246]]]}}, {"type": "Feature", "properties": {"osm_id": 1533044425, "building": "house"}, "geometry": {"type": "Polygon", "coordinates": [[[76.7748599, 30.7291703], [76.774975, 30.7292415], [76.7750299, 30.7291759], [76.7749148, 30.7291047], [76.7748599, 30.7291703]]]}}, {"type": "Feature", "properties": {"osm_id": 1533044426, "building": "house"}, "geometry": {"type": "Polygon", "coordinates": [[[76.7749202, 30.7290956], [76.7750353, 30.7291668], [76.7750902, 30.7291012], [76.7749751, 30.72903], [76.7749202, 30.7290956]]]}}, {"type": "Feature", "properties": {"osm_id": 1533044427, "building": "house"}, "geometry": {"type": "Polygon", "coordinates": [[[76.774992, 30.7290181], [76.7751071, 30.7290894], [76.7751621, 30.7290237], [76.775047, 30.7289525], [76.774992, 30.7290181]]]}}, {"type": "Feature", "properties": {"osm_id": 1533044428, "building": "house"}, "geometry": {"type": "Polygon", "coordinates": [[[76.7750498, 30.7289457], [76.7751649, 30.729017], [76.7752199, 30.7289514], [76.7751048, 30.7288801], [76.7750498, 30.7289457]]]}}, {"type": "Feature", "properties": {"osm_id": 1533044429, "building": "house"}, "geometry": {"type": "Polygon", "coordinates": [[[76.7751084, 30.7288721], [76.7752235, 30.7289433], [76.7752785, 30.7288777], [76.7751634, 30.7288065], [76.7751084, 30.7288721]]]}}, {"type": "Feature", "properties": {"osm_id": 1533044430, "building": "house"}, "geometry": {"type": "Polygon", "coordinates": [[[76.7751724, 30.7287895], [76.7752875, 30.7288608], [76.7753425, 30.7287952], [76.7752273, 30.7287239], [76.7751724, 30.7287895]]]}}, {"type": "Feature", "properties": {"osm_id": 1533044431, "building": "house"}, "geometry": {"type": "Polygon", "coordinates": [[[76.7752349, 30.7287102], [76.7753501, 30.7287815], [76.775405, 30.7287159], [76.7752899, 30.7286446], [76.7752349, 30.7287102]]]}}, {"type": "Feature", "properties": {"osm_id": 1533044432, "building": "house"}, "geometry": {"type": "Polygon", "coordinates": [[[76.7754387, 30.7288386], [76.7755499, 30.72891], [76.7756162, 30.7288336], [76.7755051, 30.7287622], [76.7754387, 30.7288386]]]}}]}