{"type": "FeatureCollection", "features": [{"type": "Feature", "properties": {"osm_id": 129464030, "highway": "secondary", "name": "Himalaya Marg", "source": "OpenStreetMap"}, "geometry": {"type": "LineString", "coordinates": [[76.7739987, 30.7298891], [76.7740691, 30.7299352], [76.7746564, 30.7302951], [76.7785458, 30.7327311], [76.7789973, 30.7330134], [76.779109, 30.7330832]]}}, {"type": "Feature", "properties": {"osm_id": 129464032, "highway": "secondary", "name": "Himalaya Marg", "source": "OpenStreetMap"}, "geometry": {"type": "LineString", "coordinates": [[76.7791812, 30.7330113], [76.7746316, 30.7301648]]}}, {"type": "Feature", "properties": {"osm_id": 129473456, "highway": "secondary", "name": "Jan Marg", "source": "OpenStreetMap"}, "geometry": {"type": "LineString", "coordinates": [[76.7739751, 30.7393684], [76.7737002, 30.7394206], [76.7736013, 30.7394329], [76.7735043, 30.739445], [76.7733316, 30.7393962], [76.7731965, 30.7393113], [76.772848, 30.7390922], [76.7701212, 30.7373779], [76.7685596, 30.7364117], [76.7677452, 30.7359077]]}}, {"type": "Feature", "properties": {"osm_id": 129537804, "highway": "residential", "name": null, "source": "OpenStreetMap"}, "geometry": {"type": "LineString", "coordinates": [[76.7709523, 30.7384225], [76.7700433, 30.7394918]]}}, {"type": "Feature", "properties": {"osm_id": 129537864, "highway": "residential", "name": null, "source": "OpenStreetMap"}, "geometry": {"type": "LineString", "coordinates": [[76.7728174, 30.740162], [76.7721955, 30.7397715], [76.7711214, 30.7390969]]}}, {"type": "Feature", "properties": {"osm_id": 129537873, "highway": "residential", "name": null, "source": "OpenStreetMap"}, "geometry": {"type": "LineString", "coordinates": [[76.7725121, 30.7405377], [76.7718787, 30.7401399], [76.7708069, 30.7394669]]}}, {"type": "Feature", "properties": {"osm_id": 129537906, "highway": "residential", "name": null, "source": "OpenStreetMap"}, "geometry": {"type": "LineString", "coordinates": [[76.7715893, 30.7404626], [76.7718787, 30.7401399], [76.7721955, 30.7397715], [76.7725126, 30.7394024]]}}, {"type": "Feature", "properties": {"osm_id": 129537909, "highway": "residential", "name": null, "source": "OpenStreetMap"}, "geometry": {"type": "LineString", "coordinates": [[76.7689051, 30.7407741], [76.7692236, 30.7404085], [76.7695957, 30.7399756], [76.7700209, 30.7394777]]}}, {"type": "Feature", "properties": {"osm_id": 129537912, "highway": "residential", "name": null, "source": "OpenStreetMap"}, "geometry": {"type": "LineString", "coordinates": [[76.7722353, 30.7408684], [76.7725121, 30.7405377], [76.7728174, 30.740162], [76.7731229, 30.7397857]]}}, {"type": "Feature", "properties": {"osm_id": 129537913, "highway": "residential", "name": null, "source": "OpenStreetMap"}, "geometry": {"type": "LineString", "coordinates": [[76.7704941, 30.7381348], [76.7701836, 30.7385001], [76.7698674, 30.738872], [76.7695851, 30.7392041]]}}, {"type": "Feature", "properties": {"osm_id": 129537915, "highway": "residential", "name": null, "source": "OpenStreetMap"}, "geometry": {"type": "LineString", "coordinates": [[76.7701836, 30.7385001], [76.7692068, 30.7378867], [76.7688129, 30.7376393]]}}, {"type": "Feature", "properties": {"osm_id": 129537918, "highway": "residential", "name": null, "source": "OpenStreetMap"}, "geometry": {"type": "LineString", "coordinates": [[76.7714363, 30.7387265], [76.7711214, 30.7390969], [76.7708069, 30.7394669], [76.7705273, 30.7397958]]}}, {"type": "Feature", "properties": {"osm_id": 129537932, "highway": "residential", "name": null, "source": "OpenStreetMap"}, "geometry": {"type": "LineString", "coordinates": [[76.7724149, 30.7409741], [76.7722353, 30.7408684], [76.7715893, 30.7404626], [76.7710711, 30.7401372], [76.7705273, 30.7397958], [76.7700433, 30.7394918], [76.7700209, 30.7394777], [76.7695851, 30.7392041], [76.7695338, 30.7392374], [76.7694684, 30.7392681]]}}, {"type": "Feature", "properties": {"osm_id": 129537935, "highway": "residential", "name": null, "source": "OpenStreetMap"}, "geometry": {"type": "LineString", "coordinates": [[76.7731229, 30.7397857], [76.7725126, 30.7394024], [76.7714363, 30.7387265], [76.7709523, 30.7384225], [76.7704941, 30.7381348], [76.7691235, 30.737274], [76.7680501, 30.7365999], [76.7678995, 30.7365054], [76.7674722, 30.736237]]}}, {"type": "Feature", "properties": {"osm_id": 129544979, "highway": "secondary", "name": "Himalaya Marg", "source": "OpenStreetMap"}, "geometry": {"type": "LineString", "coordinates": [[76.7848574, 30.7365828], [76.7825799, 30.7351564], [76.7815061, 30.734499], [76.7802986, 30.7337598]]}}, {"type": "Feature", "properties": {"osm_id": 129544980, "highway": "secondary", "name": "Himalaya Marg", "source": "OpenStreetMap"}, "geometry": {"type": "LineString", "coordinates": [[76.7806748, 30.7340777], [76.7825232, 30.7352367], [76.7841425, 30.7362505], [76.7847094, 30.7366053], [76.7847892, 30.7366553]]}}, {"type": "Feature", "properties": {"osm_id": 129544982, "highway": "tertiary", "name": null, "source": "OpenStreetMap"}, "geometry": {"type": "LineString", "coordinates": [[76.7684984, 30.7364829], [76.7685596, 30.7364117], [76.7686202, 30.7363411], [76.7691747, 30.7356953], [76.7693051, 30.7355434], [76.7697164, 30.7351385], [76.7702184, 30.7347264]]}}, {"type": "Feature", "properties": {"osm_id": 129544983, "highway": "tertiary", "name": null, "source": "OpenStreetMap"}, "geometry": {"type": "LineString", "coordinates": [[76.7727414, 30.7320901], [76.7727519, 30.7320623], [76.7727526, 30.7320331], [76.7727465, 30.7320117], [76.772735, 30.731992], [76.7727087, 30.7319673], [76.7726742, 30.7319516], [76.7726357, 30.7319467], [76.7726075, 30.7319502], [76.7725813, 30.7319596], [76.7725548, 30.7319773], [76.7725354, 30.7320008], [76.7725247, 30.7320281], [76.7725237, 30.7320576], [76.7725328, 30.732086], [76.7725512, 30.7321109], [76.7725744, 30.7321284], [76.7726022, 30.73214], [76.7726326, 30.7321448], [76.7726634, 30.7321425], [76.7726951, 30.732132], [76.7727003, 30.7321285], [76.7727219, 30.732114], [76.7727414, 30.7320901]]}}, {"type": "Feature", "properties": {"osm_id": 129544987, "highway": "residential", "name": null, "source": "OpenStreetMap"}, "geometry": {"type": "LineString", "coordinates": [[76.7760514, 30.7365628], [76.7755104, 30.736238]]}}, {"type": "Feature", "properties": {"osm_id": 129544988, "highway": "residential", "name": null, "source": "OpenStreetMap"}, "geometry": {"type": "LineString", "coordinates": [[76.773696, 30.739146], [76.773281, 30.7389094]]}}, {"type": "Feature", "properties": {"osm_id": 129544989, "highway": "residential", "name": null, "source": "OpenStreetMap"}, "geometry": {"type": "LineString", "coordinates": [[76.7772266, 30.7342917], [76.7766838, 30.7339516]]}}, {"type": "Feature", "properties": {"osm_id": 129544993, "highway": "residential", "name": null, "source": "OpenStreetMap"}, "geometry": {"type": "LineString", "coordinates": [[76.7763833, 30.7372209], [76.7762465, 30.73713]]}}, {"type": "Feature", "properties": {"osm_id": 129544994, "highway": "residential", "name": null, "source": "OpenStreetMap"}, "geometry": {"type": "LineString", "coordinates": [[76.7708645, 30.7363957], [76.7713367, 30.7358367]]}}, {"type": "Feature", "properties": {"osm_id": 129544995, "highway": "service", "name": null, "source": "OpenStreetMap"}, "geometry": {"type": "LineString", "coordinates": [[76.7787919, 30.7344016], [76.7786475, 30.7343115]]}}, {"type": "Feature", "properties": {"osm_id": 129544997, "highway": "service", "name": null, "source": "OpenStreetMap"}, "geometry": {"type": "LineString", "coordinates": [[76.7693195, 30.7319017], [76.7698776, 30.7322274], [76.7705023, 30.7326891], [76.7707317, 30.7328331]]}}, {"type": "Feature", "properties": {"osm_id": 129544998, "highway": "residential", "name": null, "source": "OpenStreetMap"}, "geometry": {"type": "LineString", "coordinates": [[76.7723749, 30.7311581], [76.7714097, 30.730563]]}}, {"type": "Feature", "properties": {"osm_id": 129545001, "highway": "secondary_link", "name": null, "source": "OpenStreetMap"}, "geometry": {"type": "LineString", "coordinates": [[76.7770667, 30.736421], [76.77668, 30.7364828]]}}, {"type": "Feature", "properties": {"osm_id": 129545002, "highway": "service", "name": null, "source": "OpenStreetMap"}, "geometry": {"type": "LineString", "coordinates": [[76.7781484, 30.7327201], [76.7788675, 30.7331557]]}}, {"type": "Feature", "properties": {"osm_id": 129545003, "highway": "residential", "name": null, "source": "OpenStreetMap"}, "geometry": {"type": "LineString", "coordinates": [[76.7702548, 30.7301414], [76.7707191, 30.7301171]]}}, {"type": "Feature", "properties": {"osm_id": 129545004, "highway": "residential", "name": null, "source": "OpenStreetMap"}, "geometry": {"type": "LineString", "coordinates": [[76.7692985, 30.7322845], [76.7703955, 30.7330021]]}}, {"type": "Feature", "properties": {"osm_id": 129545005, "highway": "residential", "name": "Himalaya Marg", "source": "OpenStreetMap"}, "geometry": {"type": "LineString", "coordinates": [[76.7732963, 30.7295913], [76.7733693, 30.7294952]]}}, {"type": "Feature", "properties": {"osm_id": 129545006, "highway": "residential", "name": null, "source": "OpenStreetMap"}, "geometry": {"type": "LineString", "coordinates": [[76.7737785, 30.7364176], [76.7732502, 30.7360828]]}}, {"type": "Feature", "properties": {"osm_id": 129545007, "highway": "residential", "name": null, "source": "OpenStreetMap"}, "geometry": {"type": "LineString", "coordinates": [[76.7720331, 30.7368521], [76.7712324, 30.7363402]]}}, {"type": "Feature", "properties": {"osm_id": 129545008, "highway": "residential", "name": null, "source": "OpenStreetMap"}, "geometry": {"type": "LineString", "coordinates": [[76.7739662, 30.7374031], [76.774343, 30.7376415]]}}, {"type": "Feature", "properties": {"osm_id": 129545010, "highway": "residential", "name": null, "source": "OpenStreetMap"}, "geometry": {"type": "LineString", "coordinates": [[76.7707823, 30.7361144], [76.7702119, 30.7357662]]}}, {"type": "Feature", "properties": {"osm_id": 129545011, "highway": "residential", "name": null, "source": "OpenStreetMap"}, "geometry": {"type": "LineString", "coordinates": [[76.7707327, 30.7303378], [76.7712117, 30.730319]]}}, {"type": "Feature", "properties": {"osm_id": 129545013, "highway": "residential", "name": null, "source": "OpenStreetMap"}, "geometry": {"type": "LineString", "coordinates": [[76.7727107, 30.7383543], [76.7730542, 30.7379679]]}}, {"type": "Feature", "properties": {"osm_id": 129545014, "highway": "residential", "name": null, "source": "OpenStreetMap"}, "geometry": {"type": "LineString", "coordinates": [[76.7708102, 30.7293079], [76.7718993, 30.7299762]]}}, {"type": "Feature", "properties": {"osm_id": 129545016, "highway": "residential", "name": null, "source": "OpenStreetMap"}, "geometry": {"type": "LineString", "coordinates": [[76.7721466, 30.7304326], [76.7724767, 30.7300203]]}}, {"type": "Feature", "properties": {"osm_id": 129545017, "highway": "residential", "name": null, "source": "OpenStreetMap"}, "geometry": {"type": "LineString", "coordinates": [[76.7705981, 30.7363241], [76.7700332, 30.7359767]]}}, {"type": "Feature", "properties": {"osm_id": 129545018, "highway": "residential", "name": null, "source": "OpenStreetMap"}, "geometry": {"type": "LineString", "coordinates": [[76.7701666, 30.7369573], [76.7705082, 30.7365385]]}}, {"type": "Feature", "properties": {"osm_id": 129545019, "highway": "service", "name": null, "source": "OpenStreetMap"}, "geometry": {"type": "LineString", "coordinates": [[76.7727476, 30.7294657], [76.7698452, 30.7276484], [76.7688208, 30.727007]]}}, {"type": "Feature", "properties": {"osm_id": 129545021, "highway": "residential", "name": null, "source": "OpenStreetMap"}, "geometry": {"type": "LineString", "coordinates": [[76.7748316, 30.7367059], [76.773988, 30.7361803]]}}, {"type": "Feature", "properties": {"osm_id": 129545023, "highway": "residential", "name": null, "source": "OpenStreetMap"}, "geometry": {"type": "LineString", "coordinates": [[76.7744294, 30.7319273], [76.7736317, 30.7314223]]}}, {"type": "Feature", "properties": {"osm_id": 129545025, "highway": "tertiary_link", "name": null, "source": "OpenStreetMap"}, "geometry": {"type": "LineString", "coordinates": [[76.7766132, 30.7365515], [76.7766568, 30.7369008]]}}, {"type": "Feature", "properties": {"osm_id": 129545027, "highway": "residential", "name": null, "source": "OpenStreetMap"}, "geometry": {"type": "LineString", "coordinates": [[76.7709784, 30.7358909], [76.7704046, 30.7355394]]}}, {"type": "Feature", "properties": {"osm_id": 129545029, "highway": "residential", "name": null, "source": "OpenStreetMap"}, "geometry": {"type": "LineString", "coordinates": [[76.7743758, 30.7371658], [76.7735682, 30.736656]]}}, {"type": "Feature", "properties": {"osm_id": 129545030, "highway": "residential", "name": null, "source": "OpenStreetMap"}, "geometry": {"type": "LineString", "coordinates": [[76.7712292, 30.7309691], [76.7712117, 30.730319]]}}, {"type": "Feature", "properties": {"osm_id": 129545031, "highway": "residential", "name": null, "source": "OpenStreetMap"}, "geometry": {"type": "LineString", "coordinates": [[76.7700525, 30.7334248], [76.768954, 30.7326911]]}}, {"type": "Feature", "properties": {"osm_id": 129545032, "highway": "residential", "name": null, "source": "OpenStreetMap"}, "geometry": {"type": "LineString", "coordinates": [[76.7702835, 30.7292262], [76.7703244, 30.7299112]]}}, {"type": "Feature", "properties": {"osm_id": 129545033, "highway": "residential", "name": null, "source": "OpenStreetMap"}, "geometry": {"type": "LineString", "coordinates": [[76.7736317, 30.7314223], [76.7732835, 30.731819]]}}, {"type": "Feature", "properties": {"osm_id": 129545034, "highway": "residential", "name": null, "source": "OpenStreetMap"}, "geometry": {"type": "LineString", "coordinates": [[76.7759912, 30.7340268], [76.7763082, 30.7336473]]}}, {"type": "Feature", "properties": {"osm_id": 129545036, "highway": "residential", "name": null, "source": "OpenStreetMap"}, "geometry": {"type": "LineString", "coordinates": [[76.7752876, 30.7385033], [76.7751114, 30.7384007]]}}, {"type": "Feature", "properties": {"osm_id": 129545037, "highway": "tertiary", "name": null, "source": "OpenStreetMap"}, "geometry": {"type": "LineString", "coordinates": [[76.7688029, 30.7280132], [76.7681739, 30.7287449], [76.7680291, 30.7289133], [76.767869, 30.7290996], [76.7674713, 30.7295622], [76.7668478, 30.7303081], [76.7667165, 30.7304651], [76.7666559, 30.7305376], [76.7665554, 30.7306649], [76.7655552, 30.7319315], [76.7655031, 30.732134], [76.7655439, 30.7323073], [76.765639, 30.7324533], [76.7658631, 30.7325952], [76.766403, 30.7329371], [76.7671612, 30.7334173], [76.7672222, 30.7334559], [76.7673399, 30.733526], [76.7673889, 30.733526], [76.7675143, 30.733526], [76.7684463, 30.7332615], [76.7686422, 30.7332193], [76.7687267, 30.7332317], [76.7689151, 30.7333411], [76.7691337, 30.7335299], [76.7696778, 30.7338869], [76.7698491, 30.7339993], [76.7699378, 30.7340574], [76.7703772, 30.7344273], [76.7704547, 30.7344947], [76.7704998, 30.7345342]]}}, {"type": "Feature", "properties": {"osm_id": 129545038, "highway": "residential", "name": null, "source": "OpenStreetMap"}, "geometry": {"type": "LineString", "coordinates": [[76.7723513, 30.7299239], [76.7727476, 30.7294657], [76.7728438, 30.7293472]]}}, {"type": "Feature", "properties": {"osm_id": 129545040, "highway": "residential", "name": null, "source": "OpenStreetMap"}, "geometry": {"type": "LineString", "coordinates": [[76.7707703, 30.7309505], [76.7703066, 30.7309694], [76.7698299, 30.7309888]]}}, {"type": "Feature", "properties": {"osm_id": 129545041, "highway": "residential", "name": null, "source": "OpenStreetMap"}, "geometry": {"type": "LineString", "coordinates": [[76.7732623, 30.738702], [76.7727107, 30.7383543], [76.7718472, 30.7378183]]}}, {"type": "Feature", "properties": {"osm_id": 129545042, "highway": "residential", "name": null, "source": "OpenStreetMap"}, "geometry": {"type": "LineString", "coordinates": [[76.7760705, 30.7340764], [76.7757399, 30.7344635], [76.7754013, 30.73486]]}}, {"type": "Feature", "properties": {"osm_id": 129545043, "highway": "residential", "name": null, "source": "OpenStreetMap"}, "geometry": {"type": "LineString", "coordinates": [[76.7740988, 30.7323213], [76.7744294, 30.7319273], [76.7747586, 30.7315351]]}}, {"type": "Feature", "properties": {"osm_id": 129545044, "highway": "residential", "name": null, "source": "OpenStreetMap"}, "geometry": {"type": "LineString", "coordinates": [[76.7785881, 30.7336015], [76.7777683, 30.7345638], [76.77652, 30.736029], [76.77647, 30.7360877], [76.7763244, 30.7362586]]}}, {"type": "Feature", "properties": {"osm_id": 129545046, "highway": "residential", "name": null, "source": "OpenStreetMap"}, "geometry": {"type": "LineString", "coordinates": [[76.7733458, 30.7324489], [76.7732821, 30.7325201], [76.7730405, 30.7327902], [76.7727182, 30.7331659]]}}, {"type": "Feature", "properties": {"osm_id": 129545048, "highway": "residential", "name": null, "source": "OpenStreetMap"}, "geometry": {"type": "LineString", "coordinates": [[76.7710788, 30.7365214], [76.7708645, 30.7363957], [76.7706472, 30.7362682]]}}, {"type": "Feature", "properties": {"osm_id": 129545049, "highway": "residential", "name": null, "source": "OpenStreetMap"}, "geometry": {"type": "LineString", "coordinates": [[76.7717138, 30.7301884], [76.7718993, 30.7299762], [76.7721518, 30.7296584]]}}, {"type": "Feature", "properties": {"osm_id": 129545050, "highway": "residential", "name": null, "source": "OpenStreetMap"}, "geometry": {"type": "LineString", "coordinates": [[76.7715133, 30.7309556], [76.7712292, 30.7309691], [76.7707728, 30.7309907]]}}, {"type": "Feature", "properties": {"osm_id": 129545053, "highway": "residential", "name": null, "source": "OpenStreetMap"}, "geometry": {"type": "LineString", "coordinates": [[76.7703369, 30.7314531], [76.7703066, 30.7309694], [76.7702548, 30.7301414]]}}, {"type": "Feature", "properties": {"osm_id": 129545055, "highway": "residential", "name": null, "source": "OpenStreetMap"}, "geometry": {"type": "LineString", "coordinates": [[76.7730892, 30.7348546], [76.7724055, 30.7344364], [76.7719794, 30.7341757]]}}, {"type": "Feature", "properties": {"osm_id": 129545056, "highway": "residential", "name": null, "source": "OpenStreetMap"}, "geometry": {"type": "LineString", "coordinates": [[76.7728689, 30.7378438], [76.7731841, 30.7374726], [76.7734966, 30.7371045]]}}, {"type": "Feature", "properties": {"osm_id": 129545058, "highway": "residential", "name": null, "source": "OpenStreetMap"}, "geometry": {"type": "LineString", "coordinates": [[76.7757409, 30.7321377], [76.7747586, 30.7315351], [76.7737377, 30.7309045], [76.7733968, 30.7306995]]}}, {"type": "Feature", "properties": {"osm_id": 129545060, "highway": "residential", "name": null, "source": "OpenStreetMap"}, "geometry": {"type": "LineString", "coordinates": [[76.7733566, 30.7359467], [76.7732502, 30.7360828], [76.7727957, 30.736664], [76.772504, 30.7370371], [76.7721971, 30.7374297], [76.7718472, 30.7378183]]}}, {"type": "Feature", "properties": {"osm_id": 129545064, "highway": "residential", "name": null, "source": "OpenStreetMap"}, "geometry": {"type": "LineString", "coordinates": [[76.7740495, 30.7379919], [76.7731841, 30.7374726], [76.772504, 30.7370371]]}}, {"type": "Feature", "properties": {"osm_id": 129545068, "highway": "residential", "name": null, "source": "OpenStreetMap"}, "geometry": {"type": "LineString", "coordinates": [[76.7780686, 30.7332742], [76.7778359, 30.7335448], [76.7773171, 30.7341481]]}}, {"type": "Feature", "properties": {"osm_id": 129545075, "highway": "secondary", "name": "Junction 27", "source": "OpenStreetMap"}, "geometry": {"type": "LineString", "coordinates": [[76.7795732, 30.7331493], [76.7795299, 30.7331669], [76.7795028, 30.7331824], [76.7794879, 30.7331923], [76.7793918, 30.7332999], [76.7793803, 30.7333297], [76.7793687, 30.7333595], [76.7793615, 30.7334018], [76.7793844, 30.7335329]]}}, {"type": "Feature", "properties": {"osm_id": 129545076, "highway": "tertiary", "name": null, "source": "OpenStreetMap"}, "geometry": {"type": "LineString", "coordinates": [[76.7729563, 30.7322091], [76.7733458, 30.7324489], [76.7740415, 30.7329], [76.7742633, 30.7329548], [76.774546, 30.7329548], [76.7746172, 30.7329452], [76.7750968, 30.7328801], [76.7751732, 30.7328835], [76.775349, 30.7328913], [76.7754214, 30.7329031], [76.7755867, 30.7329299], [76.7758955, 30.7330184], [76.7761434, 30.7331193], [76.776571, 30.7333785], [76.7769489, 30.7336342], [76.7771869, 30.7337952], [76.7772917, 30.7339778], [76.7773171, 30.7341481], [76.7772683, 30.7342255], [76.7772266, 30.7342917], [76.7762519, 30.735397], [76.7760233, 30.7356563], [76.7759852, 30.7356995], [76.7757896, 30.7359214], [76.7757286, 30.7359905], [76.7755104, 30.736238], [76.7746778, 30.7371822], [76.7744917, 30.7373933], [76.7743626, 30.7374537], [76.7742222, 30.7374654], [76.7740908, 30.7374478], [76.7739662, 30.7374031], [76.7734966, 30.7371045], [76.773289, 30.7369725], [76.7727957, 30.736664], [76.7724527, 30.7364409], [76.7724335, 30.7364164], [76.7722715, 30.7362097], [76.7722479, 30.7361686], [76.7719516, 30.7356525], [76.771867, 30.7355915], [76.7717251, 30.7354894], [76.7710683, 30.7350709], [76.7705849, 30.734615], [76.7704998, 30.7345342]]}}, {"type": "Feature", "properties": {"osm_id": 129545077, "highway": "residential", "name": null, "source": "OpenStreetMap"}, "geometry": {"type": "LineString", "coordinates": [[76.7764049, 30.7342854], [76.7760705, 30.7340764], [76.7759912, 30.7340268], [76.7748787, 30.7333317]]}}, {"type": "Feature", "properties": {"osm_id": 129545078, "highway": "residential", "name": null, "source": "OpenStreetMap"}, "geometry": {"type": "LineString", "coordinates": [[76.7720283, 30.7348726], [76.7722086, 30.7346641], [76.7724055, 30.7344364], [76.7725909, 30.7342219]]}}, {"type": "Feature", "properties": {"osm_id": 129545079, "highway": "residential", "name": null, "source": "OpenStreetMap"}, "geometry": {"type": "LineString", "coordinates": [[76.7735495, 30.7304643], [76.7755654, 30.7316973], [76.7774963, 30.7329137], [76.7780686, 30.7332742], [76.7785881, 30.7336015]]}}, {"type": "Feature", "properties": {"osm_id": 129545081, "highway": "residential", "name": null, "source": "OpenStreetMap"}, "geometry": {"type": "LineString", "coordinates": [[76.7760792, 30.7346753], [76.7757399, 30.7344635], [76.7745513, 30.7337213], [76.7730405, 30.7327902]]}}, {"type": "Feature", "properties": {"osm_id": 129545083, "highway": "residential", "name": null, "source": "OpenStreetMap"}, "geometry": {"type": "LineString", "coordinates": [[76.776279, 30.7370937], [76.776116, 30.7369945], [76.7762538, 30.7368232], [76.7764814, 30.7368671]]}}, {"type": "Feature", "properties": {"osm_id": 129545087, "highway": "residential", "name": null, "source": "OpenStreetMap"}, "geometry": {"type": "LineString", "coordinates": [[76.773281, 30.7389094], [76.7737072, 30.7384005], [76.7740204, 30.7380266], [76.7740495, 30.7379919], [76.774343, 30.7376415], [76.7744372, 30.7375291], [76.7744917, 30.7373933]]}}, {"type": "Feature", "properties": {"osm_id": 129545089, "highway": "residential", "name": null, "source": "OpenStreetMap"}, "geometry": {"type": "LineString", "coordinates": [[76.7714088, 30.7377247], [76.7705228, 30.7371773], [76.7701666, 30.7369573], [76.7692798, 30.7364204], [76.7692047, 30.7363509]]}}, {"type": "Feature", "properties": {"osm_id": 129545091, "highway": "residential", "name": null, "source": "OpenStreetMap"}, "geometry": {"type": "LineString", "coordinates": [[76.7737072, 30.7384005], [76.7730542, 30.7379679], [76.7728689, 30.7378438], [76.7721971, 30.7374297]]}}, {"type": "Feature", "properties": {"osm_id": 129545092, "highway": "residential", "name": null, "source": "OpenStreetMap"}, "geometry": {"type": "LineString", "coordinates": [[76.773988, 30.7361803], [76.7737785, 30.7364176], [76.7735682, 30.736656], [76.773289, 30.7369725]]}}, {"type": "Feature", "properties": {"osm_id": 129545093, "highway": "residential", "name": null, "source": "OpenStreetMap"}, "geometry": {"type": "LineString", "coordinates": [[76.7721694, 30.7349597], [76.7720283, 30.7348726], [76.7714669, 30.7345261]]}}, {"type": "Feature", "properties": {"osm_id": 129545094, "highway": "residential", "name": null, "source": "OpenStreetMap"}, "geometry": {"type": "LineString", "coordinates": [[76.7721694, 30.7349597], [76.7717251, 30.7354894]]}}, {"type": "Feature", "properties": {"osm_id": 129545096, "highway": "residential", "name": null, "source": "OpenStreetMap"}, "geometry": {"type": "LineString", "coordinates": [[76.7703244, 30.7299112], [76.7697698, 30.7299225], [76.7692083, 30.729934], [76.7686463, 30.7299451]]}}, {"type": "Feature", "properties": {"osm_id": 129545098, "highway": "residential", "name": null, "source": "OpenStreetMap"}, "geometry": {"type": "LineString", "coordinates": [[76.7713225, 30.7302858], [76.7717138, 30.7301884]]}}, {"type": "Feature", "properties": {"osm_id": 129545099, "highway": "residential", "name": null, "source": "OpenStreetMap"}, "geometry": {"type": "LineString", "coordinates": [[76.7754214, 30.7329031], [76.7754074, 30.7329991], [76.7753946, 30.7330866], [76.7763082, 30.7336473], [76.7767245, 30.7339028]]}}, {"type": "Feature", "properties": {"osm_id": 129545101, "highway": "residential", "name": null, "source": "OpenStreetMap"}, "geometry": {"type": "LineString", "coordinates": [[76.7694035, 30.7270458], [76.7695475, 30.727305], [76.7699209, 30.7275363], [76.7728438, 30.7293472]]}}, {"type": "Feature", "properties": {"osm_id": 129545102, "highway": "residential", "name": null, "source": "OpenStreetMap"}, "geometry": {"type": "LineString", "coordinates": [[76.7686107, 30.7292551], [76.7691942, 30.729245], [76.769731, 30.7292357], [76.7702835, 30.7292262], [76.770543, 30.7292217], [76.7706182, 30.7292204], [76.7706731, 30.7292195]]}}, {"type": "Feature", "properties": {"osm_id": 129545103, "highway": "service", "name": null, "source": "OpenStreetMap"}, "geometry": {"type": "LineString", "coordinates": [[76.7738138, 30.7302229], [76.7738411, 30.7302383], [76.7740688, 30.7303766], [76.7744312, 30.7303742], [76.7781484, 30.7327201]]}}, {"type": "Feature", "properties": {"osm_id": 129545104, "highway": "service", "name": null, "source": "OpenStreetMap"}, "geometry": {"type": "LineString", "coordinates": [[76.7737213, 30.7355692], [76.773551, 30.7355833], [76.773283, 30.7355208], [76.7732212, 30.7355345], [76.7731722, 30.7355552], [76.7731377, 30.735585], [76.7730735, 30.7356522], [76.7728249, 30.7359468], [76.7728066, 30.7359709]]}}, {"type": "Feature", "properties": {"osm_id": 129545105, "highway": "residential", "name": null, "source": "OpenStreetMap"}, "geometry": {"type": "LineString", "coordinates": [[76.7703819, 30.7352382], [76.7705574, 30.7353595], [76.7711347, 30.735713], [76.7713367, 30.7358367], [76.771549, 30.7359667]]}}, {"type": "Feature", "properties": {"osm_id": 129545106, "highway": "residential", "name": null, "source": "OpenStreetMap"}, "geometry": {"type": "LineString", "coordinates": [[76.7727182, 30.7331659], [76.7742208, 30.7341146], [76.7754013, 30.73486], [76.7757442, 30.7350765], [76.7762519, 30.735397]]}}, {"type": "Feature", "properties": {"osm_id": 129545107, "highway": "tertiary", "name": null, "source": "OpenStreetMap"}, "geometry": {"type": "LineString", "coordinates": [[76.7757286, 30.7359905], [76.7762617, 30.7363286], [76.7766132, 30.7365515], [76.776835, 30.7366922]]}}, {"type": "Feature", "properties": {"osm_id": 129545108, "highway": "residential", "name": null, "source": "OpenStreetMap"}, "geometry": {"type": "LineString", "coordinates": [[76.7746172, 30.7329452], [76.7744641, 30.7325733], [76.7743537, 30.7324784], [76.7740988, 30.7323213], [76.7732835, 30.731819]]}}, {"type": "Feature", "properties": {"osm_id": 129545111, "highway": "residential", "name": null, "source": "OpenStreetMap"}, "geometry": {"type": "LineString", "coordinates": [[76.7751732, 30.7328835], [76.7751567, 30.7330009], [76.7748787, 30.7333317], [76.7745513, 30.7337213], [76.7742208, 30.7341146]]}}, {"type": "Feature", "properties": {"osm_id": 129545112, "highway": "secondary_link", "name": null, "source": "OpenStreetMap"}, "geometry": {"type": "LineString", "coordinates": [[76.7792541, 30.7339761], [76.7794672, 30.7338829], [76.7796665, 30.7338222], [76.7799474, 30.7337941], [76.7802572, 30.7338159]]}}, {"type": "Feature", "properties": {"osm_id": 129545114, "highway": "residential", "name": null, "source": "OpenStreetMap"}, "geometry": {"type": "LineString", "coordinates": [[76.7778359, 30.7335448], [76.7772866, 30.7332065], [76.7762703, 30.7325806], [76.7761259, 30.7327461], [76.7756984, 30.7324809], [76.775349, 30.7328913]]}}, {"type": "Feature", "properties": {"osm_id": 129545115, "highway": "residential", "name": null, "source": "OpenStreetMap"}, "geometry": {"type": "LineString", "coordinates": [[76.7731147, 30.7302327], [76.7730128, 30.7303588], [76.7726985, 30.730764], [76.7723749, 30.7311581], [76.7719928, 30.7316097]]}}, {"type": "Feature", "properties": {"osm_id": 129545116, "highway": "residential", "name": null, "source": "OpenStreetMap"}, "geometry": {"type": "LineString", "coordinates": [[76.7698839, 30.7361383], [76.7700332, 30.7359767], [76.7702119, 30.7357662], [76.7704046, 30.7355394], [76.7705574, 30.7353595]]}}, {"type": "Feature", "properties": {"osm_id": 129545117, "highway": "residential", "name": null, "source": "OpenStreetMap"}, "geometry": {"type": "LineString", "coordinates": [[76.7708173, 30.7314427], [76.7707728, 30.7309907], [76.7707703, 30.7309505], [76.7707327, 30.7303378], [76.7707191, 30.7301171]]}}, {"type": "Feature", "properties": {"osm_id": 129545118, "highway": "secondary_link", "name": null, "source": "OpenStreetMap"}, "geometry": {"type": "LineString", "coordinates": [[76.7802986, 30.7337598], [76.7801809, 30.7335087], [76.7801628, 30.7332887], [76.7801696, 30.7330882], [76.780236, 30.7328761]]}}, {"type": "Feature", "properties": {"osm_id": 129545119, "highway": "service", "name": null, "source": "OpenStreetMap"}, "geometry": {"type": "LineString", "coordinates": [[76.77647, 30.7360877], [76.7768809, 30.7363488], [76.7770298, 30.7361771], [76.7771879, 30.7359948], [76.7786475, 30.7343115], [76.7790184, 30.7338837]]}}, {"type": "Feature", "properties": {"osm_id": 129545120, "highway": "residential", "name": null, "source": "OpenStreetMap"}, "geometry": {"type": "LineString", "coordinates": [[76.7704438, 30.7364895], [76.7705981, 30.7363241], [76.7706472, 30.7362682], [76.7707823, 30.7361144], [76.7709784, 30.7358909], [76.7711347, 30.735713]]}}, {"type": "Feature", "properties": {"osm_id": 129545122, "highway": "residential", "name": null, "source": "OpenStreetMap"}, "geometry": {"type": "LineString", "coordinates": [[76.7757442, 30.7350765], [76.7760792, 30.7346753], [76.7764049, 30.7342854], [76.7766838, 30.7339516], [76.7767245, 30.7339028], [76.7768564, 30.733745], [76.7769489, 30.7336342]]}}, {"type": "Feature", "properties": {"osm_id": 129545124, "highway": "secondary_link", "name": null, "source": "OpenStreetMap"}, "geometry": {"type": "LineString", "coordinates": [[76.779109, 30.7330832], [76.7791936, 30.7332475], [76.7792407, 30.7334422], [76.779257, 30.7336135], [76.7792371, 30.7337723], [76.7791867, 30.7339408]]}}, {"type": "Feature", "properties": {"osm_id": 129545125, "highway": "residential", "name": null, "source": "OpenStreetMap"}, "geometry": {"type": "LineString", "coordinates": [[76.7705228, 30.7371773], [76.7708628, 30.7367564], [76.7710788, 30.7365214], [76.7712324, 30.7363402], [76.771549, 30.7359667], [76.771867, 30.7355915]]}}, {"type": "Feature", "properties": {"osm_id": 129545126, "highway": "residential", "name": null, "source": "OpenStreetMap"}, "geometry": {"type": "LineString", "coordinates": [[76.7763244, 30.7362586], [76.7762617, 30.7363286], [76.7760852, 30.7365251], [76.7760514, 30.7365628], [76.7752152, 30.7374942], [76.7749326, 30.7378089], [76.7745017, 30.7383154], [76.773696, 30.739146]]}}, {"type": "Feature", "properties": {"osm_id": 129545127, "highway": "residential", "name": null, "source": "OpenStreetMap"}, "geometry": {"type": "LineString", "coordinates": [[76.769557, 30.7359331], [76.7696326, 30.7359801], [76.7698839, 30.7361383], [76.7704438, 30.7364895], [76.7705082, 30.7365385], [76.7708628, 30.7367564], [76.7717062, 30.7372638]]}}, {"type": "Feature", "properties": {"osm_id": 129545128, "highway": "secondary_link", "name": null, "source": "OpenStreetMap"}, "geometry": {"type": "LineString", "coordinates": [[76.7801595, 30.7328338], [76.7799238, 30.7329609], [76.7798977, 30.7329716], [76.779768, 30.7330248], [76.7795832, 30.7330606], [76.7794335, 30.7330503], [76.7793929, 30.7330481], [76.7791812, 30.7330113]]}}, {"type": "Feature", "properties": {"osm_id": 129545130, "highway": "residential", "name": null, "source": "OpenStreetMap"}, "geometry": {"type": "LineString", "coordinates": [[76.7717668, 30.7336003], [76.7707317, 30.7328331], [76.770622, 30.7328179], [76.7704486, 30.7329366], [76.7703955, 30.7330021], [76.7700525, 30.7334248], [76.7696778, 30.7338869]]}}, {"type": "Feature", "properties": {"osm_id": 129545131, "highway": "residential", "name": null, "source": "OpenStreetMap"}, "geometry": {"type": "LineString", "coordinates": [[76.7730128, 30.7303588], [76.7724767, 30.7300203], [76.7723513, 30.7299239], [76.7721518, 30.7296584], [76.7720417, 30.729471], [76.7708979, 30.7287555], [76.7702534, 30.7283451], [76.7685821, 30.7272807]]}}, {"type": "Feature", "properties": {"osm_id": 129545132, "highway": "residential", "name": null, "source": "OpenStreetMap"}, "geometry": {"type": "LineString", "coordinates": [[76.7760852, 30.7365251], [76.776527, 30.7368161], [76.7764814, 30.7368671], [76.776279, 30.7370937], [76.7762465, 30.73713], [76.7751114, 30.7384007], [76.7744207, 30.739174]]}}, {"type": "Feature", "properties": {"osm_id": 129545134, "highway": "tertiary", "name": null, "source": "OpenStreetMap"}, "geometry": {"type": "LineString", "coordinates": [[76.772899, 30.7316372], [76.7733968, 30.7306995], [76.773452, 30.7306072], [76.7735495, 30.7304643]]}}, {"type": "Feature", "properties": {"osm_id": 129545135, "highway": "secondary", "name": "Udyog Path", "source": "OpenStreetMap"}, "geometry": {"type": "LineString", "coordinates": [[76.7791867, 30.7339408], [76.7790337, 30.7341185], [76.7787919, 30.7344016], [76.77734, 30.7361011], [76.7771903, 30.7362763], [76.7770667, 30.736421], [76.776897, 30.7366196]]}}, {"type": "Feature", "properties": {"osm_id": 129545136, "highway": "secondary", "name": "Udyog Path", "source": "OpenStreetMap"}, "geometry": {"type": "LineString", "coordinates": [[76.780236, 30.7328761], [76.7815022, 30.7314562], [76.7821163, 30.7307675], [76.7823174, 30.7305387], [76.7844027, 30.7281799], [76.7844547, 30.7281211], [76.7846269, 30.7279906], [76.7847428, 30.7279518]]}}, {"type": "Feature", "properties": {"osm_id": 129545137, "highway": "secondary", "name": "Udyog Path", "source": "OpenStreetMap"}, "geometry": {"type": "LineString", "coordinates": [[76.7845296, 30.7278147], [76.7844651, 30.7279708], [76.7844568, 30.7279823], [76.7843835, 30.7280837], [76.7843241, 30.7281505], [76.7822419, 30.7304916]]}}, {"type": "Feature", "properties": {"osm_id": 129545138, "highway": "secondary", "name": "Udyog Path", "source": "OpenStreetMap"}, "geometry": {"type": "LineString", "coordinates": [[76.7749066, 30.7390781], [76.774951, 30.739018], [76.7769006, 30.7367337], [76.7769627, 30.736661], [76.7772563, 30.736317], [76.7792024, 30.7340367]]}}, {"type": "Feature", "properties": {"osm_id": 129553421, "highway": "tertiary", "name": null, "source": "OpenStreetMap"}, "geometry": {"type": "LineString", "coordinates": [[76.7791777, 30.7243883], [76.7791652, 30.7244033], [76.778836, 30.7247987], [76.7784072, 30.7253136], [76.7782759, 30.7254948], [76.7781264, 30.7256057], [76.7780213, 30.7256514], [76.7779203, 30.7256953], [76.7777475, 30.7257378], [76.7775466, 30.725816], [76.777336, 30.7259581], [76.7771616, 30.7261528], [76.7769225, 30.7264351], [76.7769081, 30.7264521], [76.7753577, 30.7282827], [76.775197, 30.7284758], [76.7743793, 30.7294388], [76.774065, 30.729809]]}}, {"type": "Feature", "properties": {"osm_id": 129553423, "highway": "residential", "name": null, "source": "OpenStreetMap"}, "geometry": {"type": "LineString", "coordinates": [[76.7777012, 30.7311433], [76.7775151, 30.7313618]]}}, {"type": "Feature", "properties": {"osm_id": 129553425, "highway": "residential", "name": null, "source": "OpenStreetMap"}, "geometry": {"type": "LineString", "coordinates": [[76.7797382, 30.7297953], [76.7787368, 30.7291756], [76.7785167, 30.7290348]]}}, {"type": "Feature", "properties": {"osm_id": 129553427, "highway": "residential", "name": null, "source": "OpenStreetMap"}, "geometry": {"type": "LineString", "coordinates": [[76.7781128, 30.7295142], [76.7783307, 30.7296499], [76.7795486, 30.730408], [76.7798526, 30.7305972]]}}, {"type": "Feature", "properties": {"osm_id": 129553429, "highway": "residential", "name": null, "source": "OpenStreetMap"}, "geometry": {"type": "LineString", "coordinates": [[76.7768553, 30.730951], [76.7770414, 30.7307325]]}}, {"type": "Feature", "properties": {"osm_id": 129553430, "highway": "residential", "name": null, "source": "OpenStreetMap"}, "geometry": {"type": "LineString", "coordinates": [[76.7809103, 30.7308725], [76.7804701, 30.7305984], [76.7800644, 30.7303458]]}}, {"type": "Feature", "properties": {"osm_id": 129553433, "highway": "residential", "name": null, "source": "OpenStreetMap"}, "geometry": {"type": "LineString", "coordinates": [[76.7772483, 30.7290084], [76.7766109, 30.7286115]]}}, {"type": "Feature", "properties": {"osm_id": 129553435, "highway": "residential", "name": null, "source": "OpenStreetMap"}, "geometry": {"type": "LineString", "coordinates": [[76.7792485, 30.7313141], [76.7800945, 30.7318408]]}}, {"type": "Feature", "properties": {"osm_id": 129553436, "highway": "residential", "name": null, "source": "OpenStreetMap"}, "geometry": {"type": "LineString", "coordinates": [[76.7769517, 30.7303482], [76.7753261, 30.7293362]]}}, {"type": "Feature", "properties": {"osm_id": 129553437, "highway": "residential", "name": "Sector 21 A", "source": "OpenStreetMap"}, "geometry": {"type": "LineString", "coordinates": [[76.7769734, 30.728188], [76.7766109, 30.7286115], [76.7762042, 30.7291028]]}}, {"type": "Feature", "properties": {"osm_id": 129553440, "highway": "residential", "name": null, "source": "OpenStreetMap"}, "geometry": {"type": "LineString", "coordinates": [[76.7812115, 30.7283771], [76.781547, 30.7279819], [76.7819441, 30.7275156]]}}, {"type": "Feature", "properties": {"osm_id": 129553441, "highway": "residential", "name": null, "source": "OpenStreetMap"}, "geometry": {"type": "LineString", "coordinates": [[76.7807828, 30.7294927], [76.7815426, 30.7285833], [76.7822753, 30.7277218]]}}, {"type": "Feature", "properties": {"osm_id": 129553445, "highway": "residential", "name": null, "source": "OpenStreetMap"}, "geometry": {"type": "LineString", "coordinates": [[76.7795825, 30.7299734], [76.7797382, 30.7297953], [76.7800155, 30.7294662], [76.7800704, 30.7293955], [76.7801481, 30.7294116], [76.7806156, 30.7296912]]}}, {"type": "Feature", "properties": {"osm_id": 129553450, "highway": "residential", "name": null, "source": "OpenStreetMap"}, "geometry": {"type": "LineString", "coordinates": [[76.7765251, 30.7279089], [76.7769734, 30.728188], [76.7776079, 30.728583]]}}, {"type": "Feature", "properties": {"osm_id": 129553451, "highway": "residential", "name": null, "source": "OpenStreetMap"}, "geometry": {"type": "LineString", "coordinates": [[76.7765859, 30.7307833], [76.7769517, 30.7303482], [76.7773815, 30.7298357]]}}, {"type": "Feature", "properties": {"osm_id": 129553452, "highway": "residential", "name": null, "source": "OpenStreetMap"}, "geometry": {"type": "LineString", "coordinates": [[76.7794252, 30.731108], [76.7792485, 30.7313141], [76.7788157, 30.7318371]]}}, {"type": "Feature", "properties": {"osm_id": 129553457, "highway": "residential", "name": null, "source": "OpenStreetMap"}, "geometry": {"type": "LineString", "coordinates": [[76.7739543, 30.7289915], [76.7748296, 30.7279516], [76.7756843, 30.7269431]]}}, {"type": "Feature", "properties": {"osm_id": 129553459, "highway": "residential", "name": null, "source": "OpenStreetMap"}, "geometry": {"type": "LineString", "coordinates": [[76.7831872, 30.7282895], [76.7826645, 30.7279641], [76.7823834, 30.7277873], [76.7822753, 30.7277218]]}}, {"type": "Feature", "properties": {"osm_id": 129553460, "highway": "tertiary_link", "name": null, "source": "OpenStreetMap"}, "geometry": {"type": "LineString", "coordinates": [[76.7741406, 30.7298548], [76.7743297, 30.7296308], [76.7752677, 30.7285198], [76.7754268, 30.728325], [76.7772824, 30.7262171], [76.7774547, 30.7260044], [76.7778194, 30.7257839], [76.7780824, 30.725736], [76.778318, 30.7255291], [76.7784737, 30.7253551], [76.7789104, 30.7248352], [76.7792373, 30.7244461], [76.7792543, 30.7244259]]}}, {"type": "Feature", "properties": {"osm_id": 129553466, "highway": "residential", "name": null, "source": "OpenStreetMap"}, "geometry": {"type": "LineString", "coordinates": [[76.7838854, 30.7274608], [76.7836786, 30.7277062], [76.7831872, 30.7282895], [76.7820458, 30.7296417]]}}, {"type": "Feature", "properties": {"osm_id": 129553467, "highway": "tertiary", "name": "Himalaya Marg", "source": "OpenStreetMap"}, "geometry": {"type": "LineString", "coordinates": [[76.7735495, 30.7304643], [76.7736469, 30.7303883], [76.7737729, 30.7302495], [76.7738009, 30.730221], [76.7739645, 30.7300466], [76.7740691, 30.7299352], [76.7741406, 30.7298548]]}}, {"type": "Feature", "properties": {"osm_id": 129553474, "highway": "residential", "name": null, "source": "OpenStreetMap"}, "geometry": {"type": "LineString", "coordinates": [[76.7708547, 30.7262721], [76.7723396, 30.7271882], [76.7727785, 30.727459], [76.7739608, 30.7281883]]}}, {"type": "Feature", "properties": {"osm_id": 129553478, "highway": "residential", "name": null, "source": "OpenStreetMap"}, "geometry": {"type": "LineString", "coordinates": [[76.7770414, 30.7307325], [76.7777012, 30.7311433], [76.7788157, 30.7318371], [76.7796617, 30.7323637]]}}, {"type": "Feature", "properties": {"osm_id": 129553480, "highway": "residential", "name": null, "source": "OpenStreetMap"}, "geometry": {"type": "LineString", "coordinates": [[76.7794252, 30.731108], [76.7798526, 30.7305972], [76.7800644, 30.7303458], [76.7806156, 30.7296912], [76.7807828, 30.7294927]]}}, {"type": "Feature", "properties": {"osm_id": 129553482, "highway": "tertiary", "name": null, "source": "OpenStreetMap"}, "geometry": {"type": "LineString", "coordinates": [[76.7739987, 30.7298891], [76.7738981, 30.7300089], [76.7738509, 30.730065], [76.7736013, 30.7303648], [76.7735495, 30.7304643]]}}, {"type": "Feature", "properties": {"osm_id": 129553483, "highway": "residential", "name": null, "source": "OpenStreetMap"}, "geometry": {"type": "LineString", "coordinates": [[76.7815426, 30.7285833], [76.7812115, 30.7283771], [76.7801208, 30.7276981], [76.7783228, 30.7265787]]}}, {"type": "Feature", "properties": {"osm_id": 129553484, "highway": "residential", "name": null, "source": "OpenStreetMap"}, "geometry": {"type": "LineString", "coordinates": [[76.7786557, 30.7288706], [76.7785167, 30.7290348], [76.7781128, 30.7295142], [76.7776854, 30.7300249]]}}, {"type": "Feature", "properties": {"osm_id": 129553485, "highway": "residential", "name": null, "source": "OpenStreetMap"}, "geometry": {"type": "LineString", "coordinates": [[76.7794488, 30.7326071], [76.7796617, 30.7323637], [76.7800945, 30.7318408], [76.7809103, 30.7308725], [76.7816092, 30.73001]]}}, {"type": "Feature", "properties": {"osm_id": 129553486, "highway": "residential", "name": null, "source": "OpenStreetMap"}, "geometry": {"type": "LineString", "coordinates": [[76.7752324, 30.7266583], [76.774859, 30.727109], [76.7743896, 30.7276757], [76.7739608, 30.7281883], [76.773517, 30.7287188]]}}, {"type": "Feature", "properties": {"osm_id": 129553491, "highway": "residential", "name": null, "source": "OpenStreetMap"}, "geometry": {"type": "LineString", "coordinates": [[76.774703, 30.7296111], [76.7749603, 30.7297713], [76.7765859, 30.7307833], [76.7768553, 30.730951], [76.7775151, 30.7313618]]}}, {"type": "Feature", "properties": {"osm_id": 129553492, "highway": "residential", "name": null, "source": "OpenStreetMap"}, "geometry": {"type": "LineString", "coordinates": [[76.7766416, 30.7277689], [76.7765251, 30.7279089], [76.7757559, 30.7288237], [76.7753261, 30.7293362], [76.7749603, 30.7297713]]}}, {"type": "Feature", "properties": {"osm_id": 129553494, "highway": "residential", "name": null, "source": "OpenStreetMap"}, "geometry": {"type": "LineString", "coordinates": [[76.7694435, 30.7261859], [76.7697656, 30.7263844], [76.7704247, 30.7267908], [76.7723359, 30.7279824], [76.773517, 30.7287188], [76.7739543, 30.7289915]]}}, {"type": "Feature", "properties": {"osm_id": 129553497, "highway": "residential", "name": null, "source": "OpenStreetMap"}, "geometry": {"type": "LineString", "coordinates": [[76.7712771, 30.7257625], [76.7727578, 30.7266714], [76.7740331, 30.7274563], [76.7743896, 30.7276757], [76.7745665, 30.7277867], [76.7748296, 30.7279516], [76.7753577, 30.7282827], [76.7754268, 30.728325]]}}, {"type": "Feature", "properties": {"osm_id": 129553498, "highway": "residential", "name": null, "source": "OpenStreetMap"}, "geometry": {"type": "LineString", "coordinates": [[76.7807828, 30.7294927], [76.7811994, 30.7297535], [76.7816092, 30.73001], [76.781691, 30.730062], [76.7817754, 30.7301237], [76.7819759, 30.7303013], [76.7822419, 30.7304916]]}}, {"type": "Feature", "properties": {"osm_id": 129553501, "highway": "residential", "name": null, "source": "OpenStreetMap"}, "geometry": {"type": "LineString", "coordinates": [[76.775197, 30.7284758], [76.7752677, 30.7285198], [76.7755311, 30.7286837], [76.7757559, 30.7288237], [76.7762042, 30.7291028], [76.7773815, 30.7298357], [76.7776854, 30.7300249], [76.7779145, 30.7301675], [76.7794252, 30.731108]]}}, {"type": "Feature", "properties": {"osm_id": 129584362, "highway": "tertiary_link", "name": null, "source": "OpenStreetMap"}, "geometry": {"type": "LineString", "coordinates": [[76.7890828, 30.7260149], [76.7890042, 30.7261093], [76.7887809, 30.7263769], [76.7887515, 30.7264119], [76.7882206, 30.7270672], [76.788206, 30.7271524], [76.7882103, 30.7272759], [76.7882273, 30.7273079], [76.7882711, 30.727368], [76.7886857, 30.7276249], [76.7896052, 30.7282039], [76.7901719, 30.7285544], [76.7905099, 30.7287219], [76.7905674, 30.7287338], [76.7909574, 30.7287741], [76.7912312, 30.7288613], [76.7914441, 30.728979], [76.7918248, 30.7292436]]}}, {"type": "Feature", "properties": {"osm_id": 129584370, "highway": "living_street", "name": null, "source": "OpenStreetMap"}, "geometry": {"type": "LineString", "coordinates": [[76.79013, 30.7301463], [76.7897245, 30.7299039]]}}, {"type": "Feature", "properties": {"osm_id": 129584397, "highway": "living_street", "name": null, "source": "OpenStreetMap"}, "geometry": {"type": "LineString", "coordinates": [[76.7898745, 30.729728], [76.7897245, 30.7299039], [76.7895902, 30.7300615]]}}, {"type": "Feature", "properties": {"osm_id": 129584399, "highway": "living_street", "name": null, "source": "OpenStreetMap"}, "geometry": {"type": "LineString", "coordinates": [[76.7890261, 30.7294848], [76.7889013, 30.7296313], [76.7887636, 30.7297931]]}}, {"type": "Feature", "properties": {"osm_id": 129584405, "highway": "living_street", "name": null, "source": "OpenStreetMap"}, "geometry": {"type": "LineString", "coordinates": [[76.7892405, 30.7296227], [76.7890261, 30.7294848], [76.7888515, 30.7293691]]}}, {"type": "Feature", "properties": {"osm_id": 129584407, "highway": "residential", "name": null, "source": "OpenStreetMap"}, "geometry": {"type": "LineString", "coordinates": [[76.7864687, 30.7271236], [76.7882036, 30.7281947], [76.7891961, 30.7288073], [76.7900601, 30.7293408]]}}, {"type": "Feature", "properties": {"osm_id": 129584417, "highway": "living_street", "name": null, "source": "OpenStreetMap"}, "geometry": {"type": "LineString", "coordinates": [[76.7891795, 30.7300554], [76.7893185, 30.7298919], [76.7896042, 30.7295557]]}}, {"type": "Feature", "properties": {"osm_id": 129584419, "highway": "living_street", "name": null, "source": "OpenStreetMap"}, "geometry": {"type": "LineString", "coordinates": [[76.7897832, 30.7296698], [76.7898562, 30.7295872], [76.7899752, 30.7294525], [76.7900601, 30.7293408]]}}, {"type": "Feature", "properties": {"osm_id": 129584430, "highway": "residential", "name": null, "source": "OpenStreetMap"}, "geometry": {"type": "LineString", "coordinates": [[76.7877802, 30.728695], [76.7882036, 30.7281947], [76.7886857, 30.7276249]]}}, {"type": "Feature", "properties": {"osm_id": 129584431, "highway": "living_street", "name": null, "source": "OpenStreetMap"}, "geometry": {"type": "LineString", "coordinates": [[76.7904589, 30.7297627], [76.7899752, 30.7294525], [76.7891992, 30.7289548]]}}, {"type": "Feature", "properties": {"osm_id": 129584432, "highway": "living_street", "name": null, "source": "OpenStreetMap"}, "geometry": {"type": "LineString", "coordinates": [[76.7891176, 30.7297664], [76.7892405, 30.7296227], [76.7894058, 30.7294293]]}}, {"type": "Feature", "properties": {"osm_id": 129584443, "highway": "residential", "name": null, "source": "OpenStreetMap"}, "geometry": {"type": "LineString", "coordinates": [[76.7904908, 30.7271534], [76.7902921, 30.7273827], [76.7901261, 30.7275795], [76.7899787, 30.7277542], [76.7896052, 30.7282039]]}}, {"type": "Feature", "properties": {"osm_id": 129584446, "highway": "secondary_link", "name": null, "source": "OpenStreetMap"}, "geometry": {"type": "LineString", "coordinates": [[76.7898665, 30.730821], [76.7899237, 30.7309351], [76.789934, 30.7310506], [76.789918, 30.7311784]]}}, {"type": "Feature", "properties": {"osm_id": 129584448, "highway": "residential", "name": null, "source": "OpenStreetMap"}, "geometry": {"type": "LineString", "coordinates": [[76.788771, 30.7293042], [76.7877802, 30.728695], [76.786066, 30.7276319], [76.7857558, 30.7274395]]}}, {"type": "Feature", "properties": {"osm_id": 129584457, "highway": "living_street", "name": null, "source": "OpenStreetMap"}, "geometry": {"type": "LineString", "coordinates": [[76.789847, 30.7304763], [76.7891795, 30.7300554], [76.7887636, 30.7297931], [76.788586, 30.7296811]]}}, {"type": "Feature", "properties": {"osm_id": 129584463, "highway": "living_street", "name": null, "source": "OpenStreetMap"}, "geometry": {"type": "LineString", "coordinates": [[76.7889013, 30.7296313], [76.7891176, 30.7297664], [76.7893185, 30.7298919], [76.7895902, 30.7300615], [76.7899875, 30.7303125]]}}, {"type": "Feature", "properties": {"osm_id": 129584471, "highway": "living_street", "name": null, "source": "OpenStreetMap"}, "geometry": {"type": "LineString", "coordinates": [[76.7902757, 30.7299763], [76.7901136, 30.729876], [76.7898745, 30.729728], [76.7897832, 30.7296698], [76.7896042, 30.7295557], [76.7894058, 30.7294293], [76.7890098, 30.729177]]}}, {"type": "Feature", "properties": {"osm_id": 129584474, "highway": "tertiary", "name": null, "source": "OpenStreetMap"}, "geometry": {"type": "LineString", "coordinates": [[76.7896576, 30.7315301], [76.7891054, 30.7322763], [76.7889825, 30.7324851], [76.7889743, 30.7324991], [76.7889227, 30.7327106], [76.7888977, 30.7328129], [76.7888534, 30.7329947], [76.7887466, 30.733185], [76.7886541, 30.7333498], [76.788491, 30.7335117], [76.7878166, 30.7339167]]}}, {"type": "Feature", "properties": {"osm_id": 129720599, "highway": "secondary", "name": "Jan Marg", "source": "OpenStreetMap"}, "geometry": {"type": "LineString", "coordinates": [[76.779164, 30.7425371], [76.7790829, 30.7424858], [76.7786995, 30.7422433], [76.7762225, 30.7406766], [76.7752457, 30.7400941], [76.7751665, 30.7400468], [76.7750087, 30.7399527], [76.7747904, 30.7398045]]}}, {"type": "Feature", "properties": {"osm_id": 129720608, "highway": "tertiary_link", "name": null, "source": "OpenStreetMap"}, "geometry": {"type": "LineString", "coordinates": [[76.7838673, 30.7318848], [76.7832778, 30.7325999], [76.7828819, 30.7330801], [76.7828451, 30.7332066], [76.7828621, 30.7333453], [76.7829413, 30.7334865], [76.782971, 30.733546], [76.7831056, 30.7336276], [76.7842218, 30.7343272], [76.7858195, 30.7353286], [76.7859909, 30.735436]]}}, {"type": "Feature", "properties": {"osm_id": 129720610, "highway": "tertiary_link", "name": null, "source": "OpenStreetMap"}, "geometry": {"type": "LineString", "coordinates": [[76.788533, 30.7326151], [76.7882383, 30.7324347], [76.7878732, 30.7322113], [76.7866315, 30.7314512], [76.7857781, 30.7309288], [76.78566, 30.7308613], [76.7855579, 30.730803], [76.7852714, 30.7306392], [76.7851355, 30.7306246], [76.7849713, 30.7306344], [76.7848325, 30.7307001], [76.7847827, 30.7307546], [76.7847391, 30.7308023], [76.7846103, 30.7309623], [76.7843856, 30.7312413], [76.7839426, 30.7317913], [76.7838673, 30.7318848]]}}, {"type": "Feature", "properties": {"osm_id": 129720622, "highway": "residential", "name": null, "source": "OpenStreetMap"}, "geometry": {"type": "LineString", "coordinates": [[76.7839426, 30.7317913], [76.784565, 30.7321382]]}}, {"type": "Feature", "properties": {"osm_id": 129720623, "highway": "residential", "name": null, "source": "OpenStreetMap"}, "geometry": {"type": "LineString", "coordinates": [[76.784666, 30.730628], [76.7837772, 30.73007]]}}, {"type": "Feature", "properties": {"osm_id": 129720624, "highway": "residential", "name": null, "source": "OpenStreetMap"}, "geometry": {"type": "LineString", "coordinates": [[76.7879088, 30.7354002], [76.7873287, 30.7360717]]}}, {"type": "Feature", "properties": {"osm_id": 129720626, "highway": "residential", "name": null, "source": "OpenStreetMap"}, "geometry": {"type": "LineString", "coordinates": [[76.7831415, 30.7325184], [76.7825225, 30.7332715]]}}, {"type": "Feature", "properties": {"osm_id": 129720630, "highway": "tertiary_link", "name": null, "source": "OpenStreetMap"}, "geometry": {"type": "LineString", "coordinates": [[76.7859909, 30.735436], [76.7862682, 30.7356949]]}}, {"type": "Feature", "properties": {"osm_id": 129720631, "highway": "residential", "name": null, "source": "OpenStreetMap"}, "geometry": {"type": "LineString", "coordinates": [[76.7822403, 30.7319792], [76.7813773, 30.7330033], [76.7810275, 30.7334183]]}}, {"type": "Feature", "properties": {"osm_id": 129720633, "highway": "residential", "name": null, "source": "OpenStreetMap"}, "geometry": {"type": "LineString", "coordinates": [[76.782971, 30.733546], [76.7827063, 30.733854], [76.7824156, 30.7341921]]}}, {"type": "Feature", "properties": {"osm_id": 129720638, "highway": "residential", "name": null, "source": "OpenStreetMap"}, "geometry": {"type": "LineString", "coordinates": [[76.7866765, 30.7306883], [76.7873075, 30.7299382]]}}, {"type": "Feature", "properties": {"osm_id": 129720641, "highway": "residential", "name": null, "source": "OpenStreetMap"}, "geometry": {"type": "LineString", "coordinates": [[76.7870544, 30.7309218], [76.786898, 30.7311176], [76.7866315, 30.7314512]]}}, {"type": "Feature", "properties": {"osm_id": 129720644, "highway": "residential", "name": null, "source": "OpenStreetMap"}, "geometry": {"type": "LineString", "coordinates": [[76.7853003, 30.7359896], [76.7854283, 30.7358068], [76.7854504, 30.7357798], [76.7855644, 30.7356404], [76.7858195, 30.7353286]]}}, {"type": "Feature", "properties": {"osm_id": 129720648, "highway": "residential", "name": null, "source": "OpenStreetMap"}, "geometry": {"type": "LineString", "coordinates": [[76.78622, 30.7300137], [76.7846421, 30.7290292]]}}, {"type": "Feature", "properties": {"osm_id": 129720650, "highway": "residential", "name": null, "source": "OpenStreetMap"}, "geometry": {"type": "LineString", "coordinates": [[76.7848236, 30.7336286], [76.7845582, 30.7339366], [76.7842218, 30.7343272]]}}, {"type": "Feature", "properties": {"osm_id": 129720654, "highway": "residential", "name": null, "source": "OpenStreetMap"}, "geometry": {"type": "LineString", "coordinates": [[76.7867684, 30.7367546], [76.7895076, 30.7384981]]}}, {"type": "Feature", "properties": {"osm_id": 129720656, "highway": "residential", "name": null, "source": "OpenStreetMap"}, "geometry": {"type": "LineString", "coordinates": [[76.791149, 30.7365103], [76.7880133, 30.7345368]]}}, {"type": "Feature", "properties": {"osm_id": 129720657, "highway": "residential", "name": null, "source": "OpenStreetMap"}, "geometry": {"type": "LineString", "coordinates": [[76.7854239, 30.7311372], [76.7847827, 30.7307546]]}}, {"type": "Feature", "properties": {"osm_id": 129720662, "highway": "residential", "name": null, "source": "OpenStreetMap"}, "geometry": {"type": "LineString", "coordinates": [[76.7823409, 30.7331605], [76.7825225, 30.7332715], [76.782971, 30.733546]]}}, {"type": "Feature", "properties": {"osm_id": 129720663, "highway": "residential", "name": null, "source": "OpenStreetMap"}, "geometry": {"type": "LineString", "coordinates": [[76.7899521, 30.7342143], [76.7901465, 30.7339815], [76.7907409, 30.7332668]]}}, {"type": "Feature", "properties": {"osm_id": 129720667, "highway": "residential", "name": null, "source": "OpenStreetMap"}, "geometry": {"type": "LineString", "coordinates": [[76.7893289, 30.7310625], [76.7889369, 30.7315558], [76.7882383, 30.7324347]]}}, {"type": "Feature", "properties": {"osm_id": 129720671, "highway": "residential", "name": null, "source": "OpenStreetMap"}, "geometry": {"type": "LineString", "coordinates": [[76.7857936, 30.730522], [76.7851058, 30.7301075], [76.7841997, 30.7295615]]}}, {"type": "Feature", "properties": {"osm_id": 129720673, "highway": "residential", "name": null, "source": "OpenStreetMap"}, "geometry": {"type": "LineString", "coordinates": [[76.7892169, 30.7388557], [76.7895076, 30.7384981], [76.7900696, 30.7378067]]}}, {"type": "Feature", "properties": {"osm_id": 129720675, "highway": "residential", "name": null, "source": "OpenStreetMap"}, "geometry": {"type": "LineString", "coordinates": [[76.7885973, 30.7313487], [76.7883058, 30.7316951], [76.7881447, 30.7318873], [76.7878732, 30.7322113]]}}, {"type": "Feature", "properties": {"osm_id": 129720676, "highway": "residential", "name": null, "source": "OpenStreetMap"}, "geometry": {"type": "LineString", "coordinates": [[76.7896245, 30.7391035], [76.7892169, 30.7388557], [76.7883823, 30.7383027]]}}, {"type": "Feature", "properties": {"osm_id": 129720677, "highway": "residential", "name": null, "source": "OpenStreetMap"}, "geometry": {"type": "LineString", "coordinates": [[76.7868422, 30.7307907], [76.7871317, 30.7304553], [76.7874806, 30.7300489]]}}, {"type": "Feature", "properties": {"osm_id": 129720678, "highway": "residential", "name": null, "source": "OpenStreetMap"}, "geometry": {"type": "LineString", "coordinates": [[76.7874939, 30.7351402], [76.7879088, 30.7354002], [76.7906457, 30.7371148]]}}, {"type": "Feature", "properties": {"osm_id": 129720682, "highway": "residential", "name": null, "source": "OpenStreetMap"}, "geometry": {"type": "LineString", "coordinates": [[76.7879547, 30.7314782], [76.7882463, 30.7311348], [76.7885737, 30.7307479]]}}, {"type": "Feature", "properties": {"osm_id": 129720685, "highway": "tertiary_link", "name": null, "source": "OpenStreetMap"}, "geometry": {"type": "LineString", "coordinates": [[76.7868819, 30.7357545], [76.7870584, 30.7358798], [76.7873287, 30.7360717], [76.7900696, 30.7378067]]}}, {"type": "Feature", "properties": {"osm_id": 129720686, "highway": "residential", "name": null, "source": "OpenStreetMap"}, "geometry": {"type": "LineString", "coordinates": [[76.7843446, 30.7333201], [76.7844209, 30.73324], [76.7844652, 30.7331997], [76.7845175, 30.7331605], [76.784614, 30.733104], [76.7846757, 30.7330602], [76.7838297, 30.7325691]]}}, {"type": "Feature", "properties": {"osm_id": 129720689, "highway": "residential", "name": null, "source": "OpenStreetMap"}, "geometry": {"type": "LineString", "coordinates": [[76.7850069, 30.7316242], [76.7843856, 30.7312413], [76.7842292, 30.7311452], [76.7839171, 30.7309533], [76.7833387, 30.7305977]]}}, {"type": "Feature", "properties": {"osm_id": 129720690, "highway": "residential", "name": null, "source": "OpenStreetMap"}, "geometry": {"type": "LineString", "coordinates": [[76.7832778, 30.7325999], [76.7831415, 30.7325184], [76.782764, 30.7322926], [76.7822403, 30.7319792], [76.7818274, 30.7317303]]}}, {"type": "Feature", "properties": {"osm_id": 129720696, "highway": "residential", "name": null, "source": "OpenStreetMap"}, "geometry": {"type": "LineString", "coordinates": [[76.784565, 30.7321382], [76.7850069, 30.7316242], [76.7852313, 30.7313621], [76.7854239, 30.7311372], [76.78566, 30.7308613]]}}, {"type": "Feature", "properties": {"osm_id": 129720699, "highway": "residential", "name": null, "source": "OpenStreetMap"}, "geometry": {"type": "LineString", "coordinates": [[76.7869765, 30.7339369], [76.7866978, 30.734272], [76.7863998, 30.7346305], [76.7861586, 30.7349207], [76.7858195, 30.7353286]]}}, {"type": "Feature", "properties": {"osm_id": 129720701, "highway": "tertiary_link", "name": null, "source": "OpenStreetMap"}, "geometry": {"type": "LineString", "coordinates": [[76.7863452, 30.7355889], [76.7859909, 30.735436]]}}, {"type": "Feature", "properties": {"osm_id": 129720702, "highway": "residential", "name": null, "source": "OpenStreetMap"}, "geometry": {"type": "LineString", "coordinates": [[76.7867141, 30.737259], [76.7864763, 30.7371106], [76.7867684, 30.7367546], [76.787054, 30.7364066], [76.7873287, 30.7360717]]}}, {"type": "Feature", "properties": {"osm_id": 129720704, "highway": "residential", "name": null, "source": "OpenStreetMap"}, "geometry": {"type": "LineString", "coordinates": [[76.7863998, 30.7346305], [76.7848236, 30.7336286], [76.7843446, 30.7333201], [76.7835916, 30.7328456]]}}, {"type": "Feature", "properties": {"osm_id": 129720706, "highway": "residential", "name": null, "source": "OpenStreetMap"}, "geometry": {"type": "LineString", "coordinates": [[76.7869765, 30.7339369], [76.7865319, 30.7336586], [76.7862498, 30.7339914], [76.7866978, 30.734272]]}}, {"type": "Feature", "properties": {"osm_id": 129720708, "highway": "residential", "name": null, "source": "OpenStreetMap"}, "geometry": {"type": "LineString", "coordinates": [[76.783434, 30.7330286], [76.7835916, 30.7328456], [76.7838297, 30.7325691], [76.7840879, 30.7322693]]}}, {"type": "Feature", "properties": {"osm_id": 129720710, "highway": "residential", "name": null, "source": "OpenStreetMap"}, "geometry": {"type": "LineString", "coordinates": [[76.7871317, 30.7304553], [76.7882463, 30.7311348], [76.7885488, 30.7313177], [76.7885973, 30.7313487], [76.7889369, 30.7315558]]}}, {"type": "Feature", "properties": {"osm_id": 129720711, "highway": "residential", "name": null, "source": "OpenStreetMap"}, "geometry": {"type": "LineString", "coordinates": [[76.7882343, 30.7342718], [76.7880133, 30.7345368], [76.7878049, 30.734779], [76.7874939, 30.7351402], [76.7872625, 30.735409]]}}, {"type": "Feature", "properties": {"osm_id": 129720712, "highway": "residential", "name": null, "source": "OpenStreetMap"}, "geometry": {"type": "LineString", "coordinates": [[76.7851058, 30.7301075], [76.784666, 30.730628], [76.7844443, 30.7308905], [76.7842292, 30.7311452], [76.7836942, 30.7317784]]}}, {"type": "Feature", "properties": {"osm_id": 129720716, "highway": "residential", "name": null, "source": "OpenStreetMap"}, "geometry": {"type": "LineString", "coordinates": [[76.7855579, 30.730803], [76.7857936, 30.730522], [76.78622, 30.7300137], [76.7866409, 30.7295119]]}}, {"type": "Feature", "properties": {"osm_id": 129720719, "highway": "tertiary_link", "name": null, "source": "OpenStreetMap"}, "geometry": {"type": "LineString", "coordinates": [[76.7891054, 30.7322763], [76.7907409, 30.7332668], [76.7909064, 30.733367], [76.7926545, 30.7344221], [76.7927115, 30.7344659], [76.7927426, 30.7345214]]}}, {"type": "Feature", "properties": {"osm_id": 129720721, "highway": "tertiary_link", "name": null, "source": "OpenStreetMap"}, "geometry": {"type": "LineString", "coordinates": [[76.7889227, 30.7327106], [76.788533, 30.7326151]]}}, {"type": "Feature", "properties": {"osm_id": 129720727, "highway": "tertiary", "name": null, "source": "OpenStreetMap"}, "geometry": {"type": "LineString", "coordinates": [[76.7858129, 30.7368462], [76.7860915, 30.7365111], [76.7862811, 30.7362614]]}}, {"type": "Feature", "properties": {"osm_id": 129720729, "highway": "residential", "name": null, "source": "OpenStreetMap"}, "geometry": {"type": "LineString", "coordinates": [[76.7828097, 30.7312343], [76.7833387, 30.7305977], [76.7835762, 30.7303119], [76.7837772, 30.73007], [76.7841997, 30.7295615], [76.7846421, 30.7290292], [76.7850737, 30.7285097]]}}, {"type": "Feature", "properties": {"osm_id": 129720732, "highway": "residential", "name": null, "source": "OpenStreetMap"}, "geometry": {"type": "LineString", "coordinates": [[76.788881, 30.7309484], [76.7885737, 30.7307479], [76.7874806, 30.7300489], [76.7873075, 30.7299382], [76.7866409, 30.7295119], [76.7850737, 30.7285097]]}}, {"type": "Feature", "properties": {"osm_id": 129720734, "highway": "residential", "name": null, "source": "OpenStreetMap"}, "geometry": {"type": "LineString", "coordinates": [[76.7808065, 30.7332773], [76.7810275, 30.7334183], [76.7816643, 30.7338248], [76.781988, 30.7339394], [76.7820493, 30.7339611], [76.7824156, 30.7341921], [76.784766, 30.735675], [76.7849143, 30.7357685], [76.7853003, 30.7359896]]}}, {"type": "Feature", "properties": {"osm_id": 129720735, "highway": "residential", "name": null, "source": "OpenStreetMap"}, "geometry": {"type": "LineString", "coordinates": [[76.7883058, 30.7316951], [76.7879547, 30.7314782], [76.7870544, 30.7309218], [76.7868422, 30.7307907], [76.7866765, 30.7306883], [76.7865628, 30.730618]]}}, {"type": "Feature", "properties": {"osm_id": 129720742, "highway": "tertiary_link", "name": null, "source": "OpenStreetMap"}, "geometry": {"type": "LineString", "coordinates": [[76.7838673, 30.7318848], [76.7836942, 30.7317784], [76.7834178, 30.7316084], [76.7828097, 30.7312343], [76.782633, 30.7311256], [76.7825356, 30.7307849], [76.7824495, 30.7306603], [76.7823174, 30.7305387]]}}, {"type": "Feature", "properties": {"osm_id": 129774358, "highway": "tertiary", "name": null, "source": "OpenStreetMap"}, "geometry": {"type": "LineString", "coordinates": [[76.7749066, 30.7390781], [76.7751487, 30.7390199], [76.7753229, 30.7388173], [76.7754043, 30.7387226], [76.7769149, 30.7369658], [76.777219, 30.7366122], [76.7772936, 30.7365254], [76.7774089, 30.7363913], [76.7777108, 30.7360402]]}}, {"type": "Feature", "properties": {"osm_id": 129774361, "highway": "residential", "name": null, "source": "OpenStreetMap"}, "geometry": {"type": "LineString", "coordinates": [[76.7803981, 30.7353168], [76.7809375, 30.7356529], [76.7826273, 30.7367057], [76.7827319, 30.7367708], [76.7833311, 30.7371442], [76.7840072, 30.7375654], [76.7842441, 30.737713], [76.7847016, 30.737998], [76.7848372, 30.7380825], [76.7852828, 30.7383601], [76.7857511, 30.7386519], [76.7862471, 30.738961], [76.7869416, 30.7393937], [76.7873911, 30.7396737], [76.7883321, 30.74026], [76.7884139, 30.740311], [76.7889297, 30.7406323], [76.7899807, 30.741287]]}}, {"type": "Feature", "properties": {"osm_id": 129774363, "highway": "service", "name": null, "source": "OpenStreetMap"}, "geometry": {"type": "LineString", "coordinates": [[76.777219, 30.7366122], [76.7774902, 30.7367789], [76.7776003, 30.7368465], [76.7781555, 30.7371877], [76.7782163, 30.737192], [76.7782871, 30.7371674], [76.7783268, 30.7371237], [76.7783292, 30.7370885], [76.7783206, 30.7370267], [76.7782622, 30.7369851], [76.7780655, 30.7370055], [76.7775093, 30.7366596], [76.7772936, 30.7365254]]}}, {"type": "Feature", "properties": {"osm_id": 129774364, "highway": "residential", "name": null, "source": "OpenStreetMap"}, "geometry": {"type": "LineString", "coordinates": [[76.7753229, 30.7388173], [76.7767701, 30.7397205], [76.7770774, 30.7399123], [76.7789628, 30.7410891], [76.7790625, 30.7411513], [76.7796033, 30.7414888], [76.779811, 30.7416184], [76.7798946, 30.7416706], [76.780078, 30.741785], [76.7815508, 30.7427043], [76.7816295, 30.7427534], [76.782172, 30.7430919], [76.7836506, 30.7440148], [76.7846263, 30.7446237], [76.7846877, 30.744662], [76.7855501, 30.7452002], [76.7862494, 30.7456366]]}}, {"type": "Feature", "properties": {"osm_id": 129774367, "highway": "service", "name": null, "source": "OpenStreetMap"}, "geometry": {"type": "LineString", "coordinates": [[76.7837843, 30.7378429], [76.7837677, 30.7378636], [76.7837457, 30.737891], [76.7837222, 30.7379202], [76.7836387, 30.7380242], [76.7835857, 30.7381703], [76.783356, 30.7384401], [76.7830353, 30.7388167], [76.7828153, 30.7389621], [76.7827527, 30.7390008], [76.7825174, 30.7391464], [76.7822315, 30.7392591], [76.78189, 30.7393444], [76.7818738, 30.7393335], [76.781735, 30.7392405]]}}, {"type": "Feature", "properties": {"osm_id": 129774369, "highway": "residential", "name": null, "source": "OpenStreetMap"}, "geometry": {"type": "LineString", "coordinates": [[76.7793901, 30.7399261], [76.7789707, 30.7396615]]}}, {"type": "Feature", "properties": {"osm_id": 129774375, "highway": "residential", "name": null, "source": "OpenStreetMap"}, "geometry": {"type": "LineString", "coordinates": [[76.7841072, 30.740678], [76.7847422, 30.7398684]]}}, {"type": "Feature", "properties": {"osm_id": 129774377, "highway": "service", "name": null, "source": "OpenStreetMap"}, "geometry": {"type": "LineString", "coordinates": [[76.7803243, 30.7398743], [76.7801965, 30.7397976]]}}, {"type": "Feature", "properties": {"osm_id": 129774379, "highway": "residential", "name": null, "source": "OpenStreetMap"}, "geometry": {"type": "LineString", "coordinates": [[76.7791534, 30.7389226], [76.7783703, 30.7398666]]}}, {"type": "Feature", "properties": {"osm_id": 129774380, "highway": "service", "name": null, "source": "OpenStreetMap"}, "geometry": {"type": "LineString", "coordinates": [[76.7830353, 30.7388167], [76.7829425, 30.7387612]]}}, {"type": "Feature", "properties": {"osm_id": 129774383, "highway": "service", "name": null, "source": "OpenStreetMap"}, "geometry": {"type": "LineString", "coordinates": [[76.7773759, 30.7388547], [76.7767758, 30.7395798]]}}, {"type": "Feature", "properties": {"osm_id": 129774385, "highway": "service", "name": null, "source": "OpenStreetMap"}, "geometry": {"type": "LineString", "coordinates": [[76.7777108, 30.7360402], [76.7783873, 30.7364673], [76.7784668, 30.736484], [76.7785773, 30.7364706], [76.7786684, 30.7363956], [76.7786839, 30.7363107], [76.7786471, 30.7362357], [76.7782788, 30.736009], [76.778209, 30.7359224], [76.7782206, 30.7358324], [76.7782943, 30.7357491], [76.7789416, 30.7349974], [76.7791066, 30.7348059], [76.7791725, 30.7347959], [76.7792617, 30.7348176], [76.7793528, 30.7348609], [76.7798258, 30.7352125], [76.7799325, 30.7352442], [76.7799984, 30.7352358], [76.7800488, 30.7351842], [76.780043, 30.7351159], [76.7800178, 30.7350592], [76.7790707, 30.7344586]]}}, {"type": "Feature", "properties": {"osm_id": 129774388, "highway": "service", "name": null, "source": "OpenStreetMap"}, "geometry": {"type": "LineString", "coordinates": [[76.7845913, 30.7391917], [76.7841382, 30.73891], [76.7840068, 30.7388283]]}}, {"type": "Feature", "properties": {"osm_id": 129774389, "highway": "service", "name": null, "source": "OpenStreetMap"}, "geometry": {"type": "LineString", "coordinates": [[76.7823645, 30.7387428], [76.7818738, 30.7393335], [76.7815905, 30.7396746]]}}, {"type": "Feature", "properties": {"osm_id": 129774391, "highway": "service", "name": null, "source": "OpenStreetMap"}, "geometry": {"type": "LineString", "coordinates": [[76.7771516, 30.737116], [76.7772643, 30.7369762], [76.7773419, 30.7370231], [76.7782803, 30.7375908]]}}, {"type": "Feature", "properties": {"osm_id": 129774392, "highway": "residential", "name": null, "source": "OpenStreetMap"}, "geometry": {"type": "LineString", "coordinates": [[76.7769149, 30.7369658], [76.7771516, 30.737116], [76.7786324, 30.7380554]]}}, {"type": "Feature", "properties": {"osm_id": 129774393, "highway": "cycleway", "name": null, "source": "OpenStreetMap"}, "geometry": {"type": "LineString", "coordinates": [[76.780773, 30.7391094], [76.7806725, 30.739044], [76.7788164, 30.7378356]]}}, {"type": "Feature", "properties": {"osm_id": 129774396, "highway": "service", "name": null, "source": "OpenStreetMap"}, "geometry": {"type": "LineString", "coordinates": [[76.7832852, 30.7399198], [76.7841382, 30.73891], [76.7848372, 30.7380825]]}}, {"type": "Feature", "properties": {"osm_id": 129774398, "highway": "service", "name": null, "source": "OpenStreetMap"}, "geometry": {"type": "LineString", "coordinates": [[76.7837424, 30.7402126], [76.7832852, 30.7399198], [76.7831603, 30.7398399]]}}, {"type": "Feature", "properties": {"osm_id": 129774399, "highway": "service", "name": null, "source": "OpenStreetMap"}, "geometry": {"type": "LineString", "coordinates": [[76.7814525, 30.7395864], [76.781735, 30.7392405], [76.7822125, 30.7386556]]}}, {"type": "Feature", "properties": {"osm_id": 129774401, "highway": "service", "name": null, "source": "OpenStreetMap"}, "geometry": {"type": "LineString", "coordinates": [[76.7831603, 30.7398399], [76.7839646, 30.7388788], [76.7840068, 30.7388283], [76.7847016, 30.737998]]}}, {"type": "Feature", "properties": {"osm_id": 129774402, "highway": "service", "name": null, "source": "OpenStreetMap"}, "geometry": {"type": "LineString", "coordinates": [[76.7782622, 30.7369851], [76.7776681, 30.7366056], [76.7775093, 30.7366596]]}}, {"type": "Feature", "properties": {"osm_id": 129774404, "highway": "service", "name": null, "source": "OpenStreetMap"}, "geometry": {"type": "LineString", "coordinates": [[76.7794383, 30.7409266], [76.779665, 30.7406574], [76.7803243, 30.7398743]]}}, {"type": "Feature", "properties": {"osm_id": 129774405, "highway": "residential", "name": null, "source": "OpenStreetMap"}, "geometry": {"type": "LineString", "coordinates": [[76.779598, 30.7362515], [76.7803981, 30.7353168], [76.7804804, 30.7352208], [76.7811243, 30.734465]]}}, {"type": "Feature", "properties": {"osm_id": 129774406, "highway": "residential", "name": null, "source": "OpenStreetMap"}, "geometry": {"type": "LineString", "coordinates": [[76.7819378, 30.7377189], [76.7818345, 30.7376541], [76.7799554, 30.7364756], [76.779598, 30.7362515]]}}, {"type": "Feature", "properties": {"osm_id": 129774407, "highway": "residential", "name": null, "source": "OpenStreetMap"}, "geometry": {"type": "LineString", "coordinates": [[76.7794515, 30.7390955], [76.7791665, 30.739431], [76.7789707, 30.7396615], [76.7786509, 30.740038]]}}, {"type": "Feature", "properties": {"osm_id": 129774409, "highway": "residential", "name": null, "source": "OpenStreetMap"}, "geometry": {"type": "LineString", "coordinates": [[76.7850715, 30.7369702], [76.7854443, 30.7372037], [76.7860072, 30.7375563], [76.7862381, 30.737701], [76.7864177, 30.7378135], [76.7890211, 30.7394443], [76.789596, 30.7398044], [76.7903311, 30.7402649]]}}, {"type": "Feature", "properties": {"osm_id": 129774411, "highway": "residential", "name": null, "source": "OpenStreetMap"}, "geometry": {"type": "LineString", "coordinates": [[76.7791665, 30.739431], [76.7795872, 30.7396954], [76.7793901, 30.7399261], [76.7790738, 30.7402965]]}}, {"type": "Feature", "properties": {"osm_id": 129774412, "highway": "residential", "name": null, "source": "OpenStreetMap"}, "geometry": {"type": "LineString", "coordinates": [[76.7806748, 30.7340777], [76.7807208, 30.7341853], [76.7807531, 30.7342268], [76.7810775, 30.734435], [76.7811243, 30.734465]]}}, {"type": "Feature", "properties": {"osm_id": 129774414, "highway": "residential", "name": null, "source": "OpenStreetMap"}, "geometry": {"type": "LineString", "coordinates": [[76.784268, 30.7395805], [76.7847422, 30.7398684], [76.785204, 30.7401488], [76.7855588, 30.7397448], [76.7858822, 30.7393765], [76.7862471, 30.738961], [76.7863308, 30.7388657]]}}, {"type": "Feature", "properties": {"osm_id": 129774415, "highway": "service", "name": null, "source": "OpenStreetMap"}, "geometry": {"type": "LineString", "coordinates": [[76.7789416, 30.7349974], [76.7796863, 30.7354425], [76.779758, 30.7354675], [76.7798162, 30.7354558], [76.7799984, 30.7352358]]}}, {"type": "Feature", "properties": {"osm_id": 129774416, "highway": "service", "name": null, "source": "OpenStreetMap"}, "geometry": {"type": "LineString", "coordinates": [[76.7803243, 30.7398743], [76.7804374, 30.7399447], [76.779779, 30.7407267], [76.7795514, 30.7409969], [76.7794383, 30.7409266]]}}, {"type": "Feature", "properties": {"osm_id": 129774418, "highway": "residential", "name": null, "source": "OpenStreetMap"}, "geometry": {"type": "LineString", "coordinates": [[76.7834584, 30.740532], [76.7837424, 30.7402126], [76.784268, 30.7395805], [76.7845913, 30.7391917], [76.7852828, 30.7383601], [76.7853635, 30.7382631]]}}, {"type": "Feature", "properties": {"osm_id": 129774420, "highway": "residential", "name": null, "source": "OpenStreetMap"}, "geometry": {"type": "LineString", "coordinates": [[76.77954, 30.7405814], [76.7794389, 30.7405196], [76.7790738, 30.7402965], [76.7786509, 30.740038], [76.7783703, 30.7398666], [76.7775404, 30.7393594]]}}, {"type": "Feature", "properties": {"osm_id": 129774424, "highway": "residential", "name": null, "source": "OpenStreetMap"}, "geometry": {"type": "LineString", "coordinates": [[76.7827083, 30.7366088], [76.7826273, 30.7367057], [76.7822254, 30.7371865], [76.7818345, 30.7376541], [76.7813977, 30.7381765], [76.7812298, 30.7383774], [76.7808438, 30.7388391], [76.7806725, 30.739044], [76.7801571, 30.7396605], [76.7799885, 30.7398622], [76.7794389, 30.7405196], [76.7792413, 30.7407564], [76.779041, 30.7409956], [76.7789628, 30.7410891]]}}, {"type": "Feature", "properties": {"osm_id": 129774428, "highway": "residential", "name": null, "source": "OpenStreetMap"}, "geometry": {"type": "LineString", "coordinates": [[76.7900632, 30.7411909], [76.7890155, 30.7405382], [76.7884801, 30.7402046], [76.7884021, 30.7401546], [76.7881211, 30.739981], [76.7863308, 30.7388657], [76.7853635, 30.7382631], [76.785311, 30.7382305], [76.7844065, 30.7376696], [76.7840897, 30.7374695], [76.7837994, 30.7372886], [76.782813, 30.7366741], [76.7827083, 30.7366088], [76.7810154, 30.7355541], [76.7804804, 30.7352208]]}}, {"type": "Feature", "properties": {"osm_id": 129774444, "highway": "service", "name": null, "source": "OpenStreetMap"}, "geometry": {"type": "LineString", "coordinates": [[76.7822125, 30.7386556], [76.7823645, 30.7387428], [76.7824328, 30.7386686], [76.7826443, 30.738794], [76.7826774, 30.7388139], [76.7826886, 30.7388203], [76.7827061, 30.7388303], [76.7827396, 30.7388472], [76.7827752, 30.7388624], [76.7828145, 30.7388643], [76.7828485, 30.7388548], [76.7828746, 30.7388402], [76.7829063, 30.7388084], [76.7829425, 30.7387612], [76.7834737, 30.7380877], [76.7836387, 30.7380242]]}}, {"type": "Feature", "properties": {"osm_id": 129774447, "highway": "residential", "name": null, "source": "OpenStreetMap"}, "geometry": {"type": "LineString", "coordinates": [[76.7791407, 30.741058], [76.77954, 30.7405814], [76.7800845, 30.7399313], [76.7801965, 30.7397976], [76.7802595, 30.7397224], [76.7805868, 30.7393317], [76.780773, 30.7391094], [76.7809406, 30.7389093], [76.7819378, 30.7377189], [76.7823257, 30.7372558], [76.7827319, 30.7367708], [76.782813, 30.7366741]]}}, {"type": "Feature", "properties": {"osm_id": 129776265, "highway": "service", "name": null, "source": "OpenStreetMap"}, "geometry": {"type": "LineString", "coordinates": [[76.7833311, 30.7371442], [76.7825567, 30.7381004]]}}, {"type": "Feature", "properties": {"osm_id": 129776271, "highway": "service", "name": null, "source": "OpenStreetMap"}, "geometry": {"type": "LineString", "coordinates": [[76.7858822, 30.7393765], [76.7855062, 30.7391489]]}}, {"type": "Feature", "properties": {"osm_id": 129776274, "highway": "service", "name": null, "source": "OpenStreetMap"}, "geometry": {"type": "LineString", "coordinates": [[76.7855588, 30.7397448], [76.7850885, 30.7394448], [76.7857511, 30.7386519]]}}, {"type": "Feature", "properties": {"osm_id": 129776277, "highway": "service", "name": null, "source": "OpenStreetMap"}, "geometry": {"type": "LineString", "coordinates": [[76.7813977, 30.7381765], [76.7812571, 30.7381312], [76.7811496, 30.7382656], [76.7812298, 30.7383774]]}}, {"type": "Feature", "properties": {"osm_id": 129776283, "highway": "service", "name": null, "source": "OpenStreetMap"}, "geometry": {"type": "LineString", "coordinates": [[76.7862911, 30.7409657], [76.7865249, 30.7406911], [76.7870489, 30.7400756], [76.7873911, 30.7396737]]}}, {"type": "Feature", "properties": {"osm_id": 235386448, "highway": "residential", "name": null, "source": "OpenStreetMap"}, "geometry": {"type": "LineString", "coordinates": [[76.7849143, 30.7357685], [76.7850163, 30.7356343]]}}, {"type": "Feature", "properties": {"osm_id": 235386449, "highway": "residential", "name": null, "source": "OpenStreetMap"}, "geometry": {"type": "LineString", "coordinates": [[76.784766, 30.735675], [76.7848807, 30.7355559]]}}, {"type": "Feature", "properties": {"osm_id": 379908222, "highway": "tertiary", "name": null, "source": "OpenStreetMap"}, "geometry": {"type": "LineString", "coordinates": [[76.7688029, 30.7280132], [76.7699309, 30.7287408], [76.7706731, 30.7292195], [76.7708102, 30.7293079], [76.7711952, 30.7298895], [76.7713225, 30.7302858], [76.7713821, 30.7304712], [76.7714097, 30.730563], [76.7715133, 30.7309556], [76.7715548, 30.7311088], [76.7717812, 30.731413], [76.771859, 30.7314853], [76.7719928, 30.7316097], [76.7721119, 30.7316799], [76.772353, 30.7318451]]}}, {"type": "Feature", "properties": {"osm_id": 390215033, "highway": "residential", "name": null, "source": "OpenStreetMap"}, "geometry": {"type": "LineString", "coordinates": [[76.7717138, 30.7301884], [76.7721466, 30.7304326]]}}, {"type": "Feature", "properties": {"osm_id": 390215034, "highway": "residential", "name": null, "source": "OpenStreetMap"}, "geometry": {"type": "LineString", "coordinates": [[76.7721466, 30.7304326], [76.7726985, 30.730764]]}}, {"type": "Feature", "properties": {"osm_id": 390957835, "highway": "residential", "name": null, "source": "OpenStreetMap"}, "geometry": {"type": "LineString", "coordinates": [[76.7891961, 30.7288073], [76.788771, 30.7293042], [76.7884758, 30.7296502]]}}, {"type": "Feature", "properties": {"osm_id": 449240310, "highway": "tertiary_link", "name": null, "source": "OpenStreetMap"}, "geometry": {"type": "LineString", "coordinates": [[76.788533, 30.7326151], [76.7888977, 30.7328129]]}}, {"type": "Feature", "properties": {"osm_id": 491245673, "highway": "residential", "name": null, "source": "OpenStreetMap"}, "geometry": {"type": "LineString", "coordinates": [[76.7878049, 30.734779], [76.7879406, 30.7348603], [76.7880857, 30.7349485], [76.7882095, 30.7350276], [76.7883617, 30.735128], [76.7885493, 30.7352466], [76.788751, 30.7353805], [76.7889386, 30.7354961], [76.7891333, 30.7356238], [76.7893048, 30.7357313], [76.7894483, 30.7358246], [76.7896358, 30.7359311], [76.7897668, 30.7360224], [76.7898871, 30.7360923], [76.7900075, 30.7361653], [76.7901773, 30.7362718], [76.7903932, 30.7364178], [76.7905454, 30.7364939], [76.7907047, 30.7365973], [76.7907932, 30.7366734], [76.7909369, 30.7367651]]}}, {"type": "Feature", "properties": {"osm_id": 491245675, "highway": "secondary_link", "name": null, "source": "OpenStreetMap"}, "geometry": {"type": "LineString", "coordinates": [[76.7862963, 30.7375989], [76.7862381, 30.737701]]}}, {"type": "Feature", "properties": {"osm_id": 491245677, "highway": "unclassified", "name": null, "source": "OpenStreetMap"}, "geometry": {"type": "LineString", "coordinates": [[76.789596, 30.7398044], [76.7896929, 30.7397253]]}}, {"type": "Feature", "properties": {"osm_id": 491245679, "highway": "residential", "name": null, "source": "OpenStreetMap"}, "geometry": {"type": "LineString", "coordinates": [[76.7908365, 30.7382602], [76.790684, 30.7384177], [76.7905417, 30.7385819], [76.7904604, 30.7386902], [76.7903019, 30.7388824], [76.7902177, 30.7389772], [76.7901311, 30.7390746], [76.7899458, 30.7392731], [76.7898506, 30.7393751]]}}, {"type": "Feature", "properties": {"osm_id": 491245684, "highway": "residential", "name": null, "source": "OpenStreetMap"}, "geometry": {"type": "LineString", "coordinates": [[76.7877594, 30.7339863], [76.7878188, 30.7340181]]}}, {"type": "Feature", "properties": {"osm_id": 491245686, "highway": "residential", "name": null, "source": "OpenStreetMap"}, "geometry": {"type": "LineString", "coordinates": [[76.7878188, 30.7340181], [76.7879362, 30.7340894], [76.788082, 30.7341732], [76.7882343, 30.7342718], [76.7883069, 30.7343188], [76.7886335, 30.7345174], [76.7913816, 30.7362311]]}}, {"type": "Feature", "properties": {"osm_id": 491312659, "highway": "residential", "name": null, "source": "OpenStreetMap"}, "geometry": {"type": "LineString", "coordinates": [[76.7843708, 30.7371423], [76.7837994, 30.7372886]]}}, {"type": "Feature", "properties": {"osm_id": 491312660, "highway": "residential", "name": null, "source": "OpenStreetMap"}, "geometry": {"type": "LineString", "coordinates": [[76.7844065, 30.7376696], [76.7843708, 30.7371423]]}}, {"type": "Feature", "properties": {"osm_id": 491312661, "highway": "residential", "name": null, "source": "OpenStreetMap"}, "geometry": {"type": "LineString", "coordinates": [[76.7837843, 30.7378429], [76.7842441, 30.737713]]}}, {"type": "Feature", "properties": {"osm_id": 491594492, "highway": "service", "name": null, "source": "OpenStreetMap"}, "geometry": {"type": "LineString", "coordinates": [[76.7789416, 30.7349974], [76.7787676, 30.7348932], [76.778721, 30.7348653]]}}, {"type": "Feature", "properties": {"osm_id": 491594495, "highway": "residential", "name": null, "source": "OpenStreetMap"}, "geometry": {"type": "LineString", "coordinates": [[76.7740204, 30.7380266], [76.7742658, 30.7381643], [76.7745017, 30.7383154]]}}, {"type": "Feature", "properties": {"osm_id": 491594497, "highway": "residential", "name": null, "source": "OpenStreetMap"}, "geometry": {"type": "LineString", "coordinates": [[76.7746778, 30.7371822], [76.7752152, 30.7374942]]}}, {"type": "Feature", "properties": {"osm_id": 491594498, "highway": "residential", "name": null, "source": "OpenStreetMap"}, "geometry": {"type": "LineString", "coordinates": [[76.7759852, 30.7356995], [76.77652, 30.736029]]}}, {"type": "Feature", "properties": {"osm_id": 491594500, "highway": "unclassified", "name": null, "source": "OpenStreetMap"}, "geometry": {"type": "LineString", "coordinates": [[76.7722177, 30.7328142], [76.7725153, 30.7330124], [76.7727182, 30.7331659]]}}, {"type": "Feature", "properties": {"osm_id": 491594502, "highway": "residential", "name": null, "source": "OpenStreetMap"}, "geometry": {"type": "LineString", "coordinates": [[76.7727526, 30.7320331], [76.7728595, 30.731933], [76.7730224, 30.7317573], [76.7733388, 30.7313884], [76.7737377, 30.7309045]]}}, {"type": "Feature", "properties": {"osm_id": 491594504, "highway": "service", "name": null, "source": "OpenStreetMap"}, "geometry": {"type": "LineString", "coordinates": [[76.7788675, 30.7331557], [76.7789973, 30.7330134]]}}, {"type": "Feature", "properties": {"osm_id": 491594506, "highway": "service", "name": null, "source": "OpenStreetMap"}, "geometry": {"type": "LineString", "coordinates": [[76.7785881, 30.7336015], [76.7788186, 30.73335], [76.778854, 30.733277], [76.7788675, 30.7331557]]}}, {"type": "Feature", "properties": {"osm_id": 491594507, "highway": "unclassified", "name": null, "source": "OpenStreetMap"}, "geometry": {"type": "LineString", "coordinates": [[76.7769489, 30.7336342], [76.7770703, 30.7334535], [76.7772866, 30.7332065], [76.7773605, 30.7331128], [76.7774963, 30.7329137]]}}, {"type": "Feature", "properties": {"osm_id": 491594509, "highway": "residential", "name": null, "source": "OpenStreetMap"}, "geometry": {"type": "LineString", "coordinates": [[76.7772683, 30.7342255], [76.7777683, 30.7345638]]}}, {"type": "Feature", "properties": {"osm_id": 491598521, "highway": "residential", "name": null, "source": "OpenStreetMap"}, "geometry": {"type": "LineString", "coordinates": [[76.7702534, 30.7283451], [76.7699309, 30.7287408]]}}, {"type": "Feature", "properties": {"osm_id": 491598522, "highway": "service", "name": null, "source": "OpenStreetMap"}, "geometry": {"type": "LineString", "coordinates": [[76.7707588, 30.7315673], [76.7706094, 30.7316275], [76.7703432, 30.7316837], [76.7701937, 30.7318443], [76.7699602, 30.7321253], [76.7698776, 30.7322274]]}}, {"type": "Feature", "properties": {"osm_id": 491598523, "highway": "living_street", "name": null, "source": "OpenStreetMap"}, "geometry": {"type": "LineString", "coordinates": [[76.770543, 30.7292217], [76.7705777, 30.7294079], [76.77062, 30.7296034], [76.7706339, 30.7297978]]}}, {"type": "Feature", "properties": {"osm_id": 574304986, "highway": "secondary", "name": "Udyog Path", "source": "OpenStreetMap"}, "geometry": {"type": "LineString", "coordinates": [[76.7822419, 30.7304916], [76.7820393, 30.7307208], [76.7801595, 30.7328338]]}}, {"type": "Feature", "properties": {"osm_id": 575407552, "highway": "secondary", "name": "Udyog Path", "source": "OpenStreetMap"}, "geometry": {"type": "LineString", "coordinates": [[76.776835, 30.7366922], [76.7766568, 30.7369008], [76.7763833, 30.7372209], [76.7752876, 30.7385033], [76.7748661, 30.7389967], [76.7746538, 30.7391701], [76.7745935, 30.7392021], [76.7743536, 30.7393293]]}}, {"type": "Feature", "properties": {"osm_id": 575407553, "highway": "secondary", "name": "Udyog Path", "source": "OpenStreetMap"}, "geometry": {"type": "LineString", "coordinates": [[76.776897, 30.7366196], [76.776835, 30.7366922]]}}, {"type": "Feature", "properties": {"osm_id": 575407554, "highway": "tertiary", "name": null, "source": "OpenStreetMap"}, "geometry": {"type": "LineString", "coordinates": [[76.776897, 30.7366196], [76.77668, 30.7364828], [76.7763244, 30.7362586], [76.7757896, 30.7359214]]}}, {"type": "Feature", "properties": {"osm_id": 576146465, "highway": "secondary_link", "name": null, "source": "OpenStreetMap"}, "geometry": {"type": "LineString", "coordinates": [[76.7738429, 30.7299638], [76.7738455, 30.7299799], [76.7738482, 30.7300168], [76.7738509, 30.730065]]}}, {"type": "Feature", "properties": {"osm_id": 614091269, "highway": "pedestrian", "name": null, "source": "OpenStreetMap"}, "geometry": {"type": "LineString", "coordinates": [[76.7754074, 30.7329991], [76.7757807, 30.7330951], [76.7761401, 30.7333072], [76.7768564, 30.733745]]}}, {"type": "Feature", "properties": {"osm_id": 614091270, "highway": "pedestrian", "name": null, "source": "OpenStreetMap"}, "geometry": {"type": "LineString", "coordinates": [[76.7732821, 30.7325201], [76.7741666, 30.7330676], [76.7746729, 30.733381], [76.7748339, 30.7332726], [76.7749116, 30.7331112], [76.7749063, 30.7330444], [76.7748446, 30.7329913], [76.7746783, 30.7329983], [76.7744583, 30.7330375], [76.7741666, 30.7330676]]}}, {"type": "Feature", "properties": {"osm_id": 614091271, "highway": "pedestrian", "name": null, "source": "OpenStreetMap"}, "geometry": {"type": "LineString", "coordinates": [[76.7720739, 30.7336853], [76.7722434, 30.7333789], [76.7724118, 30.7330743], [76.7730636, 30.7334824]]}}, {"type": "Feature", "properties": {"osm_id": 614091272, "highway": "pedestrian", "name": null, "source": "OpenStreetMap"}, "geometry": {"type": "LineString", "coordinates": [[76.7722434, 30.7333789], [76.7728168, 30.7337337]]}}, {"type": "Feature", "properties": {"osm_id": 614091273, "highway": "pedestrian", "name": null, "source": "OpenStreetMap"}, "geometry": {"type": "LineString", "coordinates": [[76.7720739, 30.7336853], [76.7722107, 30.7338305], [76.7723769, 30.7339343], [76.7725862, 30.7339597], [76.772723, 30.7339159], [76.7727739, 30.7338029], [76.7728168, 30.7337337], [76.7729214, 30.7336738], [76.7730502, 30.7335839], [76.7730636, 30.7334824]]}}, {"type": "Feature", "properties": {"osm_id": 614091274, "highway": "service", "name": null, "source": "OpenStreetMap"}, "geometry": {"type": "LineString", "coordinates": [[76.7707588, 30.7315673], [76.7708999, 30.7314857], [76.7711745, 30.7314472]]}}, {"type": "Feature", "properties": {"osm_id": 666595154, "highway": "residential", "name": null, "source": "OpenStreetMap"}, "geometry": {"type": "LineString", "coordinates": [[76.7808438, 30.7388391], [76.7809406, 30.7389093]]}}, {"type": "Feature", "properties": {"osm_id": 666606612, "highway": "residential", "name": null, "source": "OpenStreetMap"}, "geometry": {"type": "LineString", "coordinates": [[76.7801571, 30.7396605], [76.7802595, 30.7397224]]}}, {"type": "Feature", "properties": {"osm_id": 675340429, "highway": "tertiary", "name": null, "source": "OpenStreetMap"}, "geometry": {"type": "LineString", "coordinates": [[76.7865839, 30.7352258], [76.7864774, 30.7352986], [76.7863812, 30.7354106], [76.7863695, 30.7355785]]}}, {"type": "Feature", "properties": {"osm_id": 675340430, "highway": "tertiary", "name": null, "source": "OpenStreetMap"}, "geometry": {"type": "LineString", "coordinates": [[76.7864971, 30.7355819], [76.7865284, 30.7353782], [76.7865839, 30.7352258]]}}, {"type": "Feature", "properties": {"osm_id": 675340431, "highway": "tertiary", "name": null, "source": "OpenStreetMap"}, "geometry": {"type": "LineString", "coordinates": [[76.7875514, 30.7342019], [76.7874721, 30.734288], [76.7865839, 30.7352258]]}}, {"type": "Feature", "properties": {"osm_id": 675340432, "highway": "tertiary", "name": null, "source": "OpenStreetMap"}, "geometry": {"type": "LineString", "coordinates": [[76.7877594, 30.7339863], [76.7875514, 30.7342019]]}}, {"type": "Feature", "properties": {"osm_id": 675342401, "highway": "service", "name": null, "source": "OpenStreetMap"}, "geometry": {"type": "LineString", "coordinates": [[76.7887466, 30.733185], [76.7889628, 30.7333107], [76.7895573, 30.7336573]]}}, {"type": "Feature", "properties": {"osm_id": 675342402, "highway": "service", "name": null, "source": "OpenStreetMap"}, "geometry": {"type": "LineString", "coordinates": [[76.7895573, 30.7336573], [76.7896298, 30.7336746], [76.789678, 30.7336608], [76.7899154, 30.7333703]]}}, {"type": "Feature", "properties": {"osm_id": 675355037, "highway": "residential", "name": null, "source": "OpenStreetMap"}, "geometry": {"type": "LineString", "coordinates": [[76.769557, 30.7359331], [76.7699504, 30.735572], [76.7703071, 30.7352008], [76.7703819, 30.7352382], [76.7706478, 30.7349541]]}}, {"type": "Feature", "properties": {"osm_id": 675916191, "highway": "service", "name": null, "source": "OpenStreetMap"}, "geometry": {"type": "LineString", "coordinates": [[76.7787923, 30.7375458], [76.7790986, 30.7372012], [76.7793971, 30.7368654], [76.7796385, 30.7365806]]}}, {"type": "Feature", "properties": {"osm_id": 675916192, "highway": "service", "name": null, "source": "OpenStreetMap"}, "geometry": {"type": "LineString", "coordinates": [[76.7789669, 30.7376558], [76.7787923, 30.7375458], [76.7784221, 30.7373126]]}}, {"type": "Feature", "properties": {"osm_id": 690017725, "highway": "residential", "name": null, "source": "OpenStreetMap"}, "geometry": {"type": "LineString", "coordinates": [[76.7717062, 30.7372638], [76.7717501, 30.7373334], [76.7717421, 30.7374094], [76.7716482, 30.7375178], [76.7715275, 30.7376792], [76.7714578, 30.7377184], [76.7714088, 30.7377247]]}}, {"type": "Feature", "properties": {"osm_id": 690084940, "highway": "residential", "name": null, "source": "OpenStreetMap"}, "geometry": {"type": "LineString", "coordinates": [[76.7809375, 30.7356529], [76.7810154, 30.7355541]]}}, {"type": "Feature", "properties": {"osm_id": 690098290, "highway": "residential", "name": null, "source": "OpenStreetMap"}, "geometry": {"type": "LineString", "coordinates": [[76.784565, 30.7321382], [76.7851505, 30.7325242], [76.784956, 30.7327466], [76.7848018, 30.732923], [76.7846757, 30.7330602]]}}, {"type": "Feature", "properties": {"osm_id": 690124223, "highway": "secondary_link", "name": null, "source": "OpenStreetMap"}, "geometry": {"type": "LineString", "coordinates": [[76.7839963, 30.7363038], [76.7840883, 30.7362775], [76.7841425, 30.7362505]]}}, {"type": "Feature", "properties": {"osm_id": 690129240, "highway": "residential", "name": null, "source": "OpenStreetMap"}, "geometry": {"type": "LineString", "coordinates": [[76.7822254, 30.7371865], [76.7823257, 30.7372558]]}}, {"type": "Feature", "properties": {"osm_id": 744665533, "highway": "footway", "name": null, "source": "OpenStreetMap"}, "geometry": {"type": "LineString", "coordinates": [[76.7870565, 30.7344469], [76.786957, 30.7343831], [76.7867532, 30.7346263], [76.7868531, 30.7346864], [76.7868062, 30.7347416]]}}, {"type": "Feature", "properties": {"osm_id": 744963372, "highway": "footway", "name": null, "source": "OpenStreetMap"}, "geometry": {"type": "LineString", "coordinates": [[76.7884687, 30.7323929], [76.7887186, 30.7325526], [76.7888021, 30.7324566], [76.7886767, 30.7323791]]}}, {"type": "Feature", "properties": {"osm_id": 755056017, "highway": "residential", "name": null, "source": "OpenStreetMap"}, "geometry": {"type": "LineString", "coordinates": [[76.7799554, 30.7364756], [76.7789669, 30.7376558], [76.7788164, 30.7378356], [76.7786324, 30.7380554], [76.7775404, 30.7393594], [76.7773625, 30.7395718], [76.7771565, 30.7398178], [76.7770774, 30.7399123]]}}, {"type": "Feature", "properties": {"osm_id": 770273819, "highway": "residential", "name": null, "source": "OpenStreetMap"}, "geometry": {"type": "LineString", "coordinates": [[76.7811243, 30.734465], [76.7839963, 30.7363038], [76.7843991, 30.7365587]]}}, {"type": "Feature", "properties": {"osm_id": 792433991, "highway": "residential", "name": null, "source": "OpenStreetMap"}, "geometry": {"type": "LineString", "coordinates": [[76.7732963, 30.7295913], [76.7735348, 30.7297573], [76.7737369, 30.729898]]}}, {"type": "Feature", "properties": {"osm_id": 792433992, "highway": "secondary_link", "name": null, "source": "OpenStreetMap"}, "geometry": {"type": "LineString", "coordinates": [[76.7735933, 30.7296354], [76.7736746, 30.7297275], [76.7737243, 30.7297725], [76.7737712, 30.7298128], [76.7738101, 30.7298601], [76.7738429, 30.7299638]]}}, {"type": "Feature", "properties": {"osm_id": 795222972, "highway": "residential", "name": null, "source": "OpenStreetMap"}, "geometry": {"type": "LineString", "coordinates": [[76.7728438, 30.7293472], [76.7732573, 30.7295658], [76.7732963, 30.7295913]]}}, {"type": "Feature", "properties": {"osm_id": 803763279, "highway": "service", "name": null, "source": "OpenStreetMap"}, "geometry": {"type": "LineString", "coordinates": [[76.7881211, 30.739981], [76.7881411, 30.7396318]]}}, {"type": "Feature", "properties": {"osm_id": 803763302, "highway": "footway", "name": null, "source": "OpenStreetMap"}, "geometry": {"type": "LineString", "coordinates": [[76.7815905, 30.7396746], [76.7816435, 30.739706], [76.7817562, 30.7397728]]}}, {"type": "Feature", "properties": {"osm_id": 803763304, "highway": "footway", "name": null, "source": "OpenStreetMap"}, "geometry": {"type": "LineString", "coordinates": [[76.7826886, 30.7388203], [76.7827074, 30.7387964], [76.7827392, 30.7387558], [76.7833346, 30.7380319], [76.7834942, 30.7379063], [76.7835651, 30.7378735], [76.7836297, 30.7378694], [76.7836962, 30.7378731], [76.7837457, 30.737891], [76.7838034, 30.7379356], [76.7838295, 30.7379708], [76.7838405, 30.7380212], [76.7838442, 30.7380573], [76.7838415, 30.7381241], [76.7835036, 30.7385552], [76.7834416, 30.7385069], [76.783356, 30.7384401]]}}, {"type": "Feature", "properties": {"osm_id": 803763305, "highway": "footway", "name": null, "source": "OpenStreetMap"}, "geometry": {"type": "LineString", "coordinates": [[76.7828755, 30.7392327], [76.782798, 30.7390864], [76.7827527, 30.7390008]]}}, {"type": "Feature", "properties": {"osm_id": 803763306, "highway": "footway", "name": null, "source": "OpenStreetMap"}, "geometry": {"type": "LineString", "coordinates": [[76.7822315, 30.7392591], [76.7822763, 30.7393639], [76.7823288, 30.7394866]]}}, {"type": "Feature", "properties": {"osm_id": 803763307, "highway": "footway", "name": null, "source": "OpenStreetMap"}, "geometry": {"type": "LineString", "coordinates": [[76.7824328, 30.7386686], [76.7821657, 30.7385025]]}}, {"type": "Feature", "properties": {"osm_id": 803763308, "highway": "footway", "name": null, "source": "OpenStreetMap"}, "geometry": {"type": "LineString", "coordinates": [[76.7815796, 30.7399726], [76.7817001, 30.7398271], [76.7817562, 30.7397728], [76.7819399, 30.739565], [76.7823288, 30.7394866], [76.7828755, 30.7392327], [76.7835036, 30.7385552], [76.783842, 30.738789], [76.7839646, 30.7388788]]}}, {"type": "Feature", "properties": {"osm_id": 803763312, "highway": "footway", "name": null, "source": "OpenStreetMap"}, "geometry": {"type": "LineString", "coordinates": [[76.7858183, 30.7406508], [76.7868698, 30.7394682], [76.7869416, 30.7393937]]}}, {"type": "Feature", "properties": {"osm_id": 803763313, "highway": "footway", "name": null, "source": "OpenStreetMap"}, "geometry": {"type": "LineString", "coordinates": [[76.7831853, 30.7408825], [76.7826158, 30.7405378], [76.782479, 30.7405309], [76.7815796, 30.7399726], [76.7811754, 30.7397217], [76.7812918, 30.7395768], [76.7821657, 30.7385025], [76.7823932, 30.7382163], [76.7825567, 30.7381004]]}}, {"type": "Feature", "properties": {"osm_id": 803763314, "highway": "footway", "name": null, "source": "OpenStreetMap"}, "geometry": {"type": "LineString", "coordinates": [[76.7805868, 30.7393317], [76.7806494, 30.7393764], [76.7811754, 30.7397217], [76.7808925, 30.7400664]]}}, {"type": "Feature", "properties": {"osm_id": 803763336, "highway": "pedestrian", "name": null, "source": "OpenStreetMap"}, "geometry": {"type": "LineString", "coordinates": [[76.78264, 30.7387545], [76.7827074, 30.7387964], [76.78277, 30.7388353], [76.7827982, 30.7388457], [76.7828217, 30.7388458], [76.7828471, 30.7388395], [76.7829886, 30.7386682], [76.7829269, 30.738629], [76.7832676, 30.7382163], [76.7834848, 30.7380042], [76.7836176, 30.7379339], [76.7837222, 30.7379202], [76.7837477, 30.7379673], [76.783745, 30.7380964], [76.7836806, 30.7382255], [76.7834416, 30.7385069], [76.7833829, 30.738576], [76.7830905, 30.7388711], [76.7828438, 30.7390647], [76.782798, 30.7390864], [76.7826399, 30.7391615], [76.7826667, 30.739203], [76.782546, 30.7392607], [76.7822763, 30.7393639], [76.7821544, 30.7394105], [76.7818676, 30.739433], [76.7816435, 30.739706], [76.7816077, 30.7397496], [76.7815961, 30.7397633], [76.7817001, 30.7398271], [76.7817604, 30.7398669], [76.7819751, 30.7396083], [76.782018, 30.7396346], [76.7820635, 30.7396625], [76.7821104, 30.7396889], [76.782156, 30.7397169], [76.7822028, 30.7397433], [76.7822484, 30.7397712], [76.7822939, 30.7397992], [76.7823408, 30.7398256], [76.7823864, 30.7398535], [76.7824329, 30.7398802], [76.7824785, 30.7399082], [76.7825396, 30.7398541], [76.7825717, 30.7398148], [76.7826039, 30.7397755], [76.782636, 30.7397362], [76.7826681, 30.7396968], [76.7827002, 30.7396575], [76.7827323, 30.7396182], [76.7827644, 30.7395789], [76.7827965, 30.7395396], [76.7828286, 30.7395003], [76.7828607, 30.739461], [76.7828928, 30.7394217], [76.782925, 30.7393824], [76.7829571, 30.7393431], [76.7830213, 30.7392645], [76.7830534, 30.7392252], [76.7830855, 30.7391859], [76.7831176, 30.7391466], [76.7831497, 30.7391072], [76.7831818, 30.7390679], [76.7832139, 30.7390286], [76.7832461, 30.7389893], [76.7832782, 30.73895], [76.7833103, 30.7389107], [76.7833424, 30.7388714], [76.7833745, 30.7388321], [76.7834066, 30.7387928], [76.7834387, 30.7387535], [76.7834708, 30.7387142], [76.7835029, 30.7386749], [76.7837852, 30.7388453], [76.783842, 30.738789], [76.7839031, 30.7387286], [76.7835968, 30.7385428], [76.784103, 30.7379264], [76.7841347, 30.7378879], [76.7841663, 30.7378494], [76.7841979, 30.7378109], [76.7842439, 30.7377518], [76.7842291, 30.7377362], [76.7837785, 30.7378694], [76.7837677, 30.7378636], [76.783749, 30.7378515], [76.7839488, 30.7375789], [76.7837477, 30.7374613], [76.7837109, 30.7375], [76.7836484, 30.737573], [76.783586, 30.7376459], [76.7835235, 30.7377189], [76.783461, 30.7377918], [76.7833985, 30.7378648], [76.783336, 30.7379377], [76.7832735, 30.7380107], [76.7832111, 30.7380836], [76.7831486, 30.7381566], [76.7830861, 30.7382295], [76.7830236, 30.7383025], [76.7829611, 30.7383754], [76.7828986, 30.7384485], [76.7828364, 30.7385215], [76.7827701, 30.7385992], [76.7827054, 30.7386768], [76.78264, 30.7387545]]}}, {"type": "Feature", "properties": {"osm_id": 827907976, "highway": "tertiary", "name": null, "source": "OpenStreetMap"}, "geometry": {"type": "LineString", "coordinates": [[76.7863887, 30.7358417], [76.7863649, 30.7359569], [76.7863099, 30.7361691], [76.7862811, 30.7362614]]}}, {"type": "Feature", "properties": {"osm_id": 827907977, "highway": "tertiary", "name": null, "source": "OpenStreetMap"}, "geometry": {"type": "LineString", "coordinates": [[76.7862811, 30.7362614], [76.7863642, 30.736202], [76.7864553, 30.7360188], [76.7865095, 30.7358274]]}}, {"type": "Feature", "properties": {"osm_id": 994188281, "highway": "residential", "name": null, "source": "OpenStreetMap"}, "geometry": {"type": "LineString", "coordinates": [[76.7712292, 30.7309691], [76.7712471, 30.7313512]]}}, {"type": "Feature", "properties": {"osm_id": 994188282, "highway": "residential", "name": null, "source": "OpenStreetMap"}, "geometry": {"type": "LineString", "coordinates": [[76.7705023, 30.7326891], [76.7708509, 30.7322207], [76.7709743, 30.7322575], [76.7716501, 30.7327046], [76.7716823, 30.7327415], [76.7721434, 30.7330288]]}}, {"type": "Feature", "properties": {"osm_id": 994188286, "highway": "residential", "name": null, "source": "OpenStreetMap"}, "geometry": {"type": "LineString", "coordinates": [[76.775014, 30.7348585], [76.7754967, 30.7353012], [76.7760233, 30.7356563]]}}, {"type": "Feature", "properties": {"osm_id": 994188287, "highway": "residential", "name": null, "source": "OpenStreetMap"}, "geometry": {"type": "LineString", "coordinates": [[76.7792413, 30.7407564], [76.7773625, 30.7395718]]}}, {"type": "Feature", "properties": {"osm_id": 994245034, "highway": "residential", "name": null, "source": "OpenStreetMap"}, "geometry": {"type": "LineString", "coordinates": [[76.7888309, 30.7310028], [76.7885488, 30.7313177]]}}, {"type": "Feature", "properties": {"osm_id": 994245035, "highway": "residential", "name": null, "source": "OpenStreetMap"}, "geometry": {"type": "LineString", "coordinates": [[76.7878166, 30.7339167], [76.7876739, 30.733804], [76.7876042, 30.733781], [76.7872127, 30.7335643], [76.7869232, 30.7333938], [76.7866872, 30.7332739]]}}, {"type": "Feature", "properties": {"osm_id": 994245036, "highway": "residential", "name": null, "source": "OpenStreetMap"}, "geometry": {"type": "LineString", "coordinates": [[76.7876042, 30.733781], [76.7873897, 30.7340713], [76.787379, 30.7340852]]}}, {"type": "Feature", "properties": {"osm_id": 994245037, "highway": "residential", "name": null, "source": "OpenStreetMap"}, "geometry": {"type": "LineString", "coordinates": [[76.7872127, 30.7335643], [76.7869765, 30.7339369]]}}, {"type": "Feature", "properties": {"osm_id": 994277646, "highway": "residential", "name": null, "source": "OpenStreetMap"}, "geometry": {"type": "LineString", "coordinates": [[76.7791534, 30.7389226], [76.7794515, 30.7390955]]}}, {"type": "Feature", "properties": {"osm_id": 994277649, "highway": "residential", "name": null, "source": "OpenStreetMap"}, "geometry": {"type": "LineString", "coordinates": [[76.7811994, 30.7297535], [76.7811404, 30.7298185], [76.7810546, 30.7299015], [76.7804701, 30.7305984]]}}, {"type": "Feature", "properties": {"osm_id": 994277652, "highway": "service", "name": null, "source": "OpenStreetMap"}, "geometry": {"type": "LineString", "coordinates": [[76.7788164, 30.7378356], [76.7784796, 30.7376406], [76.7782803, 30.7375908]]}}, {"type": "Feature", "properties": {"osm_id": 994277653, "highway": "residential", "name": null, "source": "OpenStreetMap"}, "geometry": {"type": "LineString", "coordinates": [[76.773696, 30.739146], [76.7740388, 30.7391478], [76.774312, 30.7391665], [76.7744207, 30.739174]]}}, {"type": "Feature", "properties": {"osm_id": 1024156793, "highway": "service", "name": null, "source": "OpenStreetMap"}, "geometry": {"type": "LineString", "coordinates": [[76.77734, 30.7361011], [76.7771879, 30.7359948]]}}, {"type": "Feature", "properties": {"osm_id": 1031897148, "highway": "secondary", "name": "Udyog Path", "source": "OpenStreetMap"}, "geometry": {"type": "LineString", "coordinates": [[76.7801595, 30.7328338], [76.7800371, 30.7329713], [76.7799799, 30.733021], [76.7798967, 30.7330667], [76.7797687, 30.7331288]]}}, {"type": "Feature", "properties": {"osm_id": 1031897149, "highway": "secondary", "name": "Udyog Path", "source": "OpenStreetMap"}, "geometry": {"type": "LineString", "coordinates": [[76.7800275, 30.7333023], [76.7800528, 30.7331716], [76.7800649, 30.7331364], [76.7800824, 30.7331043], [76.7801154, 30.7330494], [76.780236, 30.7328761]]}}, {"type": "Feature", "properties": {"osm_id": 1031897150, "highway": "secondary", "name": "Himalaya Marg", "source": "OpenStreetMap"}, "geometry": {"type": "LineString", "coordinates": [[76.7802572, 30.7338159], [76.7806748, 30.7340777]]}}, {"type": "Feature", "properties": {"osm_id": 1031897151, "highway": "secondary", "name": "Himalaya Marg", "source": "OpenStreetMap"}, "geometry": {"type": "LineString", "coordinates": [[76.7798941, 30.7336776], [76.780063, 30.7337157], [76.7802572, 30.7338159]]}}, {"type": "Feature", "properties": {"osm_id": 1031897152, "highway": "residential", "name": null, "source": "OpenStreetMap"}, "geometry": {"type": "LineString", "coordinates": [[76.7843991, 30.7365587], [76.7844768, 30.7370189]]}}, {"type": "Feature", "properties": {"osm_id": 1031897153, "highway": "residential", "name": null, "source": "OpenStreetMap"}, "geometry": {"type": "LineString", "coordinates": [[76.7844768, 30.7370189], [76.7850715, 30.7369702]]}}, {"type": "Feature", "properties": {"osm_id": 1031897154, "highway": "secondary", "name": "Himalaya Marg", "source": "OpenStreetMap"}, "geometry": {"type": "LineString", "coordinates": [[76.7891961, 30.7393002], [76.7876427, 30.7383273]]}}, {"type": "Feature", "properties": {"osm_id": 1031897155, "highway": "secondary", "name": "Himalaya Marg", "source": "OpenStreetMap"}, "geometry": {"type": "LineString", "coordinates": [[76.7802986, 30.7337598], [76.780131, 30.7336354], [76.7800449, 30.7335037]]}}, {"type": "Feature", "properties": {"osm_id": 1031897156, "highway": "secondary", "name": "Himalaya Marg", "source": "OpenStreetMap"}, "geometry": {"type": "LineString", "coordinates": [[76.7876427, 30.7383273], [76.7856413, 30.7370807]]}}, {"type": "Feature", "properties": {"osm_id": 1031897157, "highway": "secondary", "name": "Himalaya Marg", "source": "OpenStreetMap"}, "geometry": {"type": "LineString", "coordinates": [[76.7903312, 30.7400111], [76.7891961, 30.7393002]]}}, {"type": "Feature", "properties": {"osm_id": 1031897159, "highway": "path", "name": null, "source": "OpenStreetMap"}, "geometry": {"type": "LineString", "coordinates": [[76.781988, 30.7339394], [76.7815061, 30.734499]]}}, {"type": "Feature", "properties": {"osm_id": 1034047277, "highway": "secondary", "name": "Sarovar Path", "source": "OpenStreetMap"}, "geometry": {"type": "LineString", "coordinates": [[76.7850141, 30.7279152], [76.785267, 30.7280243], [76.7853927, 30.7281005], [76.7889557, 30.7302594]]}}, {"type": "Feature", "properties": {"osm_id": 1034047278, "highway": "secondary", "name": "Sarovar Path", "source": "OpenStreetMap"}, "geometry": {"type": "LineString", "coordinates": [[76.7890386, 30.7302121], [76.7853992, 30.727964], [76.785152, 30.7277828]]}}, {"type": "Feature", "properties": {"osm_id": 1034047279, "highway": "secondary", "name": "Sarovar Path", "source": "OpenStreetMap"}, "geometry": {"type": "LineString", "coordinates": [[76.7889557, 30.7302594], [76.7898665, 30.730821], [76.7901578, 30.7310092], [76.7903016, 30.731093], [76.7906618, 30.731303]]}}, {"type": "Feature", "properties": {"osm_id": 1034047280, "highway": "secondary", "name": "Sarovar Path", "source": "OpenStreetMap"}, "geometry": {"type": "LineString", "coordinates": [[76.7907202, 30.731256], [76.7904444, 30.7310682], [76.7903395, 30.7309975], [76.7890386, 30.7302121]]}}, {"type": "Feature", "properties": {"osm_id": 1055679943, "highway": "residential", "name": null, "source": "OpenStreetMap"}, "geometry": {"type": "LineString", "coordinates": [[76.7735348, 30.7297573], [76.7731147, 30.7302327]]}}, {"type": "Feature", "properties": {"osm_id": 1055683293, "highway": "tertiary", "name": null, "source": "OpenStreetMap"}, "geometry": {"type": "LineString", "coordinates": [[76.7745935, 30.7392021], [76.7737702, 30.7392476], [76.7733179, 30.7392872]]}}, {"type": "Feature", "properties": {"osm_id": 1055683294, "highway": "residential", "name": null, "source": "OpenStreetMap"}, "geometry": {"type": "LineString", "coordinates": [[76.771549, 30.7359667], [76.7720471, 30.7361686], [76.7722479, 30.7361686]]}}, {"type": "Feature", "properties": {"osm_id": 1055683298, "highway": "residential", "name": null, "source": "OpenStreetMap"}, "geometry": {"type": "LineString", "coordinates": [[76.7795872, 30.7396954], [76.7798212, 30.7397378], [76.7799885, 30.7398622], [76.7800845, 30.7399313]]}}, {"type": "Feature", "properties": {"osm_id": 1061496837, "highway": "secondary", "name": "Jan Marg", "source": "OpenStreetMap"}, "geometry": {"type": "LineString", "coordinates": [[76.773291, 30.7395042], [76.7735277, 30.7396795], [76.7735693, 30.7397103], [76.7737014, 30.7398094]]}}, {"type": "Feature", "properties": {"osm_id": 1061496838, "highway": "secondary", "name": null, "source": "OpenStreetMap"}, "geometry": {"type": "LineString", "coordinates": [[76.7739751, 30.7393684], [76.7739075, 30.7394067], [76.7737558, 30.7395623], [76.7736982, 30.7397193], [76.7737016, 30.739753], [76.7737014, 30.7398094]]}}, {"type": "Feature", "properties": {"osm_id": 1061496839, "highway": "secondary", "name": null, "source": "OpenStreetMap"}, "geometry": {"type": "LineString", "coordinates": [[76.7737014, 30.7398094], [76.7737737, 30.7400258]]}}, {"type": "Feature", "properties": {"osm_id": 1061496845, "highway": "secondary", "name": "Udyog Path", "source": "OpenStreetMap"}, "geometry": {"type": "LineString", "coordinates": [[76.7793844, 30.7335329], [76.7793581, 30.7336949], [76.7792602, 30.7338553], [76.7791867, 30.7339408]]}}, {"type": "Feature", "properties": {"osm_id": 1061964631, "highway": "secondary", "name": "Himalaya Marg", "source": "OpenStreetMap"}, "geometry": {"type": "LineString", "coordinates": [[76.774065, 30.729809], [76.7735928, 30.7295134], [76.7705682, 30.7276197], [76.7691378, 30.7267363]]}}, {"type": "Feature", "properties": {"osm_id": 1061964632, "highway": "secondary", "name": "Himalaya Marg", "source": "OpenStreetMap"}, "geometry": {"type": "LineString", "coordinates": [[76.7741406, 30.7298548], [76.774065, 30.729809]]}}, {"type": "Feature", "properties": {"osm_id": 1061964633, "highway": "secondary", "name": "Himalaya Marg", "source": "OpenStreetMap"}, "geometry": {"type": "LineString", "coordinates": [[76.7795732, 30.7331493], [76.7793568, 30.7330916], [76.7791812, 30.7330113]]}}, {"type": "Feature", "properties": {"osm_id": 1061964635, "highway": "secondary", "name": "Himalaya Marg", "source": "OpenStreetMap"}, "geometry": {"type": "LineString", "coordinates": [[76.779109, 30.7330832], [76.7792517, 30.7331922], [76.7793687, 30.7333595]]}}, {"type": "Feature", "properties": {"osm_id": 1062538285, "highway": "secondary", "name": "Himalaya Marg", "source": "OpenStreetMap"}, "geometry": {"type": "LineString", "coordinates": [[76.7690605, 30.7268332], [76.7694035, 30.7270458], [76.7704938, 30.7276977], [76.7733693, 30.7294952], [76.7735933, 30.7296354]]}}, {"type": "Feature", "properties": {"osm_id": 1062538286, "highway": "secondary", "name": "Himalaya Marg", "source": "OpenStreetMap"}, "geometry": {"type": "LineString", "coordinates": [[76.7746316, 30.7301648], [76.7744831, 30.730071], [76.7741406, 30.7298548]]}}, {"type": "Feature", "properties": {"osm_id": 1090405981, "highway": "residential", "name": null, "source": "OpenStreetMap"}, "geometry": {"type": "LineString", "coordinates": [[76.7719345, 30.734099], [76.772083, 30.733899], [76.7718962, 30.7337269]]}}, {"type": "Feature", "properties": {"osm_id": 1099972618, "highway": "residential", "name": null, "source": "OpenStreetMap"}, "geometry": {"type": "LineString", "coordinates": [[76.7890211, 30.7394443], [76.7884956, 30.7400665]]}}, {"type": "Feature", "properties": {"osm_id": 1110946160, "highway": "living_street", "name": null, "source": "OpenStreetMap"}, "geometry": {"type": "LineString", "coordinates": [[76.7904589, 30.7297627], [76.7902757, 30.7299763], [76.790172, 30.7300973], [76.79013, 30.7301463], [76.7900868, 30.7301967], [76.7899875, 30.7303125], [76.789847, 30.7304763]]}}, {"type": "Feature", "properties": {"osm_id": 1115168005, "highway": "tertiary", "name": null, "source": "OpenStreetMap"}, "geometry": {"type": "LineString", "coordinates": [[76.7733179, 30.7392872], [76.7729325, 30.7390178], [76.7686202, 30.7363411], [76.7640121, 30.7334943], [76.7638663, 30.7335092]]}}, {"type": "Feature", "properties": {"osm_id": 1120081858, "highway": "residential", "name": null, "source": "OpenStreetMap"}, "geometry": {"type": "LineString", "coordinates": [[76.7718472, 30.7378183], [76.7716822, 30.7380071]]}}, {"type": "Feature", "properties": {"osm_id": 1120269899, "highway": "residential", "name": null, "source": "OpenStreetMap"}, "geometry": {"type": "LineString", "coordinates": [[76.7896576, 30.7315301], [76.7895869, 30.7315004], [76.7895379, 30.7315165], [76.7894842, 30.7315767], [76.7893324, 30.7317955], [76.7889938, 30.7322089], [76.7888607, 30.7323755], [76.7888677, 30.7324137], [76.7889191, 30.7324538], [76.7889825, 30.7324851]]}}, {"type": "Feature", "properties": {"osm_id": 1144576999, "highway": "secondary_link", "name": null, "source": "OpenStreetMap"}, "geometry": {"type": "LineString", "coordinates": [[76.7840489, 30.7272292], [76.7841544, 30.7274046], [76.784248, 30.7275602], [76.7843208, 30.7278522], [76.7843241, 30.7281505]]}}, {"type": "Feature", "properties": {"osm_id": 1146931882, "highway": "service", "name": null, "source": "OpenStreetMap"}, "geometry": {"type": "LineString", "coordinates": [[76.774312, 30.7391665], [76.7749118, 30.7384346], [76.776116, 30.7369945]]}}, {"type": "Feature", "properties": {"osm_id": 1150599206, "highway": "secondary_link", "name": null, "source": "OpenStreetMap"}, "geometry": {"type": "LineString", "coordinates": [[76.7737729, 30.7302495], [76.7738138, 30.7302229], [76.7738739, 30.7301904], [76.7739038, 30.7301793], [76.7739573, 30.7301689], [76.7740135, 30.7301653], [76.7740983, 30.7301674], [76.7741863, 30.7301773], [76.7742509, 30.7301887], [76.7743194, 30.7302074], [76.7744712, 30.7302576], [76.7745423, 30.7302741], [76.7746564, 30.7302951]]}}, {"type": "Feature", "properties": {"osm_id": 1176523494, "highway": "tertiary", "name": null, "source": "OpenStreetMap"}, "geometry": {"type": "LineString", "coordinates": [[76.7878166, 30.7339167], [76.7877594, 30.7339863]]}}, {"type": "Feature", "properties": {"osm_id": 1189629741, "highway": "service", "name": null, "source": "OpenStreetMap"}, "geometry": {"type": "LineString", "coordinates": [[76.7854504, 30.7357798], [76.7856084, 30.7358855], [76.7856604, 30.7358971], [76.7857151, 30.7358872], [76.785787, 30.7358228], [76.785797, 30.7358027], [76.785793, 30.7357878], [76.7855644, 30.7356404]]}}, {"type": "Feature", "properties": {"osm_id": 1190312651, "highway": "residential", "name": null, "source": "OpenStreetMap"}, "geometry": {"type": "LineString", "coordinates": [[76.7748787, 30.7333317], [76.7748339, 30.7332726]]}}, {"type": "Feature", "properties": {"osm_id": 1190312965, "highway": "residential", "name": null, "source": "OpenStreetMap"}, "geometry": {"type": "LineString", "coordinates": [[76.7762703, 30.7325806], [76.7762371, 30.7324882], [76.7759154, 30.7322714], [76.7757409, 30.7321377]]}}, {"type": "Feature", "properties": {"osm_id": 1190313745, "highway": "residential", "name": null, "source": "OpenStreetMap"}, "geometry": {"type": "LineString", "coordinates": [[76.7795486, 30.730408], [76.7797593, 30.7301779], [76.779798, 30.7301133], [76.7797837, 30.7300993], [76.7795825, 30.7299734], [76.7786718, 30.7294038], [76.7785865, 30.7293586]]}}, {"type": "Feature", "properties": {"osm_id": 1202238032, "highway": "path", "name": null, "source": "OpenStreetMap"}, "geometry": {"type": "LineString", "coordinates": [[76.7854443, 30.7372037], [76.7855157, 30.7371123]]}}, {"type": "Feature", "properties": {"osm_id": 1213766504, "highway": "tertiary", "name": null, "source": "OpenStreetMap"}, "geometry": {"type": "LineString", "coordinates": [[76.7901578, 30.7310092], [76.7900426, 30.7310817], [76.789918, 30.7311784], [76.7898514, 30.7312682], [76.7896576, 30.7315301]]}}, {"type": "Feature", "properties": {"osm_id": 1213766505, "highway": "tertiary", "name": null, "source": "OpenStreetMap"}, "geometry": {"type": "LineString", "coordinates": [[76.7896576, 30.7315301], [76.7898443, 30.7314567], [76.7899704, 30.731323], [76.7901367, 30.73118], [76.7903016, 30.731093], [76.7904444, 30.7310682]]}}, {"type": "Feature", "properties": {"osm_id": 1213766507, "highway": "secondary", "name": "Himalaya Marg", "source": "OpenStreetMap"}, "geometry": {"type": "LineString", "coordinates": [[76.7855813, 30.7371521], [76.7862963, 30.7375989], [76.7864815, 30.7377149], [76.7896929, 30.7397253], [76.7902647, 30.7400833]]}}, {"type": "Feature", "properties": {"osm_id": 1213766508, "highway": "secondary", "name": "Udyog Path", "source": "OpenStreetMap"}, "geometry": {"type": "LineString", "coordinates": [[76.7792541, 30.7339761], [76.7793357, 30.7338805], [76.7795213, 30.7337701], [76.7796775, 30.7337223]]}}, {"type": "Feature", "properties": {"osm_id": 1213766509, "highway": "secondary", "name": null, "source": "OpenStreetMap"}, "geometry": {"type": "LineString", "coordinates": [[76.7747904, 30.7398045], [76.7747659, 30.739639], [76.7746678, 30.7394825]]}}, {"type": "Feature", "properties": {"osm_id": 1213766512, "highway": "residential", "name": null, "source": "OpenStreetMap"}, "geometry": {"type": "LineString", "coordinates": [[76.7791407, 30.741058], [76.779041, 30.7409956], [76.7771565, 30.7398178], [76.7767758, 30.7395798], [76.7754043, 30.7387226]]}}, {"type": "Feature", "properties": {"osm_id": 1213771364, "highway": "secondary", "name": null, "source": "OpenStreetMap"}, "geometry": {"type": "LineString", "coordinates": [[76.7745755, 30.7401551], [76.7746433, 30.7400859], [76.7747288, 30.7399986], [76.7747904, 30.7398045]]}}, {"type": "Feature", "properties": {"osm_id": 1213771365, "highway": "secondary", "name": null, "source": "OpenStreetMap"}, "geometry": {"type": "LineString", "coordinates": [[76.7746678, 30.7394825], [76.7744962, 30.7393622], [76.7743536, 30.7393293]]}}, {"type": "Feature", "properties": {"osm_id": 1213771366, "highway": "secondary", "name": "Junction 27", "source": "OpenStreetMap"}, "geometry": {"type": "LineString", "coordinates": [[76.7796775, 30.7337223], [76.7797482, 30.7337216], [76.7798084, 30.733711], [76.7798468, 30.7336991], [76.7798941, 30.7336776], [76.7799408, 30.7336475], [76.7800154, 30.7335665], [76.780032, 30.7335361], [76.7800449, 30.7335037]]}}, {"type": "Feature", "properties": {"osm_id": 1213771367, "highway": "tertiary", "name": null, "source": "OpenStreetMap"}, "geometry": {"type": "LineString", "coordinates": [[76.7855813, 30.7371521], [76.7856413, 30.7370807]]}}, {"type": "Feature", "properties": {"osm_id": 1213999488, "highway": "secondary", "name": "Junction 27", "source": "OpenStreetMap"}, "geometry": {"type": "LineString", "coordinates": [[76.7800449, 30.7335037], [76.7800533, 30.7334503], [76.7800575, 30.7334234], [76.7800497, 30.7333608], [76.7800275, 30.7333023]]}}, {"type": "Feature", "properties": {"osm_id": 1213999489, "highway": "secondary", "name": "Junction 27", "source": "OpenStreetMap"}, "geometry": {"type": "LineString", "coordinates": [[76.7793844, 30.7335329], [76.7794096, 30.7335771], [76.77944, 30.733611], [76.7794607, 30.733634], [76.7795398, 30.7336858], [76.7796228, 30.7337142], [76.7796775, 30.7337223]]}}, {"type": "Feature", "properties": {"osm_id": 1214001331, "highway": "secondary", "name": "Junction 27", "source": "OpenStreetMap"}, "geometry": {"type": "LineString", "coordinates": [[76.7800275, 30.7333023], [76.7799914, 30.7332483], [76.7799606, 30.7332167], [76.779881, 30.7331634], [76.7797687, 30.7331288]]}}, {"type": "Feature", "properties": {"osm_id": 1214982439, "highway": "secondary", "name": "Junction 27", "source": "OpenStreetMap"}, "geometry": {"type": "LineString", "coordinates": [[76.7797687, 30.7331288], [76.7796839, 30.7331251], [76.7796238, 30.7331334], [76.7795917, 30.7331418], [76.7795732, 30.7331493]]}}, {"type": "Feature", "properties": {"osm_id": 1215046475, "highway": "secondary", "name": "Jan Marg", "source": "OpenStreetMap"}, "geometry": {"type": "LineString", "coordinates": [[76.767687, 30.7359779], [76.7684984, 30.7364829], [76.7720153, 30.7386719], [76.772064, 30.7387022], [76.773291, 30.7395042]]}}, {"type": "Feature", "properties": {"osm_id": 1215055460, "highway": "tertiary", "name": null, "source": "OpenStreetMap"}, "geometry": {"type": "LineString", "coordinates": [[76.7790707, 30.7344586], [76.7791111, 30.7343908], [76.7791846, 30.7342677], [76.7792009, 30.7342288], [76.7792244, 30.7341379], [76.7792291, 30.7340873], [76.7792201, 30.7340588], [76.7792024, 30.7340367]]}}, {"type": "Feature", "properties": {"osm_id": 1215055461, "highway": "tertiary", "name": null, "source": "OpenStreetMap"}, "geometry": {"type": "LineString", "coordinates": [[76.7777108, 30.7360402], [76.778721, 30.7348653], [76.7790707, 30.7344586]]}}, {"type": "Feature", "properties": {"osm_id": 1215055462, "highway": "secondary", "name": "Udyog Path", "source": "OpenStreetMap"}, "geometry": {"type": "LineString", "coordinates": [[76.7792024, 30.7340367], [76.7792541, 30.7339761]]}}, {"type": "Feature", "properties": {"osm_id": 1215055463, "highway": "secondary", "name": "Udyog Path", "source": "OpenStreetMap"}, "geometry": {"type": "LineString", "coordinates": [[76.7746678, 30.7394825], [76.7747599, 30.7392766], [76.7748753, 30.7391204], [76.7749066, 30.7390781]]}}, {"type": "Feature", "properties": {"osm_id": 1215055464, "highway": "secondary", "name": "Himalaya Marg", "source": "OpenStreetMap"}, "geometry": {"type": "LineString", "coordinates": [[76.7735933, 30.7296354], [76.7739987, 30.7298891]]}}, {"type": "Feature", "properties": {"osm_id": 1215055465, "highway": "tertiary", "name": null, "source": "OpenStreetMap"}, "geometry": {"type": "LineString", "coordinates": [[76.774065, 30.729809], [76.7739987, 30.7298891]]}}, {"type": "Feature", "properties": {"osm_id": 1215057723, "highway": "secondary", "name": null, "source": "OpenStreetMap"}, "geometry": {"type": "LineString", "coordinates": [[76.7743536, 30.7393293], [76.7742662, 30.7393092], [76.7740778, 30.7393304], [76.7740412, 30.7393439], [76.7739751, 30.7393684]]}}, {"type": "Feature", "properties": {"osm_id": 1222204968, "highway": "footway", "name": null, "source": "OpenStreetMap"}, "geometry": {"type": "LineString", "coordinates": [[76.7786557, 30.7288706], [76.7787404, 30.7287787], [76.7787886, 30.7287407], [76.7788831, 30.7287044], [76.7789283, 30.7286946], [76.7791525, 30.7286456], [76.7793692, 30.7286219], [76.779452, 30.7285679], [76.7798762, 30.7285057], [76.7799507, 30.7284945], [76.7805476, 30.7283415]]}}, {"type": "Feature", "properties": {"osm_id": 1222204969, "highway": "footway", "name": null, "source": "OpenStreetMap"}, "geometry": {"type": "LineString", "coordinates": [[76.7785086, 30.7287766], [76.7785889, 30.7287461], [76.7786939, 30.7287195], [76.7788515, 30.7286996], [76.7789283, 30.7286946]]}}, {"type": "Feature", "properties": {"osm_id": 1222204970, "highway": "footway", "name": null, "source": "OpenStreetMap"}, "geometry": {"type": "LineString", "coordinates": [[76.7793692, 30.7286219], [76.7792631, 30.728666], [76.7791801, 30.7287378], [76.7791295, 30.7288292], [76.779117, 30.7289299], [76.779144, 30.7290284], [76.7792075, 30.7291137], [76.7793003, 30.729176], [76.779412, 30.7292084], [76.7795297, 30.7292071], [76.7796404, 30.7291723], [76.779687, 30.7291448], [76.7797578, 30.7290903], [76.7797991, 30.7290049], [76.7798166, 30.7289124], [76.7797781, 30.7287705], [76.7797207, 30.7287041], [76.7796463, 30.7286528], [76.7795584, 30.7286206], [76.7794637, 30.72861], [76.7793692, 30.7286219]]}}, {"type": "Feature", "properties": {"osm_id": 1222204971, "highway": "footway", "name": null, "source": "OpenStreetMap"}, "geometry": {"type": "LineString", "coordinates": [[76.7798148, 30.7288396], [76.7797781, 30.7287705], [76.7797694, 30.7287021], [76.7797846, 30.7286346], [76.7798225, 30.7285741], [76.7798795, 30.7285259], [76.7799507, 30.7284945], [76.7800354, 30.7284826], [76.7801202, 30.7284945], [76.7801961, 30.7285289], [76.7802553, 30.7285824], [76.7802917, 30.7286492], [76.7803014, 30.7287226], [76.7802835, 30.7287947], [76.7802397, 30.7288583], [76.7801991, 30.728892], [76.7801511, 30.7289176], [76.7800979, 30.728934], [76.7800407, 30.7289451], [76.7799544, 30.7289295], [76.7798758, 30.7288947], [76.7798148, 30.7288396]]}}, {"type": "Feature", "properties": {"osm_id": 1222204972, "highway": "footway", "name": null, "source": "OpenStreetMap"}, "geometry": {"type": "LineString", "coordinates": [[76.7797578, 30.7290903], [76.7797878, 30.7290337], [76.779836, 30.7289874], [76.7798981, 30.7289555], [76.7799685, 30.728941], [76.7800407, 30.7289451], [76.7801087, 30.7289678], [76.7801657, 30.7290071], [76.7802063, 30.7290592], [76.7802274, 30.7291237], [76.7802234, 30.7291906], [76.7801946, 30.7292529], [76.7801442, 30.729304], [76.7800773, 30.7293385], [76.7800012, 30.7293528], [76.7799237, 30.7293453], [76.779853, 30.7293169], [76.7797967, 30.7292706], [76.7797607, 30.7292111], [76.7797487, 30.7291509], [76.7797578, 30.7290903]]}}, {"type": "Feature", "properties": {"osm_id": 1222204973, "highway": "footway", "name": null, "source": "OpenStreetMap"}, "geometry": {"type": "LineString", "coordinates": [[76.7796404, 30.7291723], [76.779672, 30.7291772], [76.779709, 30.7291902], [76.7797607, 30.7292111]]}}, {"type": "Feature", "properties": {"osm_id": 1222204974, "highway": "footway", "name": null, "source": "OpenStreetMap"}, "geometry": {"type": "LineString", "coordinates": [[76.7802397, 30.7288583], [76.7802164, 30.7289285], [76.7802068, 30.7289921], [76.7802063, 30.7290592], [76.7807692, 30.7293766]]}}, {"type": "Feature", "properties": {"osm_id": 1225419440, "highway": "footway", "name": null, "source": "OpenStreetMap"}, "geometry": {"type": "LineString", "coordinates": [[76.7794448, 30.7329851], [76.7794335, 30.7330503], [76.7794312, 30.7330635]]}}, {"type": "Feature", "properties": {"osm_id": 1255671461, "highway": "service", "name": null, "source": "OpenStreetMap"}, "geometry": {"type": "LineString", "coordinates": [[76.7781484, 30.7327201], [76.7785458, 30.7327311]]}}, {"type": "Feature", "properties": {"osm_id": 1260545913, "highway": "residential", "name": null, "source": "OpenStreetMap"}, "geometry": {"type": "LineString", "coordinates": [[76.7727126, 30.7352951], [76.7721694, 30.7349597]]}}, {"type": "Feature", "properties": {"osm_id": 1260548044, "highway": "residential", "name": null, "source": "OpenStreetMap"}, "geometry": {"type": "LineString", "coordinates": [[76.7721931, 30.7366893], [76.7723582, 30.7364984], [76.7724335, 30.7364164]]}}, {"type": "Feature", "properties": {"osm_id": 1261366816, "highway": "residential", "name": null, "source": "OpenStreetMap"}, "geometry": {"type": "LineString", "coordinates": [[76.7847892, 30.7366553], [76.7847325, 30.7367213], [76.7844768, 30.7370189], [76.7843708, 30.7371423], [76.7840897, 30.7374695], [76.7840072, 30.7375654], [76.7837843, 30.7378429]]}}, {"type": "Feature", "properties": {"osm_id": 1274770727, "highway": "residential", "name": null, "source": "OpenStreetMap"}, "geometry": {"type": "LineString", "coordinates": [[76.7728066, 30.7359709], [76.7721432, 30.7355975]]}}, {"type": "Feature", "properties": {"osm_id": 1274770728, "highway": "residential", "name": null, "source": "OpenStreetMap"}, "geometry": {"type": "LineString", "coordinates": [[76.7728066, 30.7359709], [76.7724335, 30.7364164]]}}, {"type": "Feature", "properties": {"osm_id": 1274771106, "highway": "service", "name": null, "source": "OpenStreetMap"}, "geometry": {"type": "LineString", "coordinates": [[76.7769883, 30.7400005], [76.7769757, 30.7399963], [76.7768228, 30.7398945], [76.7767209, 30.739829], [76.7767095, 30.7398028], [76.7767163, 30.7397719], [76.7767542, 30.7397356], [76.7767701, 30.7397205]]}}, {"type": "Feature", "properties": {"osm_id": 1274771107, "highway": "service", "name": null, "source": "OpenStreetMap"}, "geometry": {"type": "LineString", "coordinates": [[76.7770774, 30.7399123], [76.7770577, 30.7399377], [76.7770154, 30.7399924], [76.777005, 30.7399982], [76.7769883, 30.7400005]]}}, {"type": "Feature", "properties": {"osm_id": 1275175937, "highway": "residential", "name": null, "source": "OpenStreetMap"}, "geometry": {"type": "LineString", "coordinates": [[76.7810775, 30.734435], [76.7809459, 30.7345981], [76.7806884, 30.7349077], [76.7804407, 30.7351957], [76.780358, 30.7352918], [76.780206, 30.7354685], [76.7795525, 30.7362193], [76.779598, 30.7362515]]}}, {"type": "Feature", "properties": {"osm_id": 1275175938, "highway": "residential", "name": null, "source": "OpenStreetMap"}, "geometry": {"type": "LineString", "coordinates": [[76.7803981, 30.7353168], [76.780358, 30.7352918]]}}, {"type": "Feature", "properties": {"osm_id": 1275175939, "highway": "residential", "name": null, "source": "OpenStreetMap"}, "geometry": {"type": "LineString", "coordinates": [[76.7804804, 30.7352208], [76.7804407, 30.7351957]]}}, {"type": "Feature", "properties": {"osm_id": 1275179465, "highway": "secondary", "name": "Himalaya Marg", "source": "OpenStreetMap"}, "geometry": {"type": "LineString", "coordinates": [[76.7847892, 30.7366553], [76.7855157, 30.7371123], [76.7855332, 30.7371233]]}}, {"type": "Feature", "properties": {"osm_id": 1275179466, "highway": "residential", "name": null, "source": "OpenStreetMap"}, "geometry": {"type": "LineString", "coordinates": [[76.7848574, 30.7365828], [76.7847892, 30.7366553]]}}, {"type": "Feature", "properties": {"osm_id": 1275179467, "highway": "secondary", "name": "Himalaya Marg", "source": "OpenStreetMap"}, "geometry": {"type": "LineString", "coordinates": [[76.7855928, 30.7370499], [76.7849273, 30.7366266], [76.7848574, 30.7365828]]}}, {"type": "Feature", "properties": {"osm_id": 1275183794, "highway": "tertiary", "name": null, "source": "OpenStreetMap"}, "geometry": {"type": "LineString", "coordinates": [[76.7865416, 30.7356083], [76.7864971, 30.7355819], [76.7864555, 30.7355707], [76.7864119, 30.7355695], [76.7863695, 30.7355785], [76.7863452, 30.7355889], [76.7863069, 30.7356166], [76.7862804, 30.7356531], [76.7862682, 30.7356949], [76.7862705, 30.7357338], [76.7862853, 30.7357706], [76.7863114, 30.7358025], [76.7863468, 30.7358268], [76.7863887, 30.7358417], [76.78643, 30.735846], [76.7864711, 30.7358412], [76.7865095, 30.7358274], [76.7865406, 30.7358073], [76.7865652, 30.7357814], [76.7865861, 30.7357379], [76.7865889, 30.735691], [76.7865733, 30.7356459], [76.7865416, 30.7356083]]}}, {"type": "Feature", "properties": {"osm_id": 1275183795, "highway": "tertiary_link", "name": null, "source": "OpenStreetMap"}, "geometry": {"type": "LineString", "coordinates": [[76.7865652, 30.7357814], [76.7868819, 30.7357545]]}}, {"type": "Feature", "properties": {"osm_id": 1275183796, "highway": "tertiary_link", "name": null, "source": "OpenStreetMap"}, "geometry": {"type": "LineString", "coordinates": [[76.7868819, 30.7357545], [76.7865733, 30.7356459]]}}, {"type": "Feature", "properties": {"osm_id": 1275996848, "highway": "residential", "name": null, "source": "OpenStreetMap"}, "geometry": {"type": "LineString", "coordinates": [[76.7719345, 30.734099], [76.7719794, 30.7341757]]}}, {"type": "Feature", "properties": {"osm_id": 1276013954, "highway": "residential", "name": null, "source": "OpenStreetMap"}, "geometry": {"type": "LineString", "coordinates": [[76.7827063, 30.733854], [76.7827571, 30.7338859], [76.7851836, 30.7354127]]}}, {"type": "Feature", "properties": {"osm_id": 1276016483, "highway": "residential", "name": null, "source": "OpenStreetMap"}, "geometry": {"type": "LineString", "coordinates": [[76.782764, 30.7322926], [76.7821068, 30.7330488]]}}, {"type": "Feature", "properties": {"osm_id": 1276016484, "highway": "residential", "name": null, "source": "OpenStreetMap"}, "geometry": {"type": "LineString", "coordinates": [[76.7818989, 30.7333179], [76.7819002, 30.7333581], [76.7819391, 30.7333893], [76.7826778, 30.7338367], [76.7827063, 30.733854]]}}, {"type": "Feature", "properties": {"osm_id": 1276016485, "highway": "footway", "name": null, "source": "OpenStreetMap"}, "geometry": {"type": "LineString", "coordinates": [[76.7813773, 30.7330033], [76.7818989, 30.7333179]]}}, {"type": "Feature", "properties": {"osm_id": 1276018392, "highway": "residential", "name": null, "source": "OpenStreetMap"}, "geometry": {"type": "LineString", "coordinates": [[76.7861586, 30.7349207], [76.7845869, 30.7339543], [76.7845582, 30.7339366]]}}, {"type": "Feature", "properties": {"osm_id": 1276018838, "highway": "residential", "name": null, "source": "OpenStreetMap"}, "geometry": {"type": "LineString", "coordinates": [[76.7834178, 30.7316084], [76.7834715, 30.7315379], [76.7839019, 30.7309732], [76.7839171, 30.7309533]]}}, {"type": "Feature", "properties": {"osm_id": 1276021631, "highway": "residential", "name": null, "source": "OpenStreetMap"}, "geometry": {"type": "LineString", "coordinates": [[76.7835762, 30.7303119], [76.7836408, 30.7303484], [76.7840738, 30.7305929]]}}, {"type": "Feature", "properties": {"osm_id": 1276021632, "highway": "residential", "name": null, "source": "OpenStreetMap"}, "geometry": {"type": "LineString", "coordinates": [[76.7844443, 30.7308905], [76.7844165, 30.7308746], [76.7842014, 30.7307516]]}}, {"type": "Feature", "properties": {"osm_id": 1276021633, "highway": "residential", "name": null, "source": "OpenStreetMap"}, "geometry": {"type": "LineString", "coordinates": [[76.7846103, 30.7309623], [76.784682, 30.7310085], [76.7852035, 30.7313442], [76.7852313, 30.7313621]]}}, {"type": "Feature", "properties": {"osm_id": 1276029960, "highway": "living_street", "name": null, "source": "OpenStreetMap"}, "geometry": {"type": "LineString", "coordinates": [[76.7881447, 30.7318873], [76.7881063, 30.7318636], [76.786941, 30.7311441], [76.786898, 30.7311176], [76.7865092, 30.7308775]]}}, {"type": "Feature", "properties": {"osm_id": 1276039355, "highway": "residential", "name": null, "source": "OpenStreetMap"}, "geometry": {"type": "LineString", "coordinates": [[76.7755311, 30.7286837], [76.7755901, 30.7286079], [76.7764668, 30.7275585]]}}, {"type": "Feature", "properties": {"osm_id": 1276040121, "highway": "living_street", "name": null, "source": "OpenStreetMap"}, "geometry": {"type": "LineString", "coordinates": [[76.7870584, 30.7358798], [76.7870099, 30.7359366], [76.7862574, 30.7368167]]}}, {"type": "Feature", "properties": {"osm_id": 1276041579, "highway": "residential", "name": null, "source": "OpenStreetMap"}, "geometry": {"type": "LineString", "coordinates": [[76.7871541, 30.7364696], [76.7892727, 30.7378014]]}}, {"type": "Feature", "properties": {"osm_id": 1276045104, "highway": "living_street", "name": null, "source": "OpenStreetMap"}, "geometry": {"type": "LineString", "coordinates": [[76.7905447, 30.738086], [76.7899711, 30.7387701], [76.789943, 30.7387701], [76.7895754, 30.7385404], [76.7895076, 30.7384981]]}}, {"type": "Feature", "properties": {"osm_id": 1278058389, "highway": "secondary_link", "name": null, "source": "OpenStreetMap"}, "geometry": {"type": "LineString", "coordinates": [[76.7735277, 30.7396795], [76.773525, 30.7405715]]}}, {"type": "Feature", "properties": {"osm_id": 1278059525, "highway": "secondary_link", "name": null, "source": "OpenStreetMap"}, "geometry": {"type": "LineString", "coordinates": [[76.7751665, 30.7400468], [76.7751174, 30.7397987], [76.7750448, 30.7395539], [76.7749903, 30.7394188], [76.7748753, 30.7391204]]}}, {"type": "Feature", "properties": {"osm_id": 1278087843, "highway": "secondary_link", "name": null, "source": "OpenStreetMap"}, "geometry": {"type": "LineString", "coordinates": [[76.7844027, 30.7281799], [76.7847081, 30.7281498], [76.7848849, 30.7281301], [76.7850142, 30.7281156], [76.7853927, 30.7281005]]}}, {"type": "Feature", "properties": {"osm_id": 1278124188, "highway": "tertiary", "name": null, "source": "OpenStreetMap"}, "geometry": {"type": "LineString", "coordinates": [[76.7858129, 30.7368462], [76.7857634, 30.7368594], [76.7855928, 30.7370499]]}}, {"type": "Feature", "properties": {"osm_id": 1278124189, "highway": "tertiary", "name": null, "source": "OpenStreetMap"}, "geometry": {"type": "LineString", "coordinates": [[76.7855928, 30.7370499], [76.7855332, 30.7371233]]}}, {"type": "Feature", "properties": {"osm_id": 1278124190, "highway": "secondary", "name": "Himalaya Marg", "source": "OpenStreetMap"}, "geometry": {"type": "LineString", "coordinates": [[76.7856413, 30.7370807], [76.7855928, 30.7370499]]}}, {"type": "Feature", "properties": {"osm_id": 1278124191, "highway": "tertiary", "name": null, "source": "OpenStreetMap"}, "geometry": {"type": "LineString", "coordinates": [[76.7856413, 30.7370807], [76.785729, 30.7369782], [76.7858105, 30.7368853], [76.7858129, 30.7368462]]}}, {"type": "Feature", "properties": {"osm_id": 1278124192, "highway": "secondary", "name": "Himalaya Marg", "source": "OpenStreetMap"}, "geometry": {"type": "LineString", "coordinates": [[76.7855332, 30.7371233], [76.7855813, 30.7371521]]}}, {"type": "Feature", "properties": {"osm_id": 1278386476, "highway": "tertiary", "name": null, "source": "OpenStreetMap"}, "geometry": {"type": "LineString", "coordinates": [[76.7733179, 30.7392872], [76.7731965, 30.7393113]]}}, {"type": "Feature", "properties": {"osm_id": 1282669876, "highway": "footway", "name": null, "source": "OpenStreetMap"}, "geometry": {"type": "LineString", "coordinates": [[76.7738981, 30.7300089], [76.7739645, 30.7300466]]}}, {"type": "Feature", "properties": {"osm_id": 1282669877, "highway": "secondary_link", "name": null, "source": "OpenStreetMap"}, "geometry": {"type": "LineString", "coordinates": [[76.7743793, 30.7294388], [76.7742661, 30.7294889], [76.774191, 30.7295615], [76.7741038, 30.7296226], [76.7739911, 30.7296191], [76.7738248, 30.7295419], [76.7736988, 30.7295016], [76.7735928, 30.7295134]]}}, {"type": "Feature", "properties": {"osm_id": 1282669878, "highway": "secondary_link", "name": null, "source": "OpenStreetMap"}, "geometry": {"type": "LineString", "coordinates": [[76.7744831, 30.730071], [76.7744216, 30.7299177], [76.7743358, 30.7297644], [76.7743297, 30.7296308]]}}, {"type": "Feature", "properties": {"osm_id": 1306081184, "highway": "service", "name": null, "source": "OpenStreetMap"}, "geometry": {"type": "LineString", "coordinates": [[76.771859, 30.7314853], [76.7718066, 30.7315491], [76.77151, 30.7319103]]}}, {"type": "Feature", "properties": {"osm_id": 1306083715, "highway": "service", "name": null, "source": "OpenStreetMap"}, "geometry": {"type": "LineString", "coordinates": [[76.770668, 30.7335574], [76.7707897, 30.7336718], [76.7710811, 30.7339234], [76.7711387, 30.7339149]]}}, {"type": "Feature", "properties": {"osm_id": 1306083716, "highway": "service", "name": null, "source": "OpenStreetMap"}, "geometry": {"type": "LineString", "coordinates": [[76.7711387, 30.7339149], [76.7711415, 30.7338598], [76.7707333, 30.7335]]}}, {"type": "Feature", "properties": {"osm_id": 1306083717, "highway": "tertiary", "name": null, "source": "OpenStreetMap"}, "geometry": {"type": "LineString", "coordinates": [[76.7717668, 30.7336003], [76.7718551, 30.7335227], [76.7721005, 30.7331458], [76.7721434, 30.7330288], [76.7722177, 30.7328142], [76.7723997, 30.7325155]]}}, {"type": "Feature", "properties": {"osm_id": 1306083718, "highway": "service", "name": null, "source": "OpenStreetMap"}, "geometry": {"type": "LineString", "coordinates": [[76.7711387, 30.7339149], [76.7712047, 30.7339833], [76.7712659, 30.7340467]]}}, {"type": "Feature", "properties": {"osm_id": 1306083719, "highway": "service", "name": null, "source": "OpenStreetMap"}, "geometry": {"type": "LineString", "coordinates": [[76.7709176, 30.7335491], [76.7707954, 30.733443], [76.7707333, 30.7335], [76.770668, 30.7335574], [76.770391, 30.7338394]]}}, {"type": "Feature", "properties": {"osm_id": 1306083720, "highway": "service", "name": null, "source": "OpenStreetMap"}, "geometry": {"type": "LineString", "coordinates": [[76.7707897, 30.7336718], [76.7705107, 30.7339297]]}}, {"type": "Feature", "properties": {"osm_id": 1306087286, "highway": "tertiary", "name": null, "source": "OpenStreetMap"}, "geometry": {"type": "LineString", "coordinates": [[76.7704998, 30.7345342], [76.7706123, 30.7344644], [76.7711848, 30.7340974], [76.7712659, 30.7340467]]}}, {"type": "Feature", "properties": {"osm_id": 1306087287, "highway": "tertiary", "name": null, "source": "OpenStreetMap"}, "geometry": {"type": "LineString", "coordinates": [[76.7717374, 30.733626], [76.7716675, 30.7336318], [76.7713603, 30.7338772], [76.7712047, 30.7339833], [76.7704547, 30.7344947], [76.7702342, 30.7346773], [76.7702184, 30.7347264]]}}, {"type": "Feature", "properties": {"osm_id": 1306087288, "highway": "tertiary", "name": null, "source": "OpenStreetMap"}, "geometry": {"type": "LineString", "coordinates": [[76.7702184, 30.7347264], [76.7702808, 30.7347018], [76.7704334, 30.7345795], [76.7704998, 30.7345342]]}}, {"type": "Feature", "properties": {"osm_id": 1306087289, "highway": "tertiary", "name": null, "source": "OpenStreetMap"}, "geometry": {"type": "LineString", "coordinates": [[76.7712659, 30.7340467], [76.7716367, 30.7337618], [76.7717214, 30.7336839], [76.7717374, 30.733626]]}}, {"type": "Feature", "properties": {"osm_id": 1306148621, "highway": "service", "name": null, "source": "OpenStreetMap"}, "geometry": {"type": "LineString", "coordinates": [[76.7853003, 30.7359896], [76.7854688, 30.7360751], [76.7855412, 30.7360616], [76.7856244, 30.7359464]]}}, {"type": "Feature", "properties": {"osm_id": 1307200833, "highway": "tertiary", "name": null, "source": "OpenStreetMap"}, "geometry": {"type": "LineString", "coordinates": [[76.7717374, 30.733626], [76.7717668, 30.7336003]]}}, {"type": "Feature", "properties": {"osm_id": 1337917717, "highway": "residential", "name": null, "source": "OpenStreetMap"}, "geometry": {"type": "LineString", "coordinates": [[76.787054, 30.7364066], [76.7871541, 30.7364696]]}}, {"type": "Feature", "properties": {"osm_id": 1355332154, "highway": "living_street", "name": null, "source": "OpenStreetMap"}, "geometry": {"type": "LineString", "coordinates": [[76.7787368, 30.7291756], [76.7786964, 30.7292248], [76.7785865, 30.7293586], [76.7785686, 30.7293803], [76.7783961, 30.7295758], [76.7783307, 30.7296499]]}}, {"type": "Feature", "properties": {"osm_id": 1427566388, "highway": "residential", "name": null, "source": "OpenStreetMap"}, "geometry": {"type": "LineString", "coordinates": [[76.7820458, 30.7296417], [76.781691, 30.730062]]}}, {"type": "Feature", "properties": {"osm_id": 1427566390, "highway": "footway", "name": null, "source": "OpenStreetMap"}, "geometry": {"type": "LineString", "coordinates": [[76.7811289, 30.7295683], [76.7813429, 30.7297066], [76.7813311, 30.7297527], [76.7816405, 30.7299458], [76.7818264, 30.7297481], [76.7811023, 30.7293307], [76.7809454, 30.7295136], [76.7810776, 30.7295967], [76.7811289, 30.7295683]]}}, {"type": "Feature", "properties": {"osm_id": 1451540346, "highway": "tertiary", "name": null, "source": "OpenStreetMap"}, "geometry": {"type": "LineString", "coordinates": [[76.772735, 30.731992], [76.7729235, 30.7316826], [76.772899, 30.7316372], [76.7728356, 30.7316528], [76.7726357, 30.7319467]]}}, {"type": "Feature", "properties": {"osm_id": 1451540347, "highway": "tertiary", "name": null, "source": "OpenStreetMap"}, "geometry": {"type": "LineString", "coordinates": [[76.7725813, 30.7319596], [76.7724067, 30.7318504], [76.772353, 30.7318451], [76.7723592, 30.7318894], [76.7725247, 30.7320281]]}}, {"type": "Feature", "properties": {"osm_id": 1451540348, "highway": "tertiary", "name": null, "source": "OpenStreetMap"}, "geometry": {"type": "LineString", "coordinates": [[76.7725512, 30.7321109], [76.7723886, 30.7324531], [76.7723997, 30.7325155], [76.7724773, 30.7324882], [76.7726634, 30.7321425]]}}, {"type": "Feature", "properties": {"osm_id": 1451540349, "highway": "tertiary", "name": null, "source": "OpenStreetMap"}, "geometry": {"type": "LineString", "coordinates": [[76.7727003, 30.7321285], [76.772916, 30.732214], [76.7729563, 30.7322091], [76.7729507, 30.7321718], [76.7727519, 30.7320623]]}}, {"type": "Feature", "properties": {"osm_id": 1481032672, "highway": "path", "name": null, "source": "OpenStreetMap"}, "geometry": {"type": "LineString", "coordinates": [[76.788881, 30.7309484], [76.7888309, 30.7310028]]}}]}